사고번호,사고일시,요일,시군구,사고내용,사망자수,중상자수,경상자수,부상신고자수,사고유형,법규위반,노면상태,기상상태,도로형태,가해운전자 차종,가해운전자 성별,가해운전자 연령,가해운전자 상해정도,피해운전자 차종,피해운전자 성별,피해운전자 연령,피해운전자 상해정도
2017012300100689,2017년 1월 23일 23시,월요일,울산광역시 남구 달동,경상사고,0,0,2,1,차대차 - 측면충돌,신호위반,건조,맑음,교차로 - 교차로안,승용,남,44세,기타불명,승용,남,53세,경상
2017012400100101,2017년 1월 24일 06시,화요일,울산광역시 중구 반구동,경상사고,0,0,1,0,차대차 - 기타,안전운전불이행,건조,맑음,교차로 - 교차로부근,승용,여,31세,경상,승합,여,65세,상해없음
2017012400100123,2017년 1월 24일 07시,화요일,울산광역시 남구 신정동,경상사고,0,0,1,0,차대차 - 기타,안전운전불이행,건조,맑음,교차로 - 교차로부근,승용,남,41세,상해없음,이륜,남,22세,경상
2017012400100124,2017년 1월 24일 07시,화요일,울산광역시 동구 동부동,경상사고,0,0,1,0,차대차 - 기타,교차로운행방법위반,건조,맑음,교차로 - 교차로부근,승용,남,35세,상해없음,원동기,남,53세,경상
2017012400100223,2017년 1월 24일 10시,화요일,울산광역시 울주군 상북면,경상사고,0,0,1,0,차대차 - 측면충돌,교차로운행방법위반,건조,맑음,교차로 - 교차로안,승용,남,52세,상해없음,승용,남,68세,경상
2017012400100262,2017년 1월 24일 11시,화요일,울산광역시 남구 상개동,중상사고,0,1,0,0,차대차 - 측면충돌,중앙선침범,건조,맑음,단일로 - 기타,화물,남,68세,상해없음,승용,남,63세,중상
2017012400100263,2017년 1월 24일 11시,화요일,울산광역시 남구 신정동,부상신고사고,0,0,0,1,차대차 - 추돌,안전운전불이행,건조,맑음,교차로 - 교차로부근,화물,남,58세,상해없음,승용,여,37세,부상신고
2017012400100264,2017년 1월 24일 11시,화요일,울산광역시 울주군 청량면,경상사고,0,0,2,0,차대차 - 측면충돌,직진우회전진행방해,건조,맑음,교차로 - 교차로안,화물,남,33세,상해없음,승용,남,29세,경상
2017012400100343,2017년 1월 24일 13시,화요일,울산광역시 남구 야음동,경상사고,0,0,1,0,차대차 - 추돌,안전운전불이행,건조,맑음,교차로 - 교차로안,승용,남,32세,상해없음,승용,여,32세,경상
2017012400100422,2017년 1월 24일 15시,화요일,울산광역시 북구 천곡동,중상사고,0,1,0,0,차대사람 - 횡단중,교차로운행방법위반,건조,맑음,교차로 - 교차로안,승용,남,26세,상해없음,보행자,여,66세,중상
2017012400100508,2017년 1월 24일 17시,화요일,울산광역시 중구 복산동,중상사고,0,1,0,0,차량단독 - 전도전복 - 전도,안전운전불이행,건조,맑음,단일로 - 기타,승합,남,48세,상해없음,,,,
2017012400100509,2017년 1월 24일 17시,화요일,울산광역시 남구 무거동,중상사고,0,1,0,0,차대차 - 측면충돌,중앙선침범,건조,맑음,단일로 - 기타,승용,남,27세,상해없음,이륜,남,17세,중상
2017012400100561,2017년 1월 24일 18시,화요일,울산광역시 남구 야음동,중상사고,0,1,0,0,차대차 - 기타,안전운전불이행,건조,맑음,교차로 - 교차로부근,승용,여,37세,상해없음,이륜,남,44세,중상
2017012400100562,2017년 1월 24일 18시,화요일,울산광역시 동구 서부동,경상사고,0,0,1,0,차대차 - 측면충돌,신호위반,건조,맑음,교차로 - 교차로안,승용,여,25세,상해없음,이륜,남,28세,경상
2017012400100610,2017년 1월 24일 19시,화요일,울산광역시 중구 태화동,중상사고,0,1,2,0,차대차 - 측면충돌,신호위반,건조,맑음,교차로 - 교차로안,화물,여,52세,중상,승용,남,52세,경상
2017012400100655,2017년 1월 24일 20시,화요일,울산광역시 중구 약사동,경상사고,0,0,1,0,차대차 - 추돌,안전운전불이행,건조,맑음,단일로 - 기타,승용,남,27세,상해없음,화물,남,55세,경상
2017012400100656,2017년 1월 24일 20시,화요일,울산광역시 북구 호계동,경상사고,0,0,1,0,차대차 - 측면충돌,안전운전불이행,건조,맑음,단일로 - 기타,승용,여,45세,상해없음,승용,남,39세,경상
2017012400100685,2017년 1월 24일 21시,화요일,울산광역시 남구 삼산동,경상사고,0,0,1,0,차대차 - 측면충돌,신호위반,건조,맑음,교차로 - 교차로안,승용,남,67세,상해없음,원동기,남,27세,경상
2017012400100715,2017년 1월 24일 22시,화요일,울산광역시 동구 서부동,경상사고,0,0,1,0,차대차 - 측면충돌,중앙선침범,건조,맑음,단일로 - 기타,승용,남,59세,상해없음,승용,남,32세,경상
2017012500100037,2017년 1월 25일 00시,수요일,울산광역시 남구 옥동,경상사고,0,0,1,0,차대차 - 추돌,안전운전불이행,건조,맑음,단일로 - 기타,승용,남,29세,상해없음,화물,남,53세,경상
2017012500100131,2017년 1월 25일 07시,수요일,울산광역시 울주군 언양읍,부상신고사고,0,0,0,1,차대사람 - 횡단중,안전운전불이행,건조,맑음,교차로 - 교차로부근,승용,남,56세,상해없음,보행자,여,31세,부상신고
2017012500100179,2017년 1월 25일 08시,수요일,울산광역시 울주군 언양읍,경상사고,0,0,3,0,차대차 - 정면충돌,중앙선침범,건조,맑음,단일로 - 기타,승용,남,50세,상해없음,승합,남,52세,경상
2017012500100218,2017년 1월 25일 09시,수요일,울산광역시 남구 삼산동,경상사고,0,0,1,0,차대사람 - 횡단중,안전운전불이행,건조,맑음,교차로 - 교차로안,승용,남,36세,상해없음,보행자,여,56세,경상
2017012500100250,2017년 1월 25일 10시,수요일,울산광역시 울주군 온양읍,부상신고사고,0,0,0,1,차대사람 - 횡단중,보행자보호의무위반,건조,맑음,교차로 - 교차로안,기타불명,기타불명,미분류,기타불명,보행자,여,40세,부상신고
2017012500100278,2017년 1월 25일 11시,수요일,울산광역시 울주군 언양읍,중상사고,0,1,0,0,차대사람 - 기타,안전운전불이행,건조,맑음,기타 - 기타,승용,남,70세,상해없음,보행자,여,58세,중상
2017012500100314,2017년 1월 25일 12시,수요일,울산광역시 남구 신정동,경상사고,0,0,1,0,차대차 - 기타,안전운전불이행,건조,맑음,단일로 - 기타,승용,남,55세,상해없음,승용,여,57세,경상
2017012500100357,2017년 1월 25일 13시,수요일,울산광역시 중구 교동,중상사고,0,1,0,0,차량단독 - 공작물충돌,안전운전불이행,건조,맑음,교차로 - 교차로부근,승용,남,57세,중상,,,,
2017012500100394,2017년 1월 25일 14시,수요일,울산광역시 중구 옥교동,중상사고,0,1,0,0,차대차 - 기타,신호위반,건조,맑음,기타 - 기타,이륜,남,74세,상해없음,승용,남,40세,상해없음
2017012500100395,2017년 1월 25일 14시,수요일,울산광역시 동구 일산동,중상사고,0,1,0,0,차대사람 - 횡단중,신호위반,건조,맑음,교차로 - 교차로횡단보도내,승용,남,20세,상해없음,보행자,여,60세,중상
2017012500100475,2017년 1월 25일 16시,수요일,울산광역시 울주군 청량면,경상사고,0,0,2,0,차대차 - 측면충돌,안전운전불이행,건조,맑음,단일로 - 기타,승용,남,55세,경상,화물,남,29세,경상
2017012500100592,2017년 1월 25일 18시,수요일,울산광역시 울주군 온산읍,경상사고,0,0,1,1,차대사람 - 횡단중,안전운전불이행,건조,맑음,교차로 - 교차로안,이륜,남,38세,상해없음,보행자,여,31세,부상신고
2017012500100725,2017년 1월 25일 21시,수요일,울산광역시 남구 무거동,경상사고,0,0,2,0,차대사람 - 횡단중,신호위반,건조,맑음,교차로 - 교차로안,이륜,남,28세,경상,보행자,여,54세,경상
2017012600100115,2017년 1월 26일 06시,목요일,울산광역시 북구 중산동,경상사고,0,0,1,0,차대차 - 측면충돌,안전거리미확보,건조,맑음,단일로 - 기타,승용,여,41세,상해없음,승용,남,54세,경상
2017012600100206,2017년 1월 26일 09시,목요일,울산광역시 남구 신정동,경상사고,0,0,1,0,차대차 - 기타,안전운전불이행,기타,맑음,단일로 - 기타,승용,여,52세,상해없음,자전거,남,66세,경상
2017012600100207,2017년 1월 26일 09시,목요일,울산광역시 남구 달동,경상사고,0,0,1,0,차대차 - 추돌,안전운전불이행,건조,맑음,교차로 - 교차로부근,승용,남,27세,상해없음,승용,여,53세,경상
2017012600100357,2017년 1월 26일 13시,목요일,울산광역시 울주군 온산읍,경상사고,0,0,1,0,차대사람 - 횡단중,안전운전불이행,건조,맑음,교차로 - 교차로안,승용,남,24세,상해없음,보행자,여,75세,경상
2017012600100415,2017년 1월 26일 14시,목요일,울산광역시 남구 무거동,중상사고,0,1,0,0,차대차 - 측면충돌,안전운전불이행,건조,맑음,기타 - 기타,승용,남,54세,상해없음,승용,여,49세,중상
2017012600100472,2017년 1월 26일 15시,목요일,울산광역시 중구 복산동,경상사고,0,0,1,0,차대차 - 측면충돌,신호위반,건조,맑음,교차로 - 교차로안,이륜,남,70세,경상,건설기계,남,36세,상해없음
2017012600100516,2017년 1월 26일 16시,목요일,울산광역시 중구 태화동,중상사고,0,1,0,0,차대사람 - 횡단중,안전운전불이행,건조,맑음,단일로 - 기타,승용,남,36세,상해없음,보행자,여,62세,중상
2017012600100517,2017년 1월 26일 16시,목요일,울산광역시 동구 방어동,중상사고,0,1,0,0,차대차 - 기타,안전운전불이행,건조,맑음,단일로 - 기타,승용,여,52세,상해없음,이륜,여,57세,중상
2017012600100621,2017년 1월 26일 18시,목요일,울산광역시 중구 성남동,경상사고,0,0,1,0,차대차 - 기타,안전운전불이행,건조,맑음,단일로 - 기타,기타불명,기타불명,미분류,기타불명,이륜,남,25세,경상
2017012600100622,2017년 1월 26일 18시,목요일,울산광역시 중구 반구동,경상사고,0,0,1,0,차대차 - 기타,안전운전불이행,건조,맑음,단일로 - 기타,승용,남,66세,상해없음,승용,여,28세,경상
2017012600100623,2017년 1월 26일 18시,목요일,울산광역시 북구 양정동,경상사고,0,0,2,0,차대차 - 정면충돌,안전운전불이행,건조,맑음,단일로 - 기타,승용,남,30세,상해없음,승용,남,62세,경상
2017012600100624,2017년 1월 26일 18시,목요일,울산광역시 울주군 범서읍,경상사고,0,0,1,0,차대사람 - 횡단중,안전운전불이행,건조,맑음,단일로 - 기타,승용,여,50세,상해없음,보행자,여,4세,경상
2017012600100675,2017년 1월 26일 19시,목요일,울산광역시 남구 신정동,경상사고,0,0,1,0,차대차 - 추돌,안전운전불이행,건조,맑음,교차로 - 교차로부근,승용,남,55세,상해없음,승용,여,32세,경상
2017012600100722,2017년 1월 26일 20시,목요일,울산광역시 울주군 범서읍,경상사고,0,0,2,0,차대차 - 추돌,안전거리미확보,건조,맑음,단일로 - 기타,승용,남,36세,상해없음,승용,남,22세,경상
2017012600100794,2017년 1월 26일 22시,목요일,울산광역시 남구 삼산동,경상사고,0,0,1,0,차대사람 - 횡단중,안전운전불이행,건조,맑음,교차로 - 교차로안,승용,여,49세,상해없음,보행자,여,53세,경상
2017012700100082,2017년 1월 27일 02시,금요일,울산광역시 북구 송정동,경상사고,0,0,1,0,차대차 - 기타,안전운전불이행,건조,맑음,교차로 - 교차로부근,승용,남,25세,상해없음,승용,남,27세,경상
2017012700100083,2017년 1월 27일 02시,금요일,울산광역시 울주군 범서읍,부상신고사고,0,0,0,1,차대사람 - 기타,안전운전불이행,건조,맑음,교차로 - 교차로부근,승용,남,25세,상해없음,보행자,남,20세,부상신고
2017012700100186,2017년 1월 27일 10시,금요일,울산광역시 남구 달동,부상신고사고,0,0,0,1,차대차 - 추돌,안전운전불이행,건조,맑음,단일로 - 기타,승용,남,29세,상해없음,승용,남,50세,부상신고
2017012700100270,2017년 1월 27일 13시,금요일,울산광역시 중구 학산동,중상사고,0,1,0,0,차대사람 - 횡단중,안전운전불이행,건조,맑음,교차로 - 교차로안,승용,남,27세,상해없음,보행자,여,72세,중상
2017012700100308,2017년 1월 27일 15시,금요일,울산광역시 남구 신정동,경상사고,0,0,2,0,차대차 - 측면충돌,안전거리미확보,건조,맑음,교차로 - 교차로부근,승용,여,51세,상해없음,승용,남,33세,경상
2017012700100404,2017년 1월 27일 19시,금요일,울산광역시 울주군 삼남면,경상사고,0,0,1,0,차대차 - 측면충돌,교차로운행방법위반,건조,맑음,교차로 - 교차로안,승용,여,48세,상해없음,자전거,남,51세,경상
2017012700100474,2017년 1월 27일 23시,금요일,울산광역시 울주군 온양읍,중상사고,0,1,0,0,차대사람 - 횡단중,보행자보호의무위반,건조,맑음,교차로 - 교차로횡단보도내,승용,여,54세,상해없음,보행자,남,57세,중상
2017012800100028,2017년 1월 28일 01시,토요일,울산광역시 남구 신정동,중상사고,0,1,0,0,차대차 - 기타,신호위반,건조,맑음,교차로 - 교차로안,승용,남,48세,상해없음,이륜,남,23세,중상
2017012800100029,2017년 1월 28일 01시,토요일,울산광역시 남구 달동,경상사고,0,0,1,0,차대사람 - 기타,안전운전불이행,기타,기타,단일로 - 기타,승용,남,58세,상해없음,보행자,남,58세,경상
2017012800100036,2017년 1월 28일 02시,토요일,울산광역시 북구 명촌동,부상신고사고,0,0,0,1,차대차 - 추돌,안전운전불이행,건조,맑음,교차로 - 교차로부근,이륜,남,26세,부상신고,승용,남,23세,상해없음
2017012800100057,2017년 1월 28일 06시,토요일,울산광역시 남구 달동,경상사고,0,0,1,0,차대사람 - 횡단중,신호위반,건조,맑음,교차로 - 교차로안,승합,남,28세,상해없음,보행자,남,25세,경상
2017012800100121,2017년 1월 28일 11시,토요일,울산광역시 남구 신정동,중상사고,0,1,1,0,차대차 - 기타,교차로운행방법위반,건조,기타,교차로 - 교차로안,승용,남,56세,상해없음,승용,여,35세,경상
2017012800100163,2017년 1월 28일 14시,토요일,울산광역시 울주군 언양읍,경상사고,0,0,4,0,차대차 - 추돌,안전거리미확보,건조,맑음,단일로 - 기타,승용,여,48세,상해없음,승용,남,48세,경상
2017012800100348,2017년 1월 28일 23시,토요일,울산광역시 남구 삼산동,경상사고,0,0,1,0,차대차 - 추돌,안전운전불이행,건조,맑음,교차로 - 교차로부근,승용,남,25세,상해없음,승용,남,52세,경상
2017012900100057,2017년 1월 29일 04시,일요일,울산광역시 남구 신정동,중상사고,0,1,2,0,차대차 - 추돌,안전운전불이행,건조,맑음,교차로 - 교차로부근,승용,남,26세,상해없음,승용,남,24세,경상
2017012900100080,2017년 1월 29일 06시,일요일,울산광역시 남구 신정동,경상사고,0,0,2,0,차대차 - 측면충돌,신호위반,건조,맑음,교차로 - 교차로안,승용,남,33세,상해없음,승합,남,50세,경상
2017012900100123,2017년 1월 29일 10시,일요일,울산광역시 울주군 범서읍,중상사고,0,1,2,0,차대차 - 정면충돌,중앙선침범,젖음/습기,비,단일로 - 기타,화물,남,61세,중상,승용,남,49세,경상
2017012900100203,2017년 1월 29일 16시,일요일,울산광역시 북구 명촌동,중상사고,0,1,1,0,차대차 - 측면충돌,교차로운행방법위반,건조,맑음,교차로 - 교차로안,승용,남,26세,상해없음,승용,남,33세,중상
2017012900100204,2017년 1월 29일 16시,일요일,울산광역시 남구 삼산동,중상사고,0,1,0,0,차대사람 - 횡단중,보행자보호의무위반,건조,맑음,단일로 - 기타,승용,남,48세,상해없음,보행자,남,24세,중상
2017012900100253,2017년 1월 29일 18시,일요일,울산광역시 남구 달동,경상사고,0,0,1,0,차대차 - 측면충돌,직진우회전진행방해,건조,맑음,교차로 - 교차로안,승용,남,53세,상해없음,원동기,남,20세,경상
2017012900100343,2017년 1월 29일 22시,일요일,울산광역시 남구 무거동,경상사고,0,0,1,0,차대차 - 측면충돌,차로위반,건조,맑음,교차로 - 교차로안,승용,여,60세,상해없음,승용,남,25세,경상
2017013000100036,2017년 1월 30일 01시,월요일,울산광역시 남구 삼산동,경상사고,0,0,1,0,차대사람 - 횡단중,안전운전불이행,건조,맑음,단일로 - 기타,기타불명,기타불명,미분류,기타불명,보행자,남,40세,경상
2017013000100037,2017년 1월 30일 01시,월요일,울산광역시 북구 양정동,경상사고,0,0,2,0,차대차 - 추돌,안전거리미확보,젖음/습기,비,교차로 - 교차로부근,승용,남,57세,상해없음,화물,남,47세,경상
2017013000100056,2017년 1월 30일 03시,월요일,울산광역시 남구 신정동,경상사고,0,0,1,0,차대차 - 추돌,안전운전불이행,건조,맑음,교차로 - 교차로부근,승용,남,37세,상해없음,승용,남,38세,경상
2017013000100057,2017년 1월 30일 03시,월요일,울산광역시 남구 달동,중상사고,0,1,1,0,차대사람 - 횡단중,안전운전불이행,건조,맑음,단일로 - 기타,승용,여,16세,상해없음,보행자,여,21세,경상
2017013000100097,2017년 1월 30일 08시,월요일,울산광역시 남구 옥동,중상사고,0,1,0,0,차대차 - 측면충돌,차로위반,건조,맑음,단일로 - 기타,승용,남,23세,상해없음,승용,남,47세,중상
2017013000100207,2017년 1월 30일 14시,월요일,울산광역시 동구 화정동,중상사고,0,1,0,0,차대차 - 기타,기타,건조,맑음,단일로 - 기타,승용,남,37세,상해없음,이륜,남,36세,중상
2017013000100289,2017년 1월 30일 18시,월요일,울산광역시 울주군 웅촌면,중상사고,0,2,0,0,차대차 - 측면충돌,중앙선침범,건조,맑음,단일로 - 기타,원동기,남,17세,중상,승용,남,54세,중상
2017013100100028,2017년 1월 31일 00시,화요일,울산광역시 중구 장현동,중상사고,0,2,0,1,차대차 - 정면충돌,중앙선침범,건조,맑음,단일로 - 기타,승합,남,20세,부상신고,승용,남,23세,중상
2017013100100163,2017년 1월 31일 11시,화요일,울산광역시 남구 두왕동,중상사고,0,1,13,0,차대차 - 추돌,안전운전불이행,건조,맑음,단일로 - 기타,승합,남,30세,상해없음,승합,남,50세,상해없음
2017013100100164,2017년 1월 31일 11시,화요일,울산광역시 울주군 범서읍,경상사고,0,0,1,0,차대차 - 정면충돌,중앙선침범,건조,맑음,단일로 - 기타,승용,남,57세,상해없음,승용,남,53세,경상
2017013100100190,2017년 1월 31일 12시,화요일,울산광역시 울주군 웅촌면,경상사고,0,0,2,2,차대차 - 정면충돌,중앙선침범,건조,맑음,단일로 - 기타,승용,남,29세,상해없음,화물,남,62세,경상
2017013100100217,2017년 1월 31일 13시,화요일,울산광역시 북구 매곡동,경상사고,0,0,1,0,차대차 - 측면충돌,중앙선침범,건조,맑음,단일로 - 기타,승용,여,43세,상해없음,승용,여,40세,경상
2017013100100218,2017년 1월 31일 13시,화요일,울산광역시 남구 무거동,중상사고,0,1,0,0,차대사람 - 횡단중,신호위반,건조,맑음,단일로 - 기타,승용,여,57세,상해없음,보행자,여,19세,중상
2017013100100283,2017년 1월 31일 15시,화요일,울산광역시 남구 무거동,중상사고,0,1,0,0,차대사람 - 횡단중,안전운전불이행,건조,맑음,교차로 - 교차로안,승용,여,53세,상해없음,보행자,여,61세,중상
2017013100100315,2017년 1월 31일 16시,화요일,울산광역시 중구 반구동,중상사고,0,1,0,0,차대사람 - 횡단중,안전운전불이행,건조,맑음,단일로 - 기타,승용,남,54세,상해없음,보행자,여,55세,중상
2017013100100387,2017년 1월 31일 19시,화요일,울산광역시 동구 전하동,경상사고,0,0,1,0,차대사람 - 횡단중,안전운전불이행,건조,맑음,교차로 - 교차로부근,기타불명,기타불명,미분류,기타불명,보행자,남,62세,경상
2017013100100446,2017년 1월 31일 21시,화요일,울산광역시 동구 방어동,중상사고,0,1,0,0,차대사람 - 기타,안전운전불이행,건조,맑음,기타 - 기타,승용,남,57세,상해없음,보행자,남,76세,중상
2017020100100076,2017년 2월 1일 06시,수요일,울산광역시 중구 학성동,중상사고,0,1,0,0,차대차 - 측면충돌,안전운전불이행,건조,맑음,교차로 - 교차로부근,자전거,남,84세,중상,승용,남,65세,상해없음
2017020100100077,2017년 2월 1일 06시,수요일,울산광역시 울주군 온산읍,중상사고,0,1,0,0,차대차 - 측면충돌,신호위반,건조,맑음,교차로 - 교차로안,승용,여,47세,상해없음,이륜,남,51세,중상
2017020100100121,2017년 2월 1일 08시,수요일,울산광역시 북구 창평동,중상사고,0,1,0,0,차대사람 - 횡단중,안전운전불이행,건조,맑음,교차로 - 교차로횡단보도내,이륜,남,35세,중상,보행자,남,18세,상해없음
2017020100100154,2017년 2월 1일 10시,수요일,울산광역시 남구 선암동,경상사고,0,0,2,0,차대차 - 추돌,안전거리미확보,건조,맑음,단일로 - 기타,승용,남,39세,상해없음,승용,남,47세,경상
2017020100100249,2017년 2월 1일 14시,수요일,울산광역시 북구 화봉동,경상사고,0,0,1,0,차대차 - 측면충돌,안전거리미확보,건조,맑음,단일로 - 기타,승용,여,37세,상해없음,이륜,남,36세,경상
2017020100100345,2017년 2월 1일 17시,수요일,울산광역시 북구 연암동,경상사고,0,0,1,1,차대차 - 추돌,안전운전불이행,건조,맑음,교차로 - 교차로안,화물,남,51세,부상신고,승용,남,47세,경상
2017020100100346,2017년 2월 1일 17시,수요일,울산광역시 남구 야음동,경상사고,0,0,1,0,차대사람 - 횡단중,안전운전불이행,건조,맑음,교차로 - 교차로부근,승용,남,60세,상해없음,보행자,남,7세,경상
2017020100100347,2017년 2월 1일 17시,수요일,울산광역시 울주군 온산읍,경상사고,0,0,1,0,차대차 - 정면충돌,중앙선침범,건조,맑음,단일로 - 기타,승용,여,40세,상해없음,이륜,남,55세,경상
2017020100100381,2017년 2월 1일 18시,수요일,울산광역시 중구 우정동,경상사고,0,0,1,1,차대차 - 추돌,안전운전불이행,건조,맑음,단일로 - 기타,승용,여,45세,부상신고,승용,여,32세,경상
2017020100100382,2017년 2월 1일 18시,수요일,울산광역시 중구 우정동,경상사고,0,0,1,1,차대차 - 추돌,차로위반,건조,맑음,단일로 - 기타,승용,남,27세,부상신고,승용,여,58세,경상
2017020100100461,2017년 2월 1일 22시,수요일,울산광역시 중구 복산동,경상사고,0,0,1,0,차대사람 - 횡단중,기타,건조,맑음,교차로 - 교차로부근,승합,남,53세,상해없음,보행자,여,17세,경상
2017020200100082,2017년 2월 2일 07시,목요일,울산광역시 동구 일산동,경상사고,0,0,1,0,차대차 - 기타,교차로운행방법위반,건조,맑음,교차로 - 교차로안,승용,남,64세,상해없음,이륜,남,45세,경상
2017020200100083,2017년 2월 2일 07시,목요일,울산광역시 울주군 온산읍,중상사고,0,1,0,0,차대차 - 측면충돌,안전거리미확보,건조,맑음,단일로 - 기타,승용,남,35세,상해없음,이륜,남,26세,중상
2017020200100116,2017년 2월 2일 08시,목요일,울산광역시 울주군 범서읍,경상사고,0,0,1,0,차대차 - 측면충돌,안전거리미확보,건조,맑음,단일로 - 기타,특수,남,49세,상해없음,승합,남,54세,상해없음
2017020200100142,2017년 2월 2일 09시,목요일,울산광역시 북구 명촌동,경상사고,0,0,1,0,차대차 - 측면충돌,안전거리미확보,건조,맑음,단일로 - 기타,승용,남,44세,상해없음,승용,남,70세,경상
2017020200100159,2017년 2월 2일 10시,목요일,울산광역시 남구 달동,경상사고,0,0,1,0,차대차 - 측면충돌,교차로운행방법위반,건조,맑음,교차로 - 교차로안,화물,남,50세,상해없음,승용,남,38세,경상
2017020200100175,2017년 2월 2일 11시,목요일,울산광역시 남구 야음동,중상사고,0,1,0,0,차대사람 - 횡단중,보행자보호의무위반,건조,맑음,교차로 - 교차로횡단보도내,승용,여,53세,상해없음,보행자,남,71세,중상
2017020200100196,2017년 2월 2일 12시,목요일,울산광역시 남구 삼산동,경상사고,0,0,1,0,차대사람 - 차도통행중,안전운전불이행,건조,맑음,단일로 - 기타,승용,여,51세,상해없음,보행자,남,25세,경상
2017020200100224,2017년 2월 2일 13시,목요일,울산광역시 동구 일산동,경상사고,0,0,1,0,차대차 - 추돌,안전운전불이행,건조,맑음,교차로 - 교차로부근,승용,남,20세,상해없음,승용,여,43세,경상
2017020200100272,2017년 2월 2일 15시,목요일,울산광역시 북구 효문동,중상사고,0,1,0,0,차대차 - 기타,기타,건조,맑음,단일로 - 기타,기타불명,기타불명,미분류,기타불명,승용,남,31세,중상
2017020200100306,2017년 2월 2일 16시,목요일,울산광역시 남구 신정동,경상사고,0,0,3,0,차대차 - 측면충돌,중앙선침범,건조,맑음,교차로 - 교차로부근,승용,남,59세,상해없음,승용,여,44세,경상
2017020200100307,2017년 2월 2일 16시,목요일,울산광역시 동구 서부동,경상사고,0,0,1,0,차대차 - 측면충돌,안전운전불이행,건조,맑음,단일로 - 기타,이륜,남,68세,경상,승용,남,43세,상해없음
2017020200100308,2017년 2월 2일 16시,목요일,울산광역시 울주군 온양읍,중상사고,0,1,0,0,차대차 - 측면충돌,안전운전불이행,건조,맑음,단일로 - 기타,건설기계,남,59세,상해없음,승용,남,25세,중상
2017020200100309,2017년 2월 2일 16시,목요일,울산광역시 울주군 언양읍,경상사고,0,0,1,0,차대사람 - 횡단중,보행자보호의무위반,건조,맑음,교차로 - 교차로안,화물,남,56세,상해없음,보행자,여,27세,경상
2017020200100467,2017년 2월 2일 21시,목요일,울산광역시 동구 방어동,중상사고,0,1,0,0,차량단독 - 전도전복 - 전도,안전운전불이행,건조,맑음,교차로 - 교차로부근,이륜,남,28세,중상,,,,
2017020200100468,2017년 2월 2일 21시,목요일,울산광역시 울주군 청량면,사망사고,1,0,1,1,차대차 - 정면충돌,중앙선침범,건조,맑음,단일로 - 고가도로위,승용,남,53세,사망,승용,남,26세,부상신고
2017020200100508,2017년 2월 2일 23시,목요일,울산광역시 중구 옥교동,중상사고,0,1,0,0,차대사람 - 횡단중,안전운전불이행,건조,맑음,교차로 - 교차로횡단보도내,승용,여,70세,상해없음,보행자,남,20세,중상
2017020300100037,2017년 2월 3일 00시,금요일,울산광역시 남구 무거동,중상사고,0,1,0,0,차대차 - 추돌,안전운전불이행,건조,맑음,단일로 - 기타,승용,남,28세,중상,승용,남,56세,상해없음
2017020300100149,2017년 2월 3일 08시,금요일,울산광역시 울주군 삼남면,경상사고,0,0,2,0,차대차 - 추돌,안전거리미확보,건조,맑음,단일로 - 기타,승용,남,61세,상해없음,승용,남,28세,경상
2017020300100240,2017년 2월 3일 12시,금요일,울산광역시 울주군 삼남면,부상신고사고,0,0,0,1,차대차 - 측면충돌,신호위반,건조,맑음,교차로 - 교차로안,승용,여,35세,상해없음,승합,남,58세,상해없음
2017020300100264,2017년 2월 3일 13시,금요일,울산광역시 남구 달동,중상사고,0,1,0,0,차대차 - 측면충돌,신호위반,건조,맑음,교차로 - 교차로안,승용,남,71세,상해없음,원동기,남,27세,중상
2017020300100287,2017년 2월 3일 14시,금요일,울산광역시 중구 남외동,경상사고,0,0,1,0,차대차 - 측면충돌,교차로운행방법위반,건조,맑음,교차로 - 교차로안,승용,여,47세,상해없음,원동기,남,27세,경상
2017020300100313,2017년 2월 3일 15시,금요일,울산광역시 남구 신정동,중상사고,0,3,1,0,차대차 - 정면충돌,중앙선침범,건조,맑음,단일로 - 기타,이륜,남,16세,경상,승용,남,23세,중상
2017020300100342,2017년 2월 3일 16시,금요일,울산광역시 남구 옥동,경상사고,0,0,1,0,차대차 - 기타,안전운전불이행,건조,맑음,교차로 - 교차로부근,원동기,남,37세,경상,승용,남,45세,상해없음
2017020300100375,2017년 2월 3일 17시,금요일,울산광역시 중구 유곡동,경상사고,0,0,1,0,차대사람 - 횡단중,신호위반,건조,맑음,교차로 - 교차로안,승용,여,56세,상해없음,보행자,여,23세,경상
2017020300100376,2017년 2월 3일 17시,금요일,울산광역시 울주군 온양읍,경상사고,0,0,1,0,차대차 - 추돌,안전거리미확보,건조,맑음,단일로 - 기타,이륜,남,35세,경상,승용,남,41세,상해없음
2017020300100407,2017년 2월 3일 18시,금요일,울산광역시 울주군 웅촌면,사망사고,1,0,0,0,차대사람 - 횡단중,안전운전불이행,건조,맑음,단일로 - 기타,화물,남,46세,상해없음,보행자,남,54세,사망