사고번호,사고일시,요일,시군구,사고내용,사망자수,중상자수,경상자수,부상신고자수,사고유형,법규위반,노면상태,기상상태,도로형태,가해운전자 차종,가해운전자 성별,가해운전자 연령,가해운전자 상해정도,피해운전자 차종,피해운전자 성별,피해운전자 연령,피해운전자 상해정도
2017022600100171,2017년 2월 26일 11시,일요일,울산광역시 중구 우정동,경상사고,0,0,3,0,차대차 - 추돌,안전운전불이행,건조,맑음,단일로 - 기타,승용,여,52세,경상,승용,남,49세,경상
2017022600100387,2017년 2월 26일 20시,일요일,울산광역시 남구 무거동,중상사고,0,2,0,0,차대차 - 측면충돌,신호위반,건조,맑음,교차로 - 교차로안,기타불명,기타불명,미분류,기타불명,승용,남,51세,중상
2017022600100428,2017년 2월 26일 22시,일요일,울산광역시 북구 천곡동,경상사고,0,0,1,0,차대차 - 추돌,안전운전불이행,건조,맑음,단일로 - 기타,화물,남,40세,경상,화물,남,40세,기타불명
2017022700100076,2017년 2월 27일 06시,월요일,울산광역시 중구 학성동,중상사고,0,1,0,0,차대차 - 측면충돌,안전거리미확보,건조,맑음,단일로 - 기타,자전거,남,76세,중상,승합,남,56세,상해없음
2017022700100077,2017년 2월 27일 06시,월요일,울산광역시 남구 무거동,경상사고,0,0,1,0,차대차 - 측면충돌,안전운전불이행,건조,맑음,단일로 - 기타,이륜,남,16세,상해없음,기타불명,기타불명,미분류,기타불명
2017022700100103,2017년 2월 27일 07시,월요일,울산광역시 북구 명촌동,중상사고,0,1,0,0,차대차 - 측면충돌,안전거리미확보,건조,맑음,단일로 - 기타,승용,남,29세,상해없음,이륜,남,34세,중상
2017022700100379,2017년 2월 27일 16시,월요일,울산광역시 동구 방어동,경상사고,0,0,2,0,차대차 - 추돌,안전운전불이행,건조,맑음,교차로 - 교차로부근,화물,남,36세,상해없음,승용,여,45세,경상
2017022700100509,2017년 2월 27일 20시,월요일,울산광역시 울주군 온산읍,중상사고,0,1,0,0,차대차 - 추돌,안전거리미확보,건조,맑음,단일로 - 기타,승용,남,41세,상해없음,승용,남,32세,중상
2017022700100532,2017년 2월 27일 21시,월요일,울산광역시 북구 신천동,중상사고,0,1,0,0,차대차 - 측면충돌,안전운전불이행,건조,맑음,교차로 - 교차로안,승합,여,59세,상해없음,자전거,여,8세,중상
2017022700100533,2017년 2월 27일 21시,월요일,울산광역시 남구 신정동,경상사고,0,0,1,0,차대차 - 추돌,안전운전불이행,건조,맑음,단일로 - 기타,승용,여,55세,상해없음,승용,남,46세,경상
2017022800100054,2017년 2월 28일 03시,화요일,울산광역시 동구 일산동,중상사고,0,2,0,0,차대차 - 측면충돌,직진우회전진행방해,건조,맑음,교차로 - 교차로안,승용,남,63세,상해없음,승용,여,52세,중상
2017022800100081,2017년 2월 28일 06시,화요일,울산광역시 북구 화봉동,경상사고,0,0,1,1,차대차 - 기타,안전운전불이행,건조,맑음,교차로 - 교차로안,승용,남,32세,부상신고,화물,남,51세,상해없음
2017022800100174,2017년 2월 28일 10시,화요일,울산광역시 중구 교동,경상사고,0,0,2,0,차대차 - 추돌,안전거리미확보,건조,맑음,단일로 - 기타,승용,남,36세,상해없음,승용,남,43세,경상
2017022800100231,2017년 2월 28일 12시,화요일,울산광역시 북구 중산동,경상사고,0,0,1,0,차대차 - 추돌,안전운전불이행,건조,맑음,단일로 - 기타,승용,남,50세,상해없음,승용,남,40세,경상
2017022800100260,2017년 2월 28일 13시,화요일,울산광역시 남구 옥동,중상사고,0,2,3,0,차대차 - 추돌,안전운전불이행,건조,맑음,교차로 - 교차로부근,화물,남,49세,상해없음,화물,남,55세,경상
2017022800100261,2017년 2월 28일 13시,화요일,울산광역시 동구 방어동,경상사고,0,0,1,0,차대차 - 측면충돌,안전운전불이행,건조,맑음,단일로 - 기타,승용,여,43세,상해없음,승용,여,49세,경상
2017022800100292,2017년 2월 28일 14시,화요일,울산광역시 북구 신현동,중상사고,0,1,0,0,차대차 - 측면충돌,중앙선침범,건조,맑음,단일로 - 기타,승용,여,26세,상해없음,승용,여,36세,중상
2017022800100293,2017년 2월 28일 14시,화요일,울산광역시 울주군 언양읍,중상사고,0,1,0,1,차대차 - 측면충돌,교차로운행방법위반,건조,맑음,교차로 - 교차로안,승용,남,82세,부상신고,화물,남,48세,상해없음
2017022800100330,2017년 2월 28일 15시,화요일,울산광역시 울주군 웅촌면,경상사고,0,0,1,0,차대차 - 측면충돌,신호위반,건조,맑음,교차로 - 교차로안,화물,남,67세,상해없음,원동기,남,80세,경상
2017022800100370,2017년 2월 28일 16시,화요일,울산광역시 중구 반구동,경상사고,0,0,1,0,차대차 - 측면충돌,교차로운행방법위반,건조,맑음,단일로 - 기타,승용,여,48세,상해없음,이륜,남,21세,경상
2017022800100392,2017년 2월 28일 17시,화요일,울산광역시 남구 신정동,경상사고,0,0,1,0,차대사람 - 횡단중,안전운전불이행,건조,맑음,교차로 - 교차로부근,이륜,남,57세,상해없음,보행자,여,61세,경상
2017022800100393,2017년 2월 28일 17시,화요일,울산광역시 울주군 범서읍,중상사고,0,1,0,0,차량단독 - 전도전복 - 전도,안전운전불이행,건조,맑음,단일로 - 기타,이륜,남,13세,상해없음,,,,
2017022800100475,2017년 2월 28일 19시,화요일,울산광역시 북구 송정동,중상사고,0,1,0,0,차대차 - 측면충돌,신호위반,건조,맑음,단일로 - 기타,승용,남,36세,상해없음,이륜,남,48세,중상
2017022800100476,2017년 2월 28일 19시,화요일,울산광역시 울주군 온산읍,경상사고,0,0,1,0,차대사람 - 횡단중,안전운전불이행,건조,맑음,단일로 - 기타,승용,남,34세,상해없음,보행자,여,72세,경상
2017022800100533,2017년 2월 28일 21시,화요일,울산광역시 남구 신정동,중상사고,0,1,1,0,차대차 - 추돌,안전운전불이행,건조,맑음,단일로 - 기타,승용,남,27세,상해없음,승용,여,45세,중상
2017022800100592,2017년 2월 28일 23시,화요일,울산광역시 남구 삼산동,중상사고,0,1,0,0,차대차 - 정면충돌,신호위반,건조,맑음,교차로 - 교차로안,승용,여,30세,중상,승용,남,46세,상해없음
2017030100100059,2017년 3월 1일 02시,수요일,울산광역시 중구 성안동,경상사고,0,0,1,0,차대차 - 측면충돌,교차로운행방법위반,건조,맑음,교차로 - 교차로안,이륜,남,15세,경상,승용,남,53세,상해없음
2017030100100112,2017년 3월 1일 08시,수요일,울산광역시 남구 무거동,중상사고,0,1,2,0,차대차 - 측면충돌,교차로운행방법위반,건조,맑음,단일로 - 기타,승용,남,58세,상해없음,화물,남,58세,경상
2017030100100187,2017년 3월 1일 12시,수요일,울산광역시 울주군 범서읍,중상사고,0,1,0,0,차대차 - 측면충돌,차로위반,건조,맑음,교차로 - 교차로부근,승용,남,53세,상해없음,이륜,남,25세,중상
2017030100100236,2017년 3월 1일 14시,수요일,울산광역시 남구 옥동,중상사고,0,1,0,0,차대차 - 추돌,안전운전불이행,건조,맑음,교차로 - 교차로부근,승용,남,63세,기타불명,화물,남,37세,중상
2017030100100275,2017년 3월 1일 16시,수요일,울산광역시 남구 달동,경상사고,0,0,3,1,차대차 - 측면충돌,안전운전불이행,건조,맑음,단일로 - 기타,화물,남,34세,상해없음,승합,남,62세,경상
2017030100100333,2017년 3월 1일 18시,수요일,울산광역시 북구 중산동,경상사고,0,0,2,0,차대차 - 측면충돌,안전거리미확보,건조,맑음,단일로 - 기타,화물,남,48세,상해없음,승용,남,27세,경상
2017030100100389,2017년 3월 1일 19시,수요일,울산광역시 남구 무거동,중상사고,0,1,0,0,차대사람 - 횡단중,안전운전불이행,젖음/습기,흐림,단일로 - 기타,승용,남,27세,상해없음,보행자,남,60세,중상
2017030100100459,2017년 3월 1일 21시,수요일,울산광역시 남구 신정동,경상사고,0,0,2,0,차대차 - 추돌,안전운전불이행,건조,흐림,교차로 - 교차로부근,화물,남,56세,상해없음,승용,남,30세,경상
2017030100100514,2017년 3월 1일 23시,수요일,울산광역시 남구 삼산동,경상사고,0,0,1,0,차대차 - 기타,중앙선침범,젖음/습기,비,교차로 - 교차로부근,화물,남,37세,상해없음,이륜,남,31세,경상
2017030200100030,2017년 3월 2일 00시,목요일,울산광역시 남구 무거동,중상사고,0,1,0,0,차대차 - 정면충돌,중앙선침범,건조,맑음,교차로 - 교차로안,승용,남,57세,상해없음,화물,남,37세,중상
2017030200100037,2017년 3월 2일 01시,목요일,울산광역시 남구 삼산동,경상사고,0,0,1,0,차대사람 - 횡단중,보행자보호의무위반,건조,맑음,교차로 - 교차로횡단보도내,승용,남,62세,상해없음,보행자,남,24세,경상
2017030200100049,2017년 3월 2일 02시,목요일,울산광역시 남구 달동,부상신고사고,0,0,0,1,차대사람 - 기타,안전운전불이행,젖음/습기,비,단일로 - 기타,기타불명,기타불명,미분류,기타불명,보행자,남,37세,부상신고
2017030200100057,2017년 3월 2일 03시,목요일,울산광역시 북구 천곡동,경상사고,0,0,1,0,차대사람 - 기타,안전운전불이행,건조,맑음,기타 - 기타,승용,남,73세,상해없음,보행자,여,32세,경상
2017030200100062,2017년 3월 2일 04시,목요일,울산광역시 북구 진장동,경상사고,0,0,1,0,차대차 - 추돌,안전운전불이행,젖음/습기,비,단일로 - 기타,승용,남,35세,상해없음,원동기,남,62세,경상
2017030200100110,2017년 3월 2일 07시,목요일,울산광역시 울주군 온산읍,중상사고,0,1,0,0,차대차 - 측면충돌,안전운전불이행,젖음/습기,흐림,단일로 - 기타,승용,남,51세,상해없음,기타불명,남,미분류,중상
2017030200100180,2017년 3월 2일 10시,목요일,울산광역시 남구 옥동,경상사고,0,0,1,0,차대차 - 추돌,안전거리미확보,건조,맑음,단일로 - 기타,승용,남,45세,상해없음,승용,남,36세,경상
2017030200100198,2017년 3월 2일 11시,목요일,울산광역시 남구 신정동,중상사고,0,1,0,0,차대차 - 측면충돌,차로위반,건조,맑음,교차로 - 교차로안,건설기계,남,61세,상해없음,승용,남,63세,중상
2017030200100338,2017년 3월 2일 16시,목요일,울산광역시 중구 서동,경상사고,0,0,1,1,차대차 - 기타,안전거리미확보,건조,맑음,교차로 - 교차로안,승용,남,69세,부상신고,화물,남,59세,상해없음
2017030200100372,2017년 3월 2일 17시,목요일,울산광역시 북구 무룡동,경상사고,0,0,2,0,차대차 - 정면충돌,중앙선침범,건조,맑음,단일로 - 기타,승용,남,71세,상해없음,승용,남,60세,경상
2017030200100464,2017년 3월 2일 20시,목요일,울산광역시 남구 달동,중상사고,0,1,0,0,차대사람 - 횡단중,안전운전불이행,건조,맑음,교차로 - 교차로안,화물,남,44세,상해없음,보행자,남,47세,중상
2017030200100465,2017년 3월 2일 20시,목요일,울산광역시 남구 신정동,경상사고,0,0,1,0,차대차 - 측면충돌,교차로운행방법위반,건조,맑음,교차로 - 교차로안,이륜,남,37세,경상,승용,남,56세,상해없음
2017030200100466,2017년 3월 2일 20시,목요일,울산광역시 동구 서부동,중상사고,0,1,1,0,차대차 - 측면충돌,신호위반,건조,맑음,교차로 - 교차로안,이륜,남,30세,경상,이륜,남,35세,중상
2017030200100493,2017년 3월 2일 21시,목요일,울산광역시 동구 방어동,경상사고,0,0,1,0,차대차 - 측면충돌,직진우회전진행방해,건조,맑음,교차로 - 교차로안,승용,남,39세,상해없음,이륜,남,55세,경상
2017030300100098,2017년 3월 3일 07시,금요일,울산광역시 울주군 청량면,경상사고,0,0,1,0,차대차 - 추돌,안전거리미확보,건조,맑음,단일로 - 기타,승용,남,31세,상해없음,승용,여,49세,경상
2017030300100099,2017년 3월 3일 07시,금요일,울산광역시 울주군 청량면,경상사고,0,0,1,0,차대차 - 측면충돌,안전거리미확보,건조,맑음,단일로 - 기타,화물,남,48세,상해없음,승용,남,42세,경상
2017030300100313,2017년 3월 3일 13시,금요일,울산광역시 남구 삼산동,중상사고,0,1,0,0,차대차 - 측면충돌,신호위반,건조,맑음,교차로 - 교차로부근,승용,여,49세,상해없음,이륜,남,30세,중상
2017030300100345,2017년 3월 3일 14시,금요일,울산광역시 동구 일산동,중상사고,0,1,1,0,차대사람 - 횡단중,신호위반,건조,맑음,교차로 - 교차로횡단보도내,승용,남,84세,상해없음,보행자,여,69세,중상
2017030300100537,2017년 3월 3일 19시,금요일,울산광역시 동구 전하동,경상사고,0,0,1,0,차대차 - 측면충돌,신호위반,건조,맑음,교차로 - 교차로안,이륜,남,36세,경상,승용,여,62세,상해없음
2017030300100608,2017년 3월 3일 22시,금요일,울산광역시 북구 매곡동,중상사고,0,1,0,1,차대차 - 기타,교차로운행방법위반,건조,맑음,교차로 - 교차로부근,승용,남,65세,부상신고,승용,남,57세,중상
2017030300100609,2017년 3월 3일 22시,금요일,울산광역시 중구 유곡동,중상사고,0,1,0,0,차대사람 - 횡단중,보행자보호의무위반,건조,맑음,교차로 - 교차로횡단보도내,승용,여,61세,상해없음,보행자,여,37세,중상
2017030400100026,2017년 3월 4일 00시,토요일,울산광역시 중구 학산동,중상사고,0,1,0,0,차대차 - 기타,안전운전불이행,건조,맑음,교차로 - 교차로안,승용,남,62세,상해없음,자전거,여,56세,중상
2017030400100027,2017년 3월 4일 00시,토요일,울산광역시 남구 달동,경상사고,0,0,1,0,차대사람 - 횡단중,안전운전불이행,건조,맑음,교차로 - 교차로안,승용,남,25세,상해없음,보행자,여,19세,경상
2017030400100065,2017년 3월 4일 02시,토요일,울산광역시 북구 명촌동,부상신고사고,0,0,0,1,차량단독 - 전도전복,안전운전불이행,건조,맑음,단일로 - 기타,이륜,남,31세,부상신고,미분류,미분류,미분류,미분류
2017030400100109,2017년 3월 4일 06시,토요일,울산광역시 중구 학산동,경상사고,0,0,2,0,차대차 - 추돌,안전운전불이행,건조,맑음,단일로 - 기타,승용,남,48세,상해없음,승용,여,63세,경상
2017030400100231,2017년 3월 4일 11시,토요일,울산광역시 남구 신정동,경상사고,0,0,1,0,차대차 - 기타,차로위반,건조,맑음,교차로 - 교차로안,승용,남,44세,상해없음,승용,남,25세,경상
2017030400100232,2017년 3월 4일 11시,토요일,울산광역시 동구 전하동,중상사고,0,1,0,0,차대사람 - 길가장자리구역통행중,안전운전불이행,건조,맑음,단일로 - 기타,승용,여,44세,상해없음,보행자,남,63세,중상
2017030400100233,2017년 3월 4일 11시,토요일,울산광역시 울주군 온양읍,경상사고,0,0,1,0,차대사람 - 횡단중,보행자보호의무위반,건조,맑음,교차로 - 교차로부근,승용,남,60세,상해없음,보행자,여,72세,경상
2017030400100270,2017년 3월 4일 12시,토요일,울산광역시 울주군 두동면,중상사고,0,1,0,0,차량단독 - 전도전복 - 전도,안전운전불이행,건조,맑음,단일로 - 기타,화물,남,57세,중상,,,,
2017030400100271,2017년 3월 4일 12시,토요일,울산광역시 울주군 온양읍,사망사고,1,0,0,0,차대차 - 측면충돌,안전거리미확보,건조,맑음,단일로 - 기타,화물,남,63세,상해없음,이륜,남,30세,사망
2017030400100392,2017년 3월 4일 16시,토요일,울산광역시 울주군 범서읍,경상사고,0,0,1,0,차대차 - 추돌,안전운전불이행,건조,맑음,단일로 - 기타,승용,남,53세,상해없음,승용,여,59세,상해없음
2017030400100442,2017년 3월 4일 18시,토요일,울산광역시 북구 염포동,경상사고,0,0,6,0,차대차 - 추돌,안전운전불이행,건조,맑음,단일로 - 기타,승용,남,68세,경상,승용,남,64세,경상
2017030400100443,2017년 3월 4일 18시,토요일,울산광역시 울주군 웅촌면,중상사고,0,1,0,0,차대차 - 측면충돌,안전운전불이행,건조,맑음,교차로 - 교차로안,농기계,남,71세,중상,승용,여,57세,상해없음
2017030500100025,2017년 3월 5일 00시,일요일,울산광역시 남구 달동,중상사고,0,1,1,0,차대사람 - 기타,교차로운행방법위반,기타,기타,교차로 - 교차로횡단보도내,이륜,남,41세,상해없음,보행자,여,25세,경상
2017030500100038,2017년 3월 5일 01시,일요일,울산광역시 남구 삼산동,중상사고,0,1,4,0,차대차 - 추돌,안전운전불이행,기타,기타,단일로 - 기타,승용,여,28세,상해없음,승용,남,61세,중상
2017030500100071,2017년 3월 5일 06시,일요일,울산광역시 남구 두왕동,중상사고,0,1,0,0,차대차 - 측면충돌,차로위반,건조,맑음,단일로 - 기타,건설기계,남,50세,상해없음,승용,남,32세,중상
2017030500100114,2017년 3월 5일 10시,일요일,울산광역시 중구 동동,경상사고,0,0,1,0,차대사람 - 횡단중,안전운전불이행,건조,맑음,단일로 - 기타,승용,여,48세,상해없음,보행자,여,13세,경상
2017030500100131,2017년 3월 5일 11시,일요일,울산광역시 북구 신천동,경상사고,0,0,1,0,차대차 - 추돌,안전운전불이행,건조,맑음,단일로 - 기타,이륜,남,35세,경상,승용,남,59세,상해없음
2017030500100183,2017년 3월 5일 13시,일요일,울산광역시 중구 태화동,중상사고,0,2,0,0,차대차 - 측면충돌,불법유턴,건조,맑음,교차로 - 교차로안,승합,남,30세,중상,승용,여,44세,중상
2017030500100238,2017년 3월 5일 15시,일요일,울산광역시 남구 무거동,경상사고,0,0,1,0,차대사람 - 횡단중,안전운전불이행,건조,맑음,단일로 - 기타,자전거,남,13세,상해없음,보행자,여,66세,경상
2017030500100318,2017년 3월 5일 18시,일요일,울산광역시 중구 태화동,경상사고,0,0,2,0,차대사람 - 횡단중,신호위반,건조,맑음,단일로 - 기타,승용,여,35세,상해없음,보행자,여,30세,경상
2017030500100319,2017년 3월 5일 18시,일요일,울산광역시 울주군 온산읍,경상사고,0,0,1,1,차대차 - 정면충돌,안전운전불이행,건조,맑음,단일로 - 기타,승용,여,71세,경상,승용,남,52세,기타불명
2017030500100345,2017년 3월 5일 19시,일요일,울산광역시 울주군 두동면,중상사고,0,1,0,0,차대사람 - 횡단중,안전운전불이행,건조,맑음,단일로 - 기타,승용,여,63세,상해없음,보행자,남,63세,중상
2017030500100439,2017년 3월 5일 23시,일요일,울산광역시 북구 상안동,중상사고,0,1,1,0,차대차 - 측면충돌,교차로운행방법위반,건조,맑음,교차로 - 교차로안,승용,여,36세,상해없음,승용,여,36세,경상
2017030500100440,2017년 3월 5일 23시,일요일,울산광역시 중구 태화동,경상사고,0,0,1,1,차대차 - 측면충돌,직진우회전진행방해,건조,맑음,교차로 - 교차로안,승용,남,23세,부상신고,승용,남,53세,경상
2017030600100026,2017년 3월 6일 00시,월요일,울산광역시 북구 신천동,중상사고,0,2,0,0,차대차 - 추돌,안전운전불이행,건조,맑음,단일로 - 기타,승합,남,41세,상해없음,승용,여,45세,중상
2017030600100135,2017년 3월 6일 08시,월요일,울산광역시 동구 미포동,경상사고,0,0,1,0,차대차 - 추돌,안전운전불이행,건조,맑음,단일로 - 기타,승용,남,52세,상해없음,화물,남,48세,경상
2017030600100224,2017년 3월 6일 11시,월요일,울산광역시 남구 달동,경상사고,0,0,1,0,차대차 - 기타,안전운전불이행,건조,맑음,교차로 - 교차로부근,승용,여,20세,상해없음,승합,남,44세,상해없음
2017030600100225,2017년 3월 6일 11시,월요일,울산광역시 동구 일산동,중상사고,0,1,0,0,차대차 - 정면충돌,교차로운행방법위반,건조,맑음,주차장 - 주차장,승용,남,54세,상해없음,승용,남,31세,중상
2017030600100333,2017년 3월 6일 15시,월요일,울산광역시 중구 다운동,경상사고,0,0,1,0,차대사람 - 횡단중,안전운전불이행,건조,맑음,교차로 - 교차로안,승용,남,53세,상해없음,보행자,남,45세,경상
2017030600100441,2017년 3월 6일 18시,월요일,울산광역시 중구 태화동,경상사고,0,0,1,0,차대사람 - 횡단중,기타,건조,맑음,단일로 - 기타,승용,남,72세,상해없음,보행자,남,7세,경상
2017030600100505,2017년 3월 6일 20시,월요일,울산광역시 중구 학산동,중상사고,0,1,0,0,차대차 - 측면충돌,교차로운행방법위반,건조,맑음,교차로 - 교차로안,이륜,남,28세,중상,승용,남,61세,상해없음
2017030600100553,2017년 3월 6일 22시,월요일,울산광역시 남구 무거동,경상사고,0,0,1,0,차대사람 - 횡단중,안전운전불이행,건조,맑음,단일로 - 기타,원동기,남,18세,상해없음,보행자,여,25세,경상
2017030700100093,2017년 3월 7일 07시,화요일,울산광역시 울주군 청량면,중상사고,0,1,0,0,차대차 - 추돌,안전거리미확보,건조,맑음,단일로 - 기타,승용,남,61세,상해없음,이륜,남,30세,중상
2017030700100292,2017년 3월 7일 14시,화요일,울산광역시 남구 무거동,중상사고,0,1,0,0,차대차 - 기타,신호위반,건조,맑음,단일로 - 기타,승용,여,43세,상해없음,자전거,여,54세,중상
2017030700100319,2017년 3월 7일 15시,화요일,울산광역시 울주군 온산읍,경상사고,0,0,1,0,차대차 - 측면충돌,신호위반,건조,맑음,교차로 - 교차로안,건설기계,남,47세,상해없음,승용,남,48세,경상
2017030700100348,2017년 3월 7일 16시,화요일,울산광역시 울주군 범서읍,경상사고,0,0,1,0,차대사람 - 횡단중,보행자보호의무위반,건조,맑음,교차로 - 교차로횡단보도내,승용,남,55세,상해없음,보행자,남,8세,경상
2017030700100383,2017년 3월 7일 17시,화요일,울산광역시 남구 신정동,중상사고,0,1,0,0,차대차 - 측면충돌,직진우회전진행방해,건조,맑음,교차로 - 교차로안,원동기,남,67세,상해없음,원동기,남,21세,중상
2017030700100412,2017년 3월 7일 18시,화요일,울산광역시 동구 전하동,중상사고,0,1,0,0,차대차 - 기타,신호위반,건조,맑음,교차로 - 교차로부근,승용,남,50세,상해없음,원동기,남,57세,중상
2017030700100480,2017년 3월 7일 20시,화요일,울산광역시 울주군 청량면,사망사고,1,0,0,0,차대사람 - 기타,안전운전불이행,건조,맑음,단일로 - 기타,승용,남,37세,상해없음,보행자,남,49세,사망
2017030700100545,2017년 3월 7일 22시,화요일,울산광역시 중구 학성동,중상사고,0,1,1,0,차대차 - 추돌,안전운전불이행,건조,맑음,단일로 - 기타,승용,남,46세,상해없음,승용,여,48세,경상
2017030800100025,2017년 3월 8일 00시,수요일,울산광역시 울주군 범서읍,경상사고,0,0,1,0,차량단독 - 전도전복,안전운전불이행,건조,맑음,단일로 - 기타,승용,남,25세,경상,미분류,미분류,미분류,미분류
2017030800100108,2017년 3월 8일 07시,수요일,울산광역시 울주군 상북면,중상사고,0,1,0,0,차대차 - 정면충돌,안전운전불이행,건조,맑음,단일로 - 기타,기타불명,기타불명,미분류,기타불명,승용,여,47세,중상
2017030800100138,2017년 3월 8일 08시,수요일,울산광역시 남구 달동,중상사고,0,1,0,0,차대차 - 측면충돌,안전운전불이행,건조,맑음,교차로 - 교차로부근,승용,여,47세,상해없음,자전거,남,17세,중상
2017030800100272,2017년 3월 8일 14시,수요일,울산광역시 울주군 온양읍,경상사고,0,0,1,0,차대차 - 정면충돌,안전운전불이행,건조,맑음,미분류 - 미분류,화물,남,42세,상해없음,승용,남,64세,경상
2017030800100326,2017년 3월 8일 16시,수요일,울산광역시 남구 달동,경상사고,0,0,1,0,차대사람 - 길가장자리구역통행중,안전운전불이행,건조,맑음,단일로 - 기타,승용,여,49세,상해없음,보행자,남,11세,경상
2017030800100415,2017년 3월 8일 19시,수요일,울산광역시 중구 남외동,중상사고,0,1,0,0,차대사람 - 기타,안전운전불이행,건조,맑음,교차로 - 교차로부근,승용,여,53세,상해없음,보행자,여,52세,중상
2017030800100416,2017년 3월 8일 19시,수요일,울산광역시 울주군 범서읍,경상사고,0,0,1,0,차대차 - 측면충돌,안전운전불이행,건조,맑음,단일로 - 기타,화물,남,46세,상해없음,이륜,남,35세,경상
2017030800100479,2017년 3월 8일 21시,수요일,울산광역시 남구 삼산동,중상사고,0,1,0,0,차대사람 - 횡단중,안전운전불이행,건조,맑음,단일로 - 기타,승용,여,37세,상해없음,보행자,남,42세,중상
2017030800100492,2017년 3월 8일 22시,수요일,울산광역시 남구 달동,중상사고,0,1,1,0,차대사람 - 횡단중,과속,기타,기타,교차로 - 교차로안,승용,남,30세,상해없음,보행자,남,54세,중상
2017030900100105,2017년 3월 9일 07시,목요일,울산광역시 동구 서부동,중상사고,0,1,0,0,차대사람 - 횡단중,안전운전불이행,건조,맑음,단일로 - 기타,이륜,남,29세,상해없음,보행자,남,55세,중상
2017030900100266,2017년 3월 9일 12시,목요일,울산광역시 남구 달동,중상사고,0,1,0,0,차대사람 - 횡단중,안전운전불이행,건조,맑음,단일로 - 기타,승용,남,38세,상해없음,보행자,여,65세,중상
2017030900100339,2017년 3월 9일 15시,목요일,울산광역시 중구 옥교동,중상사고,0,1,0,0,차대사람 - 횡단중,보행자보호의무위반,건조,맑음,단일로 - 기타,승용,여,56세,상해없음,보행자,남,69세,중상
2017030900100364,2017년 3월 9일 16시,목요일,울산광역시 중구 태화동,중상사고,0,1,0,0,차대차 - 측면충돌,안전거리미확보,건조,맑음,단일로 - 기타,승용,남,52세,상해없음,화물,여,60세,중상
2017030900100404,2017년 3월 9일 17시,목요일,울산광역시 중구 남외동,경상사고,0,0,1,0,차대사람 - 횡단중,신호위반,건조,맑음,교차로 - 교차로횡단보도내,승용,여,54세,상해없음,보행자,남,52세,경상
2017030900100440,2017년 3월 9일 18시,목요일,울산광역시 북구 호계동,경상사고,0,0,1,0,차대차 - 추돌,안전운전불이행,건조,맑음,단일로 - 기타,승용,남,46세,상해없음,승용,여,44세,경상
2017030900100498,2017년 3월 9일 20시,목요일,울산광역시 남구 달동,경상사고,0,0,1,0,차대차 - 측면충돌,안전운전불이행,건조,맑음,교차로 - 교차로안,승용,남,61세,상해없음,승용,남,54세,경상
2017030900100524,2017년 3월 9일 21시,목요일,울산광역시 북구 명촌동,경상사고,0,0,2,2,차대차 - 추돌,안전운전불이행,건조,맑음,교차로 - 교차로부근,승용,남,59세,부상신고,승용,남,29세,경상
2017030900100525,2017년 3월 9일 21시,목요일,울산광역시 남구 달동,경상사고,0,0,1,0,차대차 - 측면충돌,안전운전불이행,건조,맑음,단일로 - 기타,승용,남,25세,상해없음,이륜,남,20세,경상
2017031000100037,2017년 3월 10일 01시,금요일,울산광역시 울주군 온양읍,경상사고,0,0,1,0,차량단독 - 전도전복 - 전도,안전운전불이행,건조,맑음,교차로 - 교차로안,승용,남,32세,경상,,,,
2017031000100062,2017년 3월 10일 04시,금요일,울산광역시 남구 무거동,경상사고,0,0,1,0,차대사람 - 횡단중,신호위반,건조,맑음,교차로 - 교차로횡단보도내,승용,남,28세,상해없음,보행자,남,43세,경상
2017031000100103,2017년 3월 10일 07시,금요일,울산광역시 중구 태화동,경상사고,0,0,1,0,차대차 - 측면충돌,신호위반,건조,맑음,교차로 - 교차로안,승용,남,37세,상해없음,이륜,남,24세,경상
2017031000100147,2017년 3월 10일 08시,금요일,울산광역시 북구 연암동,경상사고,0,0,1,0,차량단독 - 기타,안전운전불이행,건조,맑음,단일로 - 기타,승합,남,48세,상해없음,,,,
2017031000100148,2017년 3월 10일 08시,금요일,울산광역시 울주군 상북면,경상사고,0,0,3,0,차대차 - 추돌,교차로운행방법위반,건조,맑음,교차로 - 교차로안,승용,여,36세,상해없음,승용,남,43세,경상
2017031000100262,2017년 3월 10일 12시,금요일,울산광역시 중구 학산동,중상사고,0,1,0,0,차대차 - 측면충돌,안전운전불이행,건조,맑음,단일로 - 기타,승용,남,70세,상해없음,이륜,남,26세,중상
2017031000100294,2017년 3월 10일 13시,금요일,울산광역시 북구 천곡동,중상사고,0,2,0,0,차량단독 - 전도전복 - 전도,안전운전불이행,건조,맑음,기타 - 기타,승용,여,55세,중상,,,,
2017031000100295,2017년 3월 10일 13시,금요일,울산광역시 북구 산하동,경상사고,0,0,2,0,차대차 - 측면충돌,안전운전불이행,건조,맑음,단일로 - 기타,승용,여,53세,상해없음,승용,여,56세,경상
2017031000100419,2017년 3월 10일 17시,금요일,울산광역시 남구 선암동,경상사고,0,0,1,0,차대사람 - 횡단중,안전운전불이행,건조,맑음,교차로 - 교차로횡단보도내,기타불명,기타불명,미분류,기타불명,보행자,여,12세,경상