사고번호,사고일시,요일,시군구,사고내용,사망자수,중상자수,경상자수,부상신고자수,사고유형,법규위반,노면상태,기상상태,도로형태,가해운전자 차종,가해운전자 성별,가해운전자 연령,가해운전자 상해정도,피해운전자 차종,피해운전자 성별,피해운전자 연령,피해운전자 상해정도
2017032100100130,2017년 3월 21일 08시,화요일,울산광역시 울주군 범서읍,중상사고,0,2,0,0,차대차 - 추돌,안전운전불이행,젖음/습기,흐림,단일로 - 기타,승용,남,29세,중상,승용,남,57세,중상
2017032100100237,2017년 3월 21일 11시,화요일,울산광역시 북구 상안동,부상신고사고,0,0,0,1,차대차 - 측면충돌,차로위반,건조,맑음,단일로 - 기타,승용,여,56세,부상신고,승용,여,47세,상해없음
2017032100100260,2017년 3월 21일 12시,화요일,울산광역시 남구 신정동,경상사고,0,0,1,0,차대차 - 측면충돌,안전운전불이행,건조,맑음,교차로 - 교차로부근,원동기,남,23세,경상,승용,여,33세,상해없음
2017032100100371,2017년 3월 21일 16시,화요일,울산광역시 북구 상안동,중상사고,0,1,0,0,차대차 - 정면충돌,교차로운행방법위반,건조,맑음,교차로 - 교차로안,승용,여,43세,상해없음,원동기,남,37세,중상
2017032100100404,2017년 3월 21일 17시,화요일,울산광역시 북구 양정동,중상사고,0,1,0,0,차대차 - 측면충돌,신호위반,건조,맑음,교차로 - 교차로안,승용,여,53세,상해없음,이륜,남,47세,중상
2017032100100504,2017년 3월 21일 20시,화요일,울산광역시 북구 염포동,경상사고,0,0,1,0,차대사람 - 횡단중,보행자보호의무위반,젖음/습기,맑음,단일로 - 기타,이륜,남,55세,상해없음,보행자,남,50세,경상
2017032100100526,2017년 3월 21일 21시,화요일,울산광역시 중구 성남동,중상사고,0,1,0,0,차대차 - 측면충돌,안전운전불이행,건조,맑음,단일로 - 기타,승용,여,25세,상해없음,승용,남,43세,중상
2017032100100545,2017년 3월 21일 22시,화요일,울산광역시 중구 태화동,경상사고,0,0,3,1,차대차 - 추돌,안전운전불이행,건조,맑음,단일로 - 기타,승용,여,46세,상해없음,승합,남,44세,부상신고
2017032100100546,2017년 3월 21일 22시,화요일,울산광역시 울주군 서생면,경상사고,0,0,3,1,차대차 - 측면충돌,직진우회전진행방해,건조,맑음,교차로 - 교차로안,승용,남,52세,상해없음,승용,여,45세,경상
2017032200100038,2017년 3월 22일 02시,수요일,울산광역시 남구 삼산동,중상사고,0,1,0,0,차대차 - 측면충돌,신호위반,건조,맑음,교차로 - 교차로안,승용,남,33세,기타불명,승용,남,47세,중상
2017032200100094,2017년 3월 22일 07시,수요일,울산광역시 남구 달동,경상사고,0,0,1,0,차대차 - 측면충돌,교차로운행방법위반,건조,맑음,교차로 - 교차로안,승용,남,75세,상해없음,승용,남,60세,경상
2017032200100170,2017년 3월 22일 09시,수요일,울산광역시 울주군 온산읍,경상사고,0,0,1,0,차대차 - 추돌,안전거리미확보,건조,맑음,교차로 - 교차로부근,화물,남,65세,상해없음,승용,남,32세,경상
2017032200100324,2017년 3월 22일 15시,수요일,울산광역시 중구 옥교동,경상사고,0,0,1,0,차대차 - 기타,안전거리미확보,건조,맑음,단일로 - 기타,이륜,여,54세,경상,승용,남,71세,상해없음
2017032200100430,2017년 3월 22일 18시,수요일,울산광역시 중구 우정동,사망사고,1,0,0,0,차대사람 - 기타,안전운전불이행,건조,맑음,단일로 - 기타,승용,남,33세,상해없음,보행자,남,62세,사망
2017032200100520,2017년 3월 22일 21시,수요일,울산광역시 울주군 두동면,경상사고,0,0,1,0,차대차 - 기타,안전운전불이행,건조,맑음,단일로 - 기타,승용,기타불명,미분류,기타불명,승용,남,64세,경상
2017032200100580,2017년 3월 22일 23시,수요일,울산광역시 남구 삼산동,중상사고,0,2,3,0,차대차 - 측면충돌,신호위반,건조,맑음,교차로 - 교차로안,승용,여,54세,중상,승용,여,39세,경상
2017032300100032,2017년 3월 23일 00시,목요일,울산광역시 동구 전하동,경상사고,0,0,3,0,차대차 - 정면충돌,안전운전불이행,건조,맑음,교차로 - 교차로부근,승용,남,28세,상해없음,화물,남,71세,경상
2017032300100059,2017년 3월 23일 02시,목요일,울산광역시 중구 장현동,중상사고,0,1,2,0,차대차 - 추돌,안전운전불이행,건조,맑음,단일로 - 기타,승용,남,28세,상해없음,승용,남,31세,경상
2017032300100099,2017년 3월 23일 07시,목요일,울산광역시 동구 서부동,경상사고,0,0,1,0,차대차 - 기타,안전운전불이행,건조,맑음,단일로 - 기타,이륜,남,53세,경상,승용,남,35세,상해없음
2017032300100352,2017년 3월 23일 16시,목요일,울산광역시 남구 삼산동,경상사고,0,0,1,0,차대차 - 기타,안전운전불이행,건조,맑음,단일로 - 기타,승용,여,36세,상해없음,승용,여,55세,경상
2017032300100387,2017년 3월 23일 17시,목요일,울산광역시 남구 신정동,경상사고,0,0,1,0,차대차 - 측면충돌,신호위반,건조,맑음,교차로 - 교차로안,승용,남,55세,상해없음,승용,여,28세,경상
2017032300100388,2017년 3월 23일 17시,목요일,울산광역시 동구 일산동,경상사고,0,0,1,0,차대차 - 기타,직진우회전진행방해,건조,맑음,교차로 - 교차로안,승용,남,57세,상해없음,이륜,남,30세,경상
2017032300100424,2017년 3월 23일 18시,목요일,울산광역시 동구 전하동,경상사고,0,0,1,0,차대차 - 측면충돌,직진우회전진행방해,건조,맑음,교차로 - 교차로안,승합,남,23세,상해없음,승용,여,31세,경상
2017032300100468,2017년 3월 23일 19시,목요일,울산광역시 남구 신정동,경상사고,0,0,1,0,차대사람 - 기타,기타,건조,맑음,단일로 - 기타,승용,여,46세,상해없음,보행자,남,17세,경상
2017032300100469,2017년 3월 23일 19시,목요일,울산광역시 남구 무거동,경상사고,0,0,3,0,차대차 - 정면충돌,중앙선침범,건조,맑음,단일로 - 기타,승용,남,58세,경상,승용,여,55세,경상
2017032300100470,2017년 3월 23일 19시,목요일,울산광역시 울주군 상북면,중상사고,0,1,0,0,차대사람 - 횡단중,안전운전불이행,건조,맑음,단일로 - 기타,승용,남,43세,상해없음,보행자,여,21세,중상
2017032300100471,2017년 3월 23일 19시,목요일,울산광역시 울주군 범서읍,중상사고,0,1,0,0,차대사람 - 횡단중,안전운전불이행,건조,맑음,단일로 - 기타,이륜,남,16세,상해없음,보행자,남,7세,중상
2017032300100544,2017년 3월 23일 21시,목요일,울산광역시 남구 신정동,경상사고,0,0,2,0,차대차 - 측면충돌,안전운전불이행,건조,맑음,단일로 - 기타,이륜,남,29세,경상,자전거,여,50세,경상
2017032300100569,2017년 3월 23일 22시,목요일,울산광역시 남구 신정동,중상사고,0,1,0,0,차대사람 - 횡단중,중앙선침범,건조,맑음,단일로 - 기타,승용,여,49세,상해없음,보행자,여,57세,중상
2017032300100591,2017년 3월 23일 23시,목요일,울산광역시 동구 방어동,중상사고,0,1,0,0,차대차 - 추돌,안전운전불이행,젖음/습기,비,단일로 - 기타,승용,남,30세,상해없음,이륜,남,29세,중상
2017032400100076,2017년 3월 24일 03시,금요일,울산광역시 남구 옥동,중상사고,0,1,0,0,차대차 - 추돌,안전운전불이행,건조,맑음,교차로 - 교차로부근,승용,여,28세,상해없음,승용,남,61세,중상
2017032400100089,2017년 3월 24일 05시,금요일,울산광역시 중구 북정동,중상사고,0,1,0,0,차대차 - 추돌,안전운전불이행,건조,맑음,단일로 - 기타,승용,남,45세,중상,승합,남,56세,기타불명
2017032400100152,2017년 3월 24일 08시,금요일,울산광역시 북구 매곡동,중상사고,0,1,0,0,차대차 - 측면충돌,신호위반,건조,맑음,교차로 - 교차로안,화물,남,55세,상해없음,화물,남,28세,중상
2017032400100513,2017년 3월 24일 19시,금요일,울산광역시 북구 정자동,중상사고,0,1,0,0,차대차 - 측면충돌,직진우회전진행방해,건조,맑음,교차로 - 교차로안,승용,여,56세,상해없음,원동기,남,50세,중상
2017032400100547,2017년 3월 24일 20시,금요일,울산광역시 중구 우정동,중상사고,0,1,0,0,차대사람 - 횡단중,안전운전불이행,건조,맑음,단일로 - 기타,승용,남,55세,상해없음,보행자,남,37세,중상
2017032400100548,2017년 3월 24일 20시,금요일,울산광역시 남구 신정동,부상신고사고,0,0,0,1,차대사람 - 횡단중,신호위반,건조,맑음,단일로 - 기타,승용,남,53세,상해없음,보행자,남,75세,부상신고
2017032400100549,2017년 3월 24일 20시,금요일,울산광역시 남구 달동,경상사고,0,0,2,0,차대차 - 추돌,안전운전불이행,건조,맑음,교차로 - 교차로부근,기타불명,기타불명,미분류,기타불명,화물,남,52세,경상
2017032400100550,2017년 3월 24일 20시,금요일,울산광역시 남구 신정동,중상사고,0,1,0,0,차대차 - 추돌,안전운전불이행,건조,맑음,단일로 - 기타,원동기,남,57세,상해없음,승용,남,56세,중상
2017032400100584,2017년 3월 24일 21시,금요일,울산광역시 울주군 청량면,중상사고,0,1,0,0,차대차 - 추돌,안전운전불이행,건조,맑음,교차로 - 교차로부근,자전거,남,13세,중상,승용,남,44세,기타불명
2017032400100626,2017년 3월 24일 22시,금요일,울산광역시 중구 교동,경상사고,0,0,1,1,차대차 - 추돌,안전거리미확보,건조,맑음,교차로 - 교차로부근,이륜,남,57세,부상신고,승용,여,27세,경상
2017032400100627,2017년 3월 24일 22시,금요일,울산광역시 남구 신정동,경상사고,0,0,1,0,차대차 - 측면충돌,교차로운행방법위반,건조,맑음,교차로 - 교차로안,원동기,남,25세,경상,승용,남,38세,상해없음
2017032400100650,2017년 3월 24일 23시,금요일,울산광역시 동구 방어동,경상사고,0,0,1,0,차대사람 - 기타,안전운전불이행,건조,맑음,단일로 - 기타,이륜,남,43세,상해없음,보행자,남,29세,경상
2017032500100039,2017년 3월 25일 00시,토요일,울산광역시 남구 삼산동,중상사고,0,1,0,0,차대사람 - 횡단중,안전운전불이행,건조,맑음,단일로 - 기타,승용,남,29세,상해없음,보행자,남,47세,중상
2017032500100054,2017년 3월 25일 01시,토요일,울산광역시 북구 신천동,경상사고,0,0,2,0,차대차 - 측면충돌,안전거리미확보,건조,맑음,단일로 - 기타,승용,남,46세,상해없음,승용,남,47세,경상
2017032500100070,2017년 3월 25일 02시,토요일,울산광역시 동구 일산동,중상사고,0,1,0,0,차대차 - 측면충돌,안전운전불이행,건조,맑음,교차로 - 교차로안,원동기,남,26세,중상,화물,남,69세,상해없음
2017032500100093,2017년 3월 25일 04시,토요일,울산광역시 울주군 언양읍,부상신고사고,0,0,0,1,차량단독 - 전도전복 - 전도,안전운전불이행,건조,맑음,단일로 - 기타,승용,남,23세,부상신고,,,,
2017032500100102,2017년 3월 25일 05시,토요일,울산광역시 북구 염포동,경상사고,0,0,1,0,차대차 - 기타,안전거리미확보,건조,맑음,교차로 - 교차로안,승용,남,30세,상해없음,승용,남,22세,경상
2017032500100152,2017년 3월 25일 08시,토요일,울산광역시 남구 신정동,경상사고,0,0,1,0,차대차 - 측면충돌,안전거리미확보,건조,맑음,교차로 - 교차로부근,승용,남,69세,상해없음,이륜,남,44세,경상
2017032500100167,2017년 3월 25일 09시,토요일,울산광역시 울주군 온양읍,경상사고,0,0,1,0,차대차 - 측면충돌,직진우회전진행방해,건조,맑음,교차로 - 교차로안,승용,남,59세,상해없음,승용,남,28세,경상
2017032500100191,2017년 3월 25일 10시,토요일,울산광역시 북구 신천동,경상사고,0,0,1,0,차대차 - 측면충돌,신호위반,건조,맑음,교차로 - 교차로안,화물,남,48세,상해없음,승용,여,28세,경상
2017032500100192,2017년 3월 25일 10시,토요일,울산광역시 중구 반구동,경상사고,0,0,1,0,차대차 - 추돌,안전운전불이행,건조,맑음,단일로 - 기타,화물,남,36세,경상,승용,남,37세,상해없음
2017032500100193,2017년 3월 25일 10시,토요일,울산광역시 북구 상안동,중상사고,0,1,1,0,차대차 - 측면충돌,신호위반,건조,흐림,교차로 - 교차로안,원동기,남,33세,중상,승용,여,66세,경상
2017032500100202,2017년 3월 25일 11시,토요일,울산광역시 울주군 언양읍,경상사고,0,0,1,0,차대차 - 측면충돌,안전운전불이행,건조,맑음,단일로 - 기타,승용,남,71세,상해없음,승용,여,48세,경상
2017032500100228,2017년 3월 25일 11시,토요일,울산광역시 남구 무거동,중상사고,0,2,0,0,차대차 - 측면충돌,신호위반,건조,맑음,교차로 - 교차로안,승합,남,35세,상해없음,승합,남,47세,중상
2017032500100257,2017년 3월 25일 12시,토요일,울산광역시 중구 반구동,경상사고,0,0,1,0,차대차 - 추돌,안전운전불이행,건조,맑음,교차로 - 교차로부근,이륜,남,35세,상해없음,이륜,남,48세,경상
2017032500100310,2017년 3월 25일 14시,토요일,울산광역시 울주군 온산읍,경상사고,0,0,1,0,차대차 - 기타,안전운전불이행,건조,맑음,단일로 - 기타,승용,남,42세,상해없음,승용,여,42세,경상
2017032500100359,2017년 3월 25일 16시,토요일,울산광역시 남구 삼산동,경상사고,0,0,1,0,차대차 - 측면충돌,안전운전불이행,건조,맑음,단일로 - 기타,승용,여,52세,상해없음,승용,남,26세,경상
2017032500100418,2017년 3월 25일 18시,토요일,울산광역시 중구 학성동,부상신고사고,0,0,0,1,차대차 - 측면충돌,안전운전불이행,건조,맑음,교차로 - 교차로횡단보도내,이륜,남,34세,부상신고,승합,남,46세,상해없음
2017032500100463,2017년 3월 25일 19시,토요일,울산광역시 남구 달동,경상사고,0,0,1,0,차대사람 - 기타,안전운전불이행,건조,맑음,기타 - 기타,승합,남,51세,상해없음,보행자,남,26세,경상
2017032500100603,2017년 3월 25일 23시,토요일,울산광역시 남구 달동,중상사고,0,1,2,0,차대차 - 측면충돌,신호위반,젖음/습기,비,교차로 - 교차로안,승용,남,38세,상해없음,승용,남,54세,중상
2017032600100016,2017년 3월 26일 00시,일요일,울산광역시 북구 명촌동,중상사고,0,1,0,0,차대차 - 측면충돌,안전운전불이행,건조,맑음,단일로 - 기타,기타불명,기타불명,미분류,기타불명,자전거,남,45세,중상
2017032600100078,2017년 3월 26일 05시,일요일,울산광역시 남구 무거동,중상사고,0,1,0,0,차대사람 - 횡단중,안전운전불이행,건조,맑음,교차로 - 교차로안,승용,남,56세,상해없음,보행자,남,42세,중상
2017032600100099,2017년 3월 26일 07시,일요일,울산광역시 남구 신정동,경상사고,0,0,1,0,차량단독 - 공작물충돌,안전운전불이행,건조,맑음,단일로 - 기타,승용,남,42세,경상,,,,
2017032600100158,2017년 3월 26일 11시,일요일,울산광역시 울주군 상북면,중상사고,0,2,0,0,차량단독 - 공작물충돌,안전운전불이행,건조,맑음,교차로 - 교차로부근,승용,남,49세,중상,,,,
2017032600100249,2017년 3월 26일 15시,일요일,울산광역시 남구 삼산동,경상사고,0,0,1,0,차대차 - 측면충돌,교차로운행방법위반,건조,맑음,교차로 - 교차로안,화물,남,59세,상해없음,승용,남,49세,경상
2017032600100368,2017년 3월 26일 20시,일요일,울산광역시 북구 염포동,중상사고,0,1,1,0,차대사람 - 횡단중,보행자보호의무위반,젖음/습기,비,교차로 - 교차로횡단보도내,이륜,남,67세,경상,보행자,여,64세,중상
2017032600100369,2017년 3월 26일 20시,일요일,울산광역시 동구 서부동,경상사고,0,0,1,0,차대차 - 기타,중앙선침범,젖음/습기,비,교차로 - 교차로부근,기타불명,기타불명,미분류,기타불명,이륜,남,35세,경상
2017032600100400,2017년 3월 26일 21시,일요일,울산광역시 중구 우정동,경상사고,0,0,1,0,차대차 - 측면충돌,안전운전불이행,건조,맑음,단일로 - 기타,승용,여,45세,상해없음,승용,여,47세,경상
2017032600100434,2017년 3월 26일 23시,일요일,울산광역시 울주군 온양읍,중상사고,0,2,0,0,차대차 - 정면충돌,중앙선침범,젖음/습기,비,단일로 - 기타,승용,남,48세,상해없음,승합,남,42세,중상
2017032700100492,2017년 3월 27일 21시,월요일,울산광역시 남구 두왕동,경상사고,0,0,2,1,차대차 - 정면충돌,신호위반,젖음/습기,맑음,교차로 - 교차로안,화물,남,44세,부상신고,승용,남,41세,경상
2017032700100516,2017년 3월 27일 22시,월요일,울산광역시 울주군 웅촌면,중상사고,0,1,0,0,차대차 - 정면충돌,안전운전불이행,건조,맑음,교차로 - 교차로부근,승용,남,46세,상해없음,승용,남,37세,중상
2017032800100043,2017년 3월 28일 02시,화요일,울산광역시 울주군 온산읍,경상사고,0,0,1,0,차량단독 - 전도전복 - 전도,안전운전불이행,건조,맑음,단일로 - 기타,화물,남,29세,경상,,,,
2017032800100050,2017년 3월 28일 03시,화요일,울산광역시 남구 달동,경상사고,0,0,1,0,차대차 - 기타,안전운전불이행,젖음/습기,흐림,단일로 - 기타,승용,남,62세,상해없음,승용,여,50세,상해없음
2017032800100066,2017년 3월 28일 05시,화요일,울산광역시 북구 천곡동,부상신고사고,0,0,0,1,차대사람 - 차도통행중,안전운전불이행,건조,맑음,단일로 - 기타,승용,남,48세,상해없음,보행자,남,30세,부상신고
2017032800100263,2017년 3월 28일 13시,화요일,울산광역시 동구 전하동,중상사고,0,1,0,0,차대사람 - 횡단중,보행자보호의무위반,건조,맑음,교차로 - 교차로횡단보도내,화물,남,59세,상해없음,보행자,여,58세,중상
2017032800100410,2017년 3월 28일 18시,화요일,울산광역시 남구 달동,경상사고,0,0,1,0,차대사람 - 횡단중,안전운전불이행,건조,맑음,단일로 - 기타,승용,여,64세,상해없음,보행자,여,28세,경상
2017032800100535,2017년 3월 28일 22시,화요일,울산광역시 남구 신정동,경상사고,0,0,1,0,차대차 - 측면충돌,안전거리미확보,건조,맑음,교차로 - 교차로안,승용,남,62세,상해없음,승용,남,36세,경상
2017032900100062,2017년 3월 29일 03시,수요일,울산광역시 중구 약사동,경상사고,0,0,1,0,차대사람 - 횡단중,안전운전불이행,젖음/습기,흐림,교차로 - 교차로횡단보도내,승용,남,23세,상해없음,보행자,남,40세,경상
2017032900100077,2017년 3월 29일 05시,수요일,울산광역시 남구 삼산동,중상사고,0,1,0,0,차대사람 - 횡단중,안전운전불이행,건조,흐림,단일로 - 기타,화물,남,47세,상해없음,보행자,남,48세,중상
2017032900100175,2017년 3월 29일 09시,수요일,울산광역시 북구 진장동,경상사고,0,0,1,0,차대사람 - 횡단중,보행자보호의무위반,건조,맑음,교차로 - 교차로횡단보도내,승용,남,44세,상해없음,보행자,여,56세,경상
2017032900100260,2017년 3월 29일 13시,수요일,울산광역시 울주군 삼남면,부상신고사고,0,0,0,1,차대차 - 측면충돌,안전거리미확보,건조,맑음,단일로 - 기타,승용,남,50세,상해없음,이륜,남,66세,부상신고
2017032900100344,2017년 3월 29일 16시,수요일,울산광역시 울주군 삼남면,경상사고,0,0,1,0,차대차 - 측면충돌,교차로운행방법위반,건조,맑음,교차로 - 교차로안,승용,여,45세,상해없음,이륜,남,42세,경상
2017032900100413,2017년 3월 29일 18시,수요일,울산광역시 중구 남외동,경상사고,0,0,2,0,차대사람 - 횡단중,보행자보호의무위반,건조,맑음,단일로 - 기타,이륜,남,17세,경상,보행자,여,33세,경상
2017032900100414,2017년 3월 29일 18시,수요일,울산광역시 울주군 삼남면,중상사고,0,1,0,0,차대차 - 측면충돌,교차로운행방법위반,건조,맑음,교차로 - 교차로안,화물,남,68세,상해없음,화물,남,61세,중상
2017033000100032,2017년 3월 30일 00시,목요일,울산광역시 중구 학성동,경상사고,0,0,1,0,차대차 - 측면충돌,직진우회전진행방해,건조,맑음,교차로 - 교차로안,승용,남,45세,상해없음,이륜,남,36세,경상
2017033000100043,2017년 3월 30일 01시,목요일,울산광역시 남구 신정동,경상사고,0,0,1,0,차량단독 - 공작물충돌,안전운전불이행,건조,맑음,교차로 - 교차로안,승용,남,28세,경상,,,,
2017033000100116,2017년 3월 30일 07시,목요일,울산광역시 동구 전하동,중상사고,0,1,1,0,차대차 - 추돌,안전운전불이행,건조,맑음,단일로 - 기타,기타불명,기타불명,미분류,기타불명,이륜,남,63세,중상
2017033000100150,2017년 3월 30일 08시,목요일,울산광역시 남구 야음동,경상사고,0,0,1,1,차대차 - 측면충돌,신호위반,건조,맑음,교차로 - 교차로안,승용,남,43세,부상신고,승용,여,50세,경상
2017033000100297,2017년 3월 30일 14시,목요일,울산광역시 울주군 온산읍,부상신고사고,0,0,0,1,차대차 - 측면충돌,안전운전불이행,건조,맑음,단일로 - 기타,이륜,남,52세,부상신고,승용,남,55세,상해없음
2017033000100298,2017년 3월 30일 14시,목요일,울산광역시 울주군 청량면,경상사고,0,0,1,0,차대차 - 추돌,안전운전불이행,건조,맑음,단일로 - 기타,승용,여,27세,상해없음,자전거,남,47세,경상
2017033000100403,2017년 3월 30일 17시,목요일,울산광역시 남구 무거동,중상사고,0,1,0,0,차대사람 - 횡단중,보행자보호의무위반,건조,맑음,교차로 - 교차로횡단보도내,승용,여,61세,상해없음,보행자,남,8세,중상
2017033000100434,2017년 3월 30일 18시,목요일,울산광역시 동구 방어동,경상사고,0,0,1,0,차대차 - 기타,직진우회전진행방해,건조,맑음,교차로 - 교차로안,승용,남,37세,상해없음,이륜,남,23세,경상
2017033000100467,2017년 3월 30일 19시,목요일,울산광역시 중구 태화동,경상사고,0,0,2,0,차대차 - 측면충돌,안전운전불이행,건조,맑음,단일로 - 기타,승용,남,30세,상해없음,승용,남,43세,경상
2017033000100468,2017년 3월 30일 19시,목요일,울산광역시 북구 염포동,중상사고,0,1,1,0,차대차 - 정면충돌,안전운전불이행,건조,맑음,단일로 - 기타,승용,여,48세,상해없음,승합,남,42세,중상
2017033000100499,2017년 3월 30일 20시,목요일,울산광역시 남구 무거동,중상사고,0,2,0,0,차대차 - 측면충돌,차로위반,건조,맑음,단일로 - 기타,화물,남,49세,상해없음,승용,여,45세,중상
2017033000100521,2017년 3월 30일 21시,목요일,울산광역시 북구 연암동,중상사고,0,1,0,0,차대차 - 측면충돌,안전운전불이행,건조,맑음,단일로 - 기타,승용,남,61세,상해없음,승용,남,21세,중상
2017033000100555,2017년 3월 30일 22시,목요일,울산광역시 동구 방어동,중상사고,0,1,0,0,차량단독 - 공작물충돌,안전운전불이행,건조,맑음,교차로 - 교차로부근,승용,남,47세,상해없음,,,,
2017033000100576,2017년 3월 30일 23시,목요일,울산광역시 중구 반구동,경상사고,0,0,1,0,차대사람 - 횡단중,안전운전불이행,건조,맑음,단일로 - 기타,자전거,남,26세,상해없음,보행자,여,62세,경상
2017033000100577,2017년 3월 30일 23시,목요일,울산광역시 북구 명촌동,중상사고,0,1,0,0,차대차 - 기타,안전거리미확보,건조,흐림,교차로 - 교차로부근,기타불명,기타불명,미분류,기타불명,원동기,남,47세,중상
2017033000100578,2017년 3월 30일 23시,목요일,울산광역시 울주군 청량면,중상사고,0,1,0,0,차량단독 - 전도전복 - 전도,안전운전불이행,건조,맑음,교차로 - 교차로부근,승용,남,73세,상해없음,,,,
2017033100100084,2017년 3월 31일 06시,금요일,울산광역시 중구 반구동,중상사고,0,1,0,0,차량단독 - 전도전복 - 전도,안전운전불이행,건조,맑음,단일로 - 교량,이륜,남,52세,중상,,,,
2017033100100109,2017년 3월 31일 07시,금요일,울산광역시 울주군 언양읍,중상사고,0,1,0,0,차대사람 - 횡단중,안전운전불이행,건조,맑음,단일로 - 기타,승용,남,47세,상해없음,보행자,남,15세,중상
2017033100100154,2017년 3월 31일 08시,금요일,울산광역시 남구 상개동,중상사고,0,1,0,0,차대차 - 측면충돌,신호위반,젖음/습기,비,교차로 - 교차로안,승합,남,63세,상해없음,원동기,남,24세,중상
2017033100100155,2017년 3월 31일 08시,금요일,울산광역시 남구 두왕동,중상사고,0,2,1,0,차대차 - 측면충돌,안전거리미확보,건조,맑음,단일로 - 기타,건설기계,남,55세,상해없음,승용,남,63세,중상
2017033100100156,2017년 3월 31일 08시,금요일,울산광역시 울주군 상북면,경상사고,0,0,2,1,차대차 - 정면충돌,직진우회전진행방해,건조,흐림,교차로 - 교차로안,승용,남,72세,상해없음,화물,남,67세,경상
2017033100100305,2017년 3월 31일 13시,금요일,울산광역시 남구 무거동,경상사고,0,0,1,0,차대차 - 측면충돌,안전운전불이행,건조,맑음,단일로 - 기타,원동기,남,17세,상해없음,승용,여,38세,경상
2017033100100325,2017년 3월 31일 14시,금요일,울산광역시 남구 부곡동,경상사고,0,0,1,0,차대차 - 기타,안전운전불이행,젖음/습기,맑음,교차로 - 교차로부근,화물,남,37세,상해없음,승용,남,69세,경상
2017033100100355,2017년 3월 31일 15시,금요일,울산광역시 중구 성남동,중상사고,0,1,0,0,차대차 - 측면충돌,안전운전불이행,건조,맑음,단일로 - 기타,승용,여,58세,상해없음,이륜,남,40세,중상
2017033100100424,2017년 3월 31일 17시,금요일,울산광역시 남구 삼산동,중상사고,0,1,0,0,차량단독 - 기타,기타,건조,맑음,단일로 - 기타,승합,남,57세,상해없음,,,,
2017033100100498,2017년 3월 31일 19시,금요일,울산광역시 남구 무거동,중상사고,0,1,0,0,차대차 - 기타,안전거리미확보,건조,맑음,교차로 - 교차로부근,승용,남,48세,상해없음,이륜,남,17세,중상
2017033100100579,2017년 3월 31일 21시,금요일,울산광역시 남구 야음동,부상신고사고,0,0,0,1,차대사람 - 횡단중,안전운전불이행,젖음/습기,비,교차로 - 교차로안,승용,여,20세,상해없음,보행자,남,16세,부상신고
2017033100100648,2017년 3월 31일 23시,금요일,울산광역시 중구 우정동,경상사고,0,0,3,0,차대차 - 기타,안전운전불이행,젖음/습기,비,교차로 - 교차로부근,승용,남,56세,상해없음,승용,여,46세,경상
2017040100100043,2017년 4월 1일 00시,토요일,울산광역시 북구 명촌동,경상사고,0,0,1,0,차대차 - 추돌,안전운전불이행,젖음/습기,비,단일로 - 기타,승용,남,25세,상해없음,승용,여,54세,경상
2017040100100044,2017년 4월 1일 00시,토요일,울산광역시 남구 신정동,부상신고사고,0,0,0,1,차량단독 - 전도전복,안전운전불이행,젖음/습기,비,단일로 - 기타,승용,남,46세,부상신고,미분류,미분류,미분류,미분류
2017040100100045,2017년 4월 1일 00시,토요일,울산광역시 남구 삼산동,경상사고,0,0,1,0,차대차 - 측면충돌,안전운전불이행,젖음/습기,비,교차로 - 교차로부근,승용,남,23세,상해없음,승용,여,31세,경상
2017040100100065,2017년 4월 1일 01시,토요일,울산광역시 남구 달동,중상사고,0,1,0,0,차대사람 - 횡단중,보행자보호의무위반,젖음/습기,비,교차로 - 교차로안,승용,남,55세,상해없음,보행자,남,36세,중상
2017040100100162,2017년 4월 1일 08시,토요일,울산광역시 남구 여천동,사망사고,1,0,0,0,차대차 - 측면충돌,중앙선침범,젖음/습기,비,단일로 - 기타,화물,남,56세,상해없음,승용,남,54세,사망
2017040100100306,2017년 4월 1일 14시,토요일,울산광역시 중구 남외동,중상사고,0,1,1,0,차대차 - 추돌,신호위반,건조,맑음,교차로 - 교차로안,승용,남,36세,상해없음,승용,남,42세,중상
2017040100100307,2017년 4월 1일 14시,토요일,울산광역시 남구 신정동,경상사고,0,0,1,0,차대차 - 측면충돌,교차로운행방법위반,젖음/습기,비,교차로 - 교차로안,승용,여,47세,상해없음,화물,남,66세,상해없음
2017040100100347,2017년 4월 1일 15시,토요일,울산광역시 울주군 삼남면,중상사고,0,1,2,0,차대차 - 측면충돌,교차로운행방법위반,젖음/습기,비,교차로 - 교차로안,승용,남,42세,기타불명,승용,남,55세,경상
2017040100100424,2017년 4월 1일 17시,토요일,울산광역시 동구 전하동,경상사고,0,0,1,0,차대사람 - 보도통행중,중앙선침범,젖음/습기,비,단일로 - 기타,이륜,남,57세,상해없음,보행자,남,58세,경상
2017040100100460,2017년 4월 1일 18시,토요일,울산광역시 동구 일산동,중상사고,0,1,0,0,차대차 - 정면충돌,안전운전불이행,젖음/습기,비,교차로 - 교차로부근,승용,여,29세,상해없음,이륜,남,46세,중상