사고번호,사고일시,요일,시군구,사고내용,사망자수,중상자수,경상자수,부상신고자수,사고유형,법규위반,노면상태,기상상태,도로형태,가해운전자 차종,가해운전자 성별,가해운전자 연령,가해운전자 상해정도,피해운전자 차종,피해운전자 성별,피해운전자 연령,피해운전자 상해정도
2017040100100467,2017년 4월 1일 19시,토요일,울산광역시 울주군 언양읍,중상사고,0,3,3,0,차대차 - 추돌,안전거리미확보,젖음/습기,흐림,기타 - 기타,승용,여,49세,중상,승용,남,51세,경상
2017040100100493,2017년 4월 1일 19시,토요일,울산광역시 북구 상안동,중상사고,0,1,0,0,차량단독 - 전도전복 - 전도,안전운전불이행,젖음/습기,비,단일로 - 기타,화물,남,44세,상해없음,,,,
2017040100100494,2017년 4월 1일 19시,토요일,울산광역시 남구 무거동,경상사고,0,0,1,0,차대차 - 측면충돌,신호위반,건조,맑음,교차로 - 교차로안,승용,남,63세,상해없음,승용,남,50세,경상
2017040100100519,2017년 4월 1일 20시,토요일,울산광역시 울주군 범서읍,경상사고,0,0,1,0,차대차 - 기타,교차로운행방법위반,건조,맑음,단일로 - 기타,승용,남,54세,기타불명,이륜,남,46세,경상
2017040100100543,2017년 4월 1일 21시,토요일,울산광역시 남구 무거동,경상사고,0,0,1,0,차대사람 - 횡단중,안전운전불이행,젖음/습기,흐림,단일로 - 기타,원동기,남,19세,상해없음,보행자,남,48세,경상
2017040100100567,2017년 4월 1일 22시,토요일,울산광역시 남구 달동,중상사고,0,1,0,0,차대차 - 측면충돌,교차로운행방법위반,건조,맑음,교차로 - 교차로안,승용,남,36세,상해없음,원동기,남,36세,중상
2017040200100038,2017년 4월 2일 00시,일요일,울산광역시 남구 달동,경상사고,0,0,1,0,차대사람 - 횡단중,보행자보호의무위반,건조,맑음,교차로 - 교차로횡단보도내,승용,남,55세,상해없음,보행자,남,40세,경상
2017040200100069,2017년 4월 2일 02시,일요일,울산광역시 중구 반구동,경상사고,0,0,1,0,차대차 - 추돌,안전운전불이행,건조,흐림,단일로 - 기타,승용,여,61세,상해없음,승용,남,31세,경상
2017040200100081,2017년 4월 2일 03시,일요일,울산광역시 남구 여천동,중상사고,0,1,1,0,차대차 - 측면충돌,신호위반,건조,맑음,교차로 - 교차로안,승용,남,29세,중상,승용,남,55세,경상
2017040200100088,2017년 4월 2일 04시,일요일,울산광역시 중구 북정동,경상사고,0,0,1,0,차대차 - 측면충돌,안전거리미확보,건조,맑음,교차로 - 교차로부근,화물,남,69세,상해없음,승용,남,68세,경상
2017040200100147,2017년 4월 2일 09시,일요일,울산광역시 북구 중산동,중상사고,0,1,0,0,차대차 - 측면충돌,직진우회전진행방해,건조,맑음,교차로 - 교차로안,승용,남,41세,상해없음,이륜,남,52세,중상
2017040200100218,2017년 4월 2일 12시,일요일,울산광역시 남구 신정동,중상사고,0,1,0,0,차대차 - 측면충돌,교차로운행방법위반,건조,맑음,교차로 - 교차로안,승용,남,66세,상해없음,이륜,남,49세,중상
2017040200100308,2017년 4월 2일 15시,일요일,울산광역시 울주군 삼남면,부상신고사고,0,0,0,3,차대차 - 정면충돌,직진우회전진행방해,건조,맑음,교차로 - 교차로안,승용,남,25세,부상신고,승용,남,53세,부상신고
2017040200100334,2017년 4월 2일 16시,일요일,울산광역시 울주군 범서읍,중상사고,0,2,1,0,차대차 - 추돌,안전거리미확보,건조,맑음,단일로 - 고가도로위,화물,남,57세,상해없음,승용,남,32세,중상
2017040200100368,2017년 4월 2일 17시,일요일,울산광역시 중구 다운동,중상사고,0,1,1,0,차대차 - 측면충돌,중앙선침범,건조,맑음,단일로 - 기타,승용,남,70세,상해없음,승용,남,68세,경상
2017040200100419,2017년 4월 2일 19시,일요일,울산광역시 중구 태화동,중상사고,0,1,0,0,차대차 - 정면충돌,교차로운행방법위반,건조,맑음,교차로 - 교차로횡단보도내,화물,남,52세,상해없음,이륜,남,49세,중상
2017040200100420,2017년 4월 2일 19시,일요일,울산광역시 남구 삼산동,경상사고,0,0,1,0,차대차 - 측면충돌,신호위반,건조,맑음,교차로 - 교차로부근,이륜,남,27세,경상,승용,남,47세,상해없음
2017040200100486,2017년 4월 2일 23시,일요일,울산광역시 남구 무거동,경상사고,0,0,1,0,차대차 - 기타,차로위반,건조,맑음,교차로 - 교차로부근,화물,남,41세,상해없음,승용,남,47세,경상
2017040300100098,2017년 4월 3일 07시,월요일,울산광역시 중구 태화동,경상사고,0,0,4,0,차대차 - 측면충돌,교차로운행방법위반,건조,맑음,교차로 - 교차로안,승용,여,45세,상해없음,승용,남,62세,경상
2017040300100099,2017년 4월 3일 07시,월요일,울산광역시 남구 야음동,경상사고,0,0,1,0,차대차 - 측면충돌,중앙선침범,건조,맑음,단일로 - 기타,자전거,남,48세,경상,승용,여,27세,상해없음
2017040300100100,2017년 4월 3일 07시,월요일,울산광역시 남구 삼산동,경상사고,0,0,1,0,차대차 - 기타,안전운전불이행,기타,기타,단일로 - 기타,승용,여,19세,상해없음,승용,남,30세,경상
2017040300100232,2017년 4월 3일 11시,월요일,울산광역시 중구 반구동,경상사고,0,0,1,0,차대차 - 정면충돌,안전운전불이행,건조,맑음,단일로 - 기타,자전거,남,16세,경상,승용,남,48세,상해없음
2017040300100354,2017년 4월 3일 15시,월요일,울산광역시 남구 달동,경상사고,0,0,1,0,차대차 - 측면충돌,안전운전불이행,건조,맑음,단일로 - 기타,승합,여,56세,상해없음,승용,여,29세,경상
2017040300100355,2017년 4월 3일 15시,월요일,울산광역시 북구 무룡동,중상사고,0,1,0,0,차대차 - 추돌,안전운전불이행,건조,맑음,단일로 - 기타,화물,남,49세,상해없음,승용,여,44세,중상
2017040300100432,2017년 4월 3일 17시,월요일,울산광역시 북구 상안동,경상사고,0,0,1,0,차대차 - 기타,직진우회전진행방해,건조,맑음,교차로 - 교차로부근,승용,여,62세,상해없음,이륜,남,39세,경상
2017040300100509,2017년 4월 3일 19시,월요일,울산광역시 울주군 언양읍,중상사고,0,1,0,0,차대사람 - 횡단중,보행자보호의무위반,건조,맑음,교차로 - 교차로부근,승용,여,64세,상해없음,보행자,남,49세,중상
2017040300100549,2017년 4월 3일 20시,월요일,울산광역시 남구 신정동,경상사고,0,0,1,0,차대차 - 측면충돌,안전거리미확보,건조,맑음,단일로 - 기타,승용,남,26세,경상,승합,남,42세,상해없음
2017040300100572,2017년 4월 3일 21시,월요일,울산광역시 동구 방어동,경상사고,0,0,3,0,차대차 - 정면충돌,안전운전불이행,젖음/습기,비,교차로 - 교차로부근,승용,남,36세,상해없음,승용,남,45세,경상
2017040300100593,2017년 4월 3일 22시,월요일,울산광역시 남구 무거동,경상사고,0,0,1,0,차대차 - 측면충돌,안전운전불이행,건조,맑음,단일로 - 기타,승용,남,62세,상해없음,승용,남,48세,경상
2017040300100594,2017년 4월 3일 22시,월요일,울산광역시 동구 전하동,경상사고,0,0,1,0,차대차 - 정면충돌,직진우회전진행방해,건조,맑음,교차로 - 교차로안,이륜,남,14세,상해없음,승용,남,58세,상해없음
2017040300100595,2017년 4월 3일 22시,월요일,울산광역시 북구 염포동,경상사고,0,0,1,0,차대차 - 추돌,안전운전불이행,건조,맑음,교차로 - 교차로부근,화물,남,34세,상해없음,승용,여,32세,경상
2017040300100596,2017년 4월 3일 22시,월요일,울산광역시 울주군 언양읍,부상신고사고,0,0,0,1,차대차 - 정면충돌,직진우회전진행방해,건조,맑음,교차로 - 교차로안,승용,남,51세,부상신고,화물,남,44세,상해없음
2017040300100608,2017년 4월 3일 23시,월요일,울산광역시 북구 신천동,경상사고,0,0,1,0,차대차 - 추돌,안전운전불이행,건조,맑음,단일로 - 기타,승용,남,52세,상해없음,승용,남,37세,경상
2017040400100086,2017년 4월 4일 07시,화요일,울산광역시 울주군 청량면,중상사고,0,1,0,0,차대차 - 추돌,안전운전불이행,건조,맑음,단일로 - 기타,화물,남,43세,상해없음,건설기계,남,48세,중상
2017040400100155,2017년 4월 4일 09시,화요일,울산광역시 중구 학산동,중상사고,0,1,0,0,차대차 - 측면충돌,안전운전불이행,건조,맑음,교차로 - 교차로안,승용,여,48세,상해없음,자전거,남,82세,중상
2017040400100181,2017년 4월 4일 10시,화요일,울산광역시 동구 일산동,경상사고,0,0,3,0,차대차 - 정면충돌,교차로운행방법위반,건조,맑음,교차로 - 교차로부근,승용,남,29세,상해없음,승용,남,56세,경상
2017040400100288,2017년 4월 4일 14시,화요일,울산광역시 중구 서동,중상사고,0,1,0,0,차대차 - 기타,안전운전불이행,건조,맑음,단일로 - 기타,승용,여,48세,상해없음,이륜,남,80세,중상
2017040400100354,2017년 4월 4일 16시,화요일,울산광역시 울주군 상북면,중상사고,0,1,2,0,차대차 - 정면충돌,신호위반,건조,맑음,교차로 - 교차로안,화물,남,38세,경상,승용,여,63세,중상
2017040400100456,2017년 4월 4일 20시,화요일,울산광역시 중구 성안동,경상사고,0,0,1,0,차대사람 - 기타,안전운전불이행,건조,맑음,단일로 - 기타,승용,남,70세,상해없음,보행자,남,65세,경상
2017040400100499,2017년 4월 4일 22시,화요일,울산광역시 동구 일산동,경상사고,0,0,1,0,차대사람 - 기타,안전운전불이행,건조,맑음,단일로 - 기타,승용,남,29세,상해없음,보행자,남,34세,경상
2017040400100521,2017년 4월 4일 23시,화요일,울산광역시 남구 신정동,중상사고,0,1,2,0,차대차 - 측면충돌,안전거리미확보,건조,맑음,단일로 - 기타,승용,남,58세,상해없음,승용,남,48세,중상
2017040400100522,2017년 4월 4일 23시,화요일,울산광역시 동구 일산동,경상사고,0,0,1,0,차대차 - 추돌,안전거리미확보,건조,맑음,단일로 - 기타,이륜,남,35세,상해없음,승용,남,66세,상해없음
2017040500100032,2017년 4월 5일 00시,수요일,울산광역시 남구 신정동,경상사고,0,0,2,0,차대차 - 기타,안전운전불이행,건조,맑음,교차로 - 교차로부근,승용,남,34세,상해없음,승용,남,32세,경상
2017040500100087,2017년 4월 5일 06시,수요일,울산광역시 울주군 두서면,사망사고,1,1,0,0,차대차 - 기타,안전운전불이행,건조,맑음,단일로 - 기타,승용,여,50세,중상,화물,기타불명,미분류,기타불명
2017040500100285,2017년 4월 5일 14시,수요일,울산광역시 중구 옥교동,중상사고,0,1,0,0,차대차 - 측면충돌,교차로운행방법위반,건조,맑음,교차로 - 교차로안,승용,여,59세,상해없음,이륜,여,35세,중상
2017040500100286,2017년 4월 5일 14시,수요일,울산광역시 울주군 언양읍,사망사고,1,0,0,0,차대사람 - 횡단중,보행자보호의무위반,젖음/습기,비,교차로 - 교차로횡단보도내,화물,남,59세,상해없음,보행자,여,70세,사망
2017040500100442,2017년 4월 5일 18시,수요일,울산광역시 중구 다운동,경상사고,0,0,1,0,차대차 - 측면충돌,안전운전불이행,건조,맑음,교차로 - 교차로부근,승합,남,55세,상해없음,승합,남,71세,경상
2017040500100555,2017년 4월 5일 20시,수요일,울산광역시 남구 옥동,중상사고,0,1,0,0,차대사람 - 횡단중,신호위반,젖음/습기,비,교차로 - 교차로안,승용,여,33세,상해없음,보행자,여,37세,중상
2017040500100556,2017년 4월 5일 20시,수요일,울산광역시 울주군 청량면,중상사고,0,1,0,0,차대사람 - 차도통행중,안전운전불이행,젖음/습기,비,단일로 - 기타,승용,남,38세,상해없음,보행자,남,62세,중상
2017040500100604,2017년 4월 5일 21시,수요일,울산광역시 북구 호계동,경상사고,0,0,1,0,차대사람 - 횡단중,안전운전불이행,젖음/습기,비,단일로 - 기타,승용,남,50세,상해없음,보행자,여,48세,경상
2017040500100605,2017년 4월 5일 21시,수요일,울산광역시 울주군 언양읍,경상사고,0,0,1,0,차대차 - 정면충돌,중앙선침범,젖음/습기,비,교차로 - 교차로부근,승용,남,63세,상해없음,승용,남,43세,경상
2017040500100705,2017년 4월 5일 23시,수요일,울산광역시 중구 남외동,중상사고,0,1,0,0,차대사람 - 횡단중,안전운전불이행,젖음/습기,비,교차로 - 교차로부근,승용,남,63세,상해없음,보행자,여,22세,중상
2017040500100706,2017년 4월 5일 23시,수요일,울산광역시 남구 옥동,경상사고,0,0,1,0,차대차 - 기타,교차로운행방법위반,건조,맑음,교차로 - 교차로안,승용,여,36세,상해없음,승용,여,34세,경상
2017040600100048,2017년 4월 6일 00시,목요일,울산광역시 북구 진장동,경상사고,0,0,1,0,차대차 - 측면충돌,신호위반,젖음/습기,비,교차로 - 교차로안,승용,남,36세,상해없음,승용,남,46세,경상
2017040600100120,2017년 4월 6일 05시,목요일,울산광역시 남구 매암동,중상사고,0,1,0,0,차대사람 - 기타,안전운전불이행,젖음/습기,흐림,주차장 - 주차장,화물,남,42세,상해없음,보행자,남,43세,중상
2017040600100164,2017년 4월 6일 07시,목요일,울산광역시 울주군 온산읍,경상사고,0,0,1,0,차대차 - 측면충돌,교차로운행방법위반,젖음/습기,비,교차로 - 교차로안,승용,남,50세,경상,화물,남,44세,상해없음
2017040600100197,2017년 4월 6일 08시,목요일,울산광역시 북구 송정동,경상사고,0,0,1,0,차대차 - 측면충돌,안전운전불이행,젖음/습기,비,교차로 - 교차로안,승용,여,40세,상해없음,승용,남,48세,경상
2017040600100198,2017년 4월 6일 08시,목요일,울산광역시 남구 무거동,부상신고사고,0,0,0,1,차량단독 - 기타,안전운전불이행,젖음/습기,비,단일로 - 기타,승합,남,28세,상해없음,,,,
2017040600100357,2017년 4월 6일 14시,목요일,울산광역시 남구 매암동,경상사고,0,0,1,0,차대차 - 측면충돌,불법유턴,젖음/습기,흐림,단일로 - 기타,승용,남,46세,상해없음,승용,남,43세,경상
2017040600100382,2017년 4월 6일 15시,목요일,울산광역시 남구 삼산동,경상사고,0,0,1,0,차대차 - 기타,안전운전불이행,젖음/습기,흐림,기타 - 기타,승용,남,77세,상해없음,이륜,남,56세,경상
2017040600100412,2017년 4월 6일 16시,목요일,울산광역시 중구 반구동,경상사고,0,0,1,0,차대사람 - 기타,안전운전불이행,건조,맑음,단일로 - 기타,승용,여,27세,상해없음,보행자,남,3세,경상
2017040600100453,2017년 4월 6일 17시,목요일,울산광역시 동구 미포동,경상사고,0,0,1,0,차대차 - 추돌,안전운전불이행,건조,맑음,교차로 - 교차로부근,승용,남,63세,상해없음,승용,남,35세,경상
2017040600100523,2017년 4월 6일 19시,목요일,울산광역시 북구 천곡동,경상사고,0,0,1,0,차대사람 - 횡단중,안전운전불이행,건조,맑음,교차로 - 교차로안,승용,여,23세,상해없음,보행자,여,15세,경상
2017040600100524,2017년 4월 6일 19시,목요일,울산광역시 중구 태화동,경상사고,0,0,1,0,차대사람 - 횡단중,안전운전불이행,건조,흐림,단일로 - 기타,승합,남,33세,상해없음,보행자,여,65세,경상
2017040600100525,2017년 4월 6일 19시,목요일,울산광역시 울주군 온산읍,경상사고,0,0,2,0,차대차 - 측면충돌,교차로운행방법위반,건조,맑음,교차로 - 교차로안,승용,남,59세,상해없음,승용,남,30세,경상
2017040600100526,2017년 4월 6일 19시,목요일,울산광역시 울주군 상북면,경상사고,0,0,1,0,차대차 - 정면충돌,안전운전불이행,건조,맑음,단일로 - 기타,승용,남,47세,상해없음,자전거,남,51세,경상
2017040600100592,2017년 4월 6일 22시,목요일,울산광역시 북구 중산동,부상신고사고,0,0,0,1,차량단독 - 전도전복,안전운전불이행,건조,맑음,교차로 - 교차로안,승용,남,57세,부상신고,미분류,미분류,미분류,미분류
2017040600100620,2017년 4월 6일 23시,목요일,울산광역시 중구 약사동,중상사고,0,1,0,0,차대사람 - 횡단중,안전운전불이행,건조,맑음,단일로 - 기타,승용,여,24세,상해없음,보행자,여,38세,중상
2017040700100061,2017년 4월 7일 04시,금요일,울산광역시 남구 삼산동,경상사고,0,0,1,0,차대사람 - 횡단중,안전운전불이행,건조,맑음,교차로 - 교차로횡단보도내,승용,남,62세,상해없음,보행자,여,28세,경상
2017040700100103,2017년 4월 7일 07시,금요일,울산광역시 남구 여천동,경상사고,0,0,3,0,차대차 - 기타,신호위반,건조,맑음,교차로 - 교차로안,승용,남,33세,경상,승용,남,40세,경상
2017040700100166,2017년 4월 7일 09시,금요일,울산광역시 동구 화정동,중상사고,0,1,1,0,차대차 - 정면충돌,안전운전불이행,건조,맑음,교차로 - 교차로부근,승용,남,47세,상해없음,화물,여,58세,중상
2017040700100259,2017년 4월 7일 12시,금요일,울산광역시 남구 신정동,중상사고,0,1,0,0,차대차 - 추돌,안전운전불이행,건조,맑음,단일로 - 기타,승용,남,48세,상해없음,승용,남,43세,중상
2017040700100260,2017년 4월 7일 12시,금요일,울산광역시 울주군 온산읍,경상사고,0,0,1,0,차대차 - 기타,차로위반,건조,맑음,교차로 - 교차로부근,승용,여,52세,상해없음,화물,남,34세,경상
2017040700100434,2017년 4월 7일 17시,금요일,울산광역시 남구 신정동,경상사고,0,0,1,0,차대사람 - 횡단중,안전운전불이행,건조,맑음,교차로 - 교차로부근,승용,남,41세,상해없음,보행자,여,15세,경상
2017040700100435,2017년 4월 7일 17시,금요일,울산광역시 울주군 온양읍,경상사고,0,0,1,0,차대차 - 정면충돌,중앙선침범,건조,맑음,교차로 - 교차로부근,승합,남,62세,상해없음,이륜,남,59세,경상
2017040700100582,2017년 4월 7일 21시,금요일,울산광역시 울주군 삼남면,경상사고,0,0,1,0,차대사람 - 횡단중,보행자보호의무위반,건조,맑음,교차로 - 교차로횡단보도내,승용,남,57세,상해없음,보행자,남,28세,경상
2017040700100643,2017년 4월 7일 23시,금요일,울산광역시 동구 전하동,중상사고,0,1,0,0,차대사람 - 횡단중,기타,건조,맑음,단일로 - 기타,승용,여,55세,상해없음,보행자,남,29세,중상
2017040800100039,2017년 4월 8일 00시,토요일,울산광역시 중구 학산동,중상사고,0,1,0,0,차대차 - 측면충돌,신호위반,건조,맑음,교차로 - 교차로안,이륜,남,23세,중상,승용,남,28세,상해없음
2017040800100085,2017년 4월 8일 03시,토요일,울산광역시 남구 삼산동,경상사고,0,0,1,0,차대차 - 기타,교차로운행방법위반,건조,맑음,교차로 - 교차로안,승용,남,60세,상해없음,기타불명,기타불명,미분류,기타불명
2017040800100126,2017년 4월 8일 06시,토요일,울산광역시 북구 진장동,경상사고,0,0,1,0,차대차 - 추돌,안전운전불이행,건조,맑음,단일로 - 기타,승용,남,27세,경상,승합,남,61세,상해없음
2017040800100143,2017년 4월 8일 07시,토요일,울산광역시 북구 상안동,중상사고,0,1,2,0,차대차 - 추돌,안전운전불이행,건조,맑음,단일로 - 기타,승용,남,42세,경상,승용,남,80세,중상
2017040800100166,2017년 4월 8일 08시,토요일,울산광역시 중구 남외동,경상사고,0,0,1,0,차대차 - 측면충돌,신호위반,건조,맑음,교차로 - 교차로안,승용,남,68세,상해없음,승용,남,49세,경상
2017040800100244,2017년 4월 8일 11시,토요일,울산광역시 남구 삼산동,중상사고,0,1,1,0,차대차 - 측면충돌,안전거리미확보,건조,맑음,단일로 - 기타,승용,남,66세,중상,승용,남,41세,경상
2017040800100288,2017년 4월 8일 12시,토요일,울산광역시 중구 태화동,경상사고,0,0,1,0,차대사람 - 횡단중,안전운전불이행,건조,맑음,단일로 - 기타,승용,남,35세,상해없음,보행자,남,11세,경상
2017040800100364,2017년 4월 8일 14시,토요일,울산광역시 울주군 청량면,부상신고사고,0,0,0,1,차대사람 - 횡단중,안전운전불이행,건조,맑음,단일로 - 기타,승용,남,71세,상해없음,보행자,남,66세,부상신고
2017040800100402,2017년 4월 8일 15시,토요일,울산광역시 남구 신정동,경상사고,0,0,1,0,차대차 - 측면충돌,교차로운행방법위반,건조,맑음,교차로 - 교차로안,화물,남,59세,상해없음,원동기,남,39세,경상
2017040800100442,2017년 4월 8일 16시,토요일,울산광역시 울주군 범서읍,중상사고,0,1,0,0,차대차 - 측면충돌,안전운전불이행,건조,맑음,교차로 - 교차로안,승용,남,42세,상해없음,이륜,남,33세,중상
2017040800100551,2017년 4월 8일 19시,토요일,울산광역시 남구 달동,경상사고,0,0,1,0,차대차 - 정면충돌,안전운전불이행,건조,맑음,단일로 - 기타,승용,남,20세,상해없음,승용,여,39세,경상
2017040800100581,2017년 4월 8일 20시,토요일,울산광역시 남구 야음동,경상사고,0,0,2,0,차대차 - 측면충돌,중앙선침범,건조,맑음,단일로 - 기타,승용,남,23세,상해없음,화물,여,35세,경상
2017040800100582,2017년 4월 8일 20시,토요일,울산광역시 동구 일산동,경상사고,0,0,4,0,차대차 - 후진중충돌,안전운전불이행,건조,맑음,단일로 - 기타,승용,남,21세,상해없음,승용,여,29세,경상
2017040800100635,2017년 4월 8일 22시,토요일,울산광역시 남구 삼산동,중상사고,0,1,1,0,차대차 - 추돌,안전운전불이행,건조,맑음,교차로 - 교차로안,승용,남,45세,상해없음,승용,남,55세,중상
2017040800100662,2017년 4월 8일 23시,토요일,울산광역시 중구 남외동,경상사고,0,0,5,0,차대차 - 정면충돌,신호위반,건조,맑음,교차로 - 교차로안,승용,여,36세,상해없음,승용,남,61세,경상
2017040900100048,2017년 4월 9일 01시,일요일,울산광역시 남구 신정동,중상사고,0,1,1,0,차대차 - 측면충돌,신호위반,건조,흐림,교차로 - 교차로안,이륜,남,28세,중상,승용,남,45세,경상
2017040900100082,2017년 4월 9일 03시,일요일,울산광역시 남구 달동,경상사고,0,0,2,0,차대차 - 추돌,안전운전불이행,건조,맑음,교차로 - 교차로부근,승용,남,38세,상해없음,승용,남,54세,경상
2017040900100114,2017년 4월 9일 07시,일요일,울산광역시 울주군 온산읍,경상사고,0,0,1,0,차대차 - 측면충돌,교차로운행방법위반,건조,맑음,교차로 - 교차로안,건설기계,남,43세,상해없음,승용,남,33세,경상
2017040900100201,2017년 4월 9일 12시,일요일,울산광역시 동구 일산동,중상사고,0,1,0,0,차대차 - 기타,중앙선침범,건조,맑음,단일로 - 기타,승용,남,29세,상해없음,이륜,남,46세,중상
2017040900100261,2017년 4월 9일 14시,일요일,울산광역시 남구 신정동,경상사고,0,0,1,0,차대차 - 정면충돌,교차로운행방법위반,건조,맑음,교차로 - 교차로안,승용,남,74세,상해없음,승용,남,68세,경상
2017040900100279,2017년 4월 9일 15시,일요일,울산광역시 동구 화정동,경상사고,0,0,1,0,차대차 - 기타,신호위반,건조,맑음,교차로 - 교차로안,승용,남,43세,상해없음,승합,남,55세,상해없음
2017040900100331,2017년 4월 9일 17시,일요일,울산광역시 중구 반구동,중상사고,0,1,1,0,차대차 - 측면충돌,안전거리미확보,건조,맑음,단일로 - 기타,승용,남,70세,상해없음,승합,남,47세,경상
2017040900100391,2017년 4월 9일 19시,일요일,울산광역시 울주군 서생면,중상사고,0,1,0,0,차대차 - 정면충돌,안전운전불이행,건조,맑음,교차로 - 교차로안,이륜,남,51세,중상,화물,남,47세,상해없음
2017040900100416,2017년 4월 9일 20시,일요일,울산광역시 동구 방어동,경상사고,0,0,2,0,차대차 - 기타,신호위반,건조,맑음,교차로 - 교차로안,승용,남,22세,상해없음,승합,남,58세,경상
2017040900100450,2017년 4월 9일 22시,일요일,울산광역시 남구 야음동,중상사고,0,2,3,0,차대차 - 측면충돌,안전거리미확보,건조,맑음,교차로 - 교차로안,승용,남,48세,중상,승용,남,33세,경상
2017041000100085,2017년 4월 10일 06시,월요일,울산광역시 북구 양정동,중상사고,0,2,0,0,차대차 - 정면충돌,신호위반,건조,맑음,교차로 - 교차로안,승용,남,34세,상해없음,이륜,남,27세,중상
2017041000100150,2017년 4월 10일 08시,월요일,울산광역시 북구 염포동,중상사고,0,1,2,0,차대차 - 추돌,안전거리미확보,건조,맑음,단일로 - 기타,화물,남,60세,상해없음,승용,남,57세,경상
2017041000100304,2017년 4월 10일 13시,월요일,울산광역시 중구 태화동,중상사고,0,1,0,0,차대차 - 기타,안전운전불이행,건조,맑음,교차로 - 교차로안,승용,남,43세,상해없음,이륜,남,46세,중상
2017041000100305,2017년 4월 10일 13시,월요일,울산광역시 남구 달동,경상사고,0,0,1,0,차대차 - 측면충돌,교차로운행방법위반,건조,맑음,교차로 - 교차로안,승용,여,37세,상해없음,이륜,남,21세,경상
2017041000100316,2017년 4월 10일 14시,월요일,울산광역시 울주군 삼남면,경상사고,0,0,2,0,차대차 - 측면충돌,안전거리미확보,건조,맑음,단일로 - 기타,화물,남,56세,상해없음,화물,남,42세,경상
2017041000100342,2017년 4월 10일 14시,월요일,울산광역시 남구 야음동,경상사고,0,0,1,0,차대차 - 추돌,교차로운행방법위반,기타,맑음,교차로 - 교차로부근,건설기계,남,57세,상해없음,화물,남,37세,경상
2017041000100563,2017년 4월 10일 20시,월요일,울산광역시 남구 달동,경상사고,0,0,1,0,차대사람 - 횡단중,기타,젖음/습기,비,단일로 - 기타,승합,남,51세,상해없음,보행자,여,26세,경상
2017041100100027,2017년 4월 11일 00시,화요일,울산광역시 남구 달동,경상사고,0,0,1,0,차대차 - 측면충돌,교차로운행방법위반,젖음/습기,비,교차로 - 교차로안,이륜,남,23세,경상,승용,남,24세,상해없음
2017041100100028,2017년 4월 11일 00시,화요일,울산광역시 남구 무거동,경상사고,0,0,1,0,차대차 - 추돌,안전운전불이행,젖음/습기,비,교차로 - 교차로부근,승용,남,48세,기타불명,승용,여,20세,경상
2017041100100057,2017년 4월 11일 03시,화요일,울산광역시 울주군 온산읍,경상사고,0,0,1,0,차대차 - 측면충돌,안전운전불이행,젖음/습기,비,단일로 - 기타,승용,남,22세,기타불명,화물,남,47세,경상
2017041100100111,2017년 4월 11일 07시,화요일,울산광역시 울주군 웅촌면,경상사고,0,0,1,0,차대차 - 추돌,안전운전불이행,젖음/습기,비,단일로 - 기타,승용,남,24세,상해없음,승용,남,38세,경상
2017041100100354,2017년 4월 11일 15시,화요일,울산광역시 울주군 상북면,경상사고,0,0,1,0,차대차 - 기타,안전운전불이행,건조,맑음,단일로 - 기타,화물,남,45세,경상,승용,여,39세,상해없음
2017041100100394,2017년 4월 11일 16시,화요일,울산광역시 남구 무거동,경상사고,0,0,1,0,차대사람 - 횡단중,안전운전불이행,건조,맑음,단일로 - 기타,승합,남,49세,상해없음,보행자,여,60세,경상
2017041100100395,2017년 4월 11일 16시,화요일,울산광역시 북구 산하동,중상사고,0,1,0,0,차대사람 - 횡단중,보행자보호의무위반,건조,맑음,교차로 - 교차로횡단보도내,승용,여,34세,상해없음,보행자,남,71세,중상
2017041100100489,2017년 4월 11일 18시,화요일,울산광역시 북구 중산동,경상사고,0,0,1,0,차대사람 - 기타,안전운전불이행,건조,맑음,단일로 - 기타,승용,남,29세,상해없음,보행자,여,7세,경상
2017041100100522,2017년 4월 11일 19시,화요일,울산광역시 남구 무거동,경상사고,0,0,1,0,차대차 - 기타,안전운전불이행,건조,맑음,교차로 - 교차로부근,기타불명,기타불명,미분류,기타불명,이륜,남,25세,경상
2017041100100523,2017년 4월 11일 19시,화요일,울산광역시 동구 전하동,경상사고,0,0,1,0,차대차 - 측면충돌,신호위반,건조,맑음,교차로 - 교차로안,승용,여,55세,상해없음,이륜,남,33세,경상
2017041100100559,2017년 4월 11일 20시,화요일,울산광역시 중구 태화동,경상사고,0,0,3,0,차대차 - 추돌,안전운전불이행,건조,맑음,단일로 - 기타,승용,남,29세,경상,승합,남,42세,경상
2017041100100560,2017년 4월 11일 20시,화요일,울산광역시 남구 야음동,경상사고,0,0,1,0,차대차 - 추돌,안전거리미확보,건조,맑음,단일로 - 기타,승용,남,34세,상해없음,승용,남,53세,경상
2017041100100589,2017년 4월 11일 21시,화요일,울산광역시 남구 달동,중상사고,0,1,0,0,차대사람 - 횡단중,불법유턴,건조,맑음,단일로 - 기타,승용,여,56세,상해없음,보행자,여,74세,중상