사고번호,사고일시,요일,시군구,사고내용,사망자수,중상자수,경상자수,부상신고자수,사고유형,법규위반,노면상태,기상상태,도로형태,가해운전자 차종,가해운전자 성별,가해운전자 연령,가해운전자 상해정도,피해운전자 차종,피해운전자 성별,피해운전자 연령,피해운전자 상해정도
2017041100100590,2017년 4월 11일 21시,화요일,울산광역시 북구 양정동,경상사고,0,0,1,0,차대차 - 측면충돌,안전운전불이행,건조,맑음,교차로 - 교차로부근,이륜,남,16세,경상,승용,남,64세,상해없음
2017041100100611,2017년 4월 11일 22시,화요일,울산광역시 울주군 삼남면,경상사고,0,0,1,0,차대차 - 기타,중앙선침범,건조,맑음,단일로 - 기타,승용,남,18세,상해없음,승용,여,50세,경상
2017041200100029,2017년 4월 12일 00시,수요일,울산광역시 남구 신정동,중상사고,0,1,0,0,차대사람 - 차도통행중,안전운전불이행,건조,맑음,기타 - 기타,기타불명,기타불명,미분류,기타불명,보행자,남,19세,중상
2017041200100051,2017년 4월 12일 02시,수요일,울산광역시 북구 산하동,경상사고,0,0,1,0,차대차 - 측면충돌,신호위반,건조,맑음,교차로 - 교차로안,승용,남,57세,상해없음,이륜,남,21세,경상
2017041200100098,2017년 4월 12일 07시,수요일,울산광역시 울주군 온산읍,경상사고,0,0,2,0,차대차 - 추돌,안전거리미확보,건조,맑음,교차로 - 교차로부근,승용,남,23세,상해없음,승용,남,54세,경상
2017041200100169,2017년 4월 12일 09시,수요일,울산광역시 울주군 청량면,경상사고,0,0,1,0,차량단독 - 전도전복 - 전도,안전운전불이행,건조,맑음,단일로 - 기타,승용,남,71세,경상,,,,
2017041200100195,2017년 4월 12일 10시,수요일,울산광역시 남구 신정동,중상사고,0,1,0,0,차대사람 - 횡단중,안전운전불이행,건조,맑음,단일로 - 기타,승용,남,52세,상해없음,보행자,여,59세,중상
2017041200100220,2017년 4월 12일 11시,수요일,울산광역시 중구 우정동,경상사고,0,0,2,0,차대차 - 측면충돌,신호위반,건조,맑음,교차로 - 교차로안,승용,여,59세,상해없음,승용,남,59세,경상
2017041200100237,2017년 4월 12일 12시,수요일,울산광역시 남구 달동,경상사고,0,0,1,0,차대차 - 기타,교차로운행방법위반,건조,맑음,교차로 - 교차로안,승용,여,56세,상해없음,승용,남,57세,경상
2017041200100365,2017년 4월 12일 16시,수요일,울산광역시 남구 무거동,부상신고사고,0,0,0,1,차대차 - 측면충돌,교차로운행방법위반,기타,맑음,교차로 - 교차로안,승용,여,54세,상해없음,자전거,남,27세,부상신고
2017041200100407,2017년 4월 12일 17시,수요일,울산광역시 남구 무거동,경상사고,0,0,1,0,차대사람 - 횡단중,안전운전불이행,건조,맑음,교차로 - 교차로부근,승용,남,55세,상해없음,보행자,여,10세,경상
2017041200100408,2017년 4월 12일 17시,수요일,울산광역시 울주군 삼남면,경상사고,0,0,1,0,차대차 - 측면충돌,중앙선침범,건조,맑음,단일로 - 기타,화물,남,25세,상해없음,건설기계,남,27세,경상
2017041200100490,2017년 4월 12일 19시,수요일,울산광역시 남구 삼산동,경상사고,0,0,2,0,차대차 - 추돌,안전운전불이행,건조,맑음,교차로 - 교차로부근,승용,남,20세,상해없음,승용,여,47세,경상
2017041200100618,2017년 4월 12일 23시,수요일,울산광역시 북구 매곡동,경상사고,0,0,2,0,차대차 - 측면충돌,신호위반,건조,맑음,교차로 - 교차로안,승용,여,46세,경상,승용,여,39세,경상
2017041200100619,2017년 4월 12일 23시,수요일,울산광역시 남구 무거동,중상사고,0,1,0,0,차대차 - 추돌,안전운전불이행,건조,맑음,단일로 - 기타,승용,남,19세,상해없음,승용,기타불명,미분류,기타불명
2017041300100039,2017년 4월 13일 02시,목요일,울산광역시 동구 전하동,경상사고,0,0,2,0,차대차 - 정면충돌,직진우회전진행방해,건조,맑음,교차로 - 교차로안,승용,남,54세,상해없음,승용,남,62세,상해없음
2017041300100162,2017년 4월 13일 09시,목요일,울산광역시 중구 태화동,경상사고,0,0,1,0,차대사람 - 횡단중,중앙선침범,건조,맑음,단일로 - 기타,승용,여,60세,상해없음,보행자,남,58세,경상
2017041300100243,2017년 4월 13일 12시,목요일,울산광역시 남구 여천동,중상사고,0,1,0,0,차대차 - 측면충돌,안전운전불이행,건조,맑음,단일로 - 기타,승용,남,48세,기타불명,기타불명,남,27세,중상
2017041300100271,2017년 4월 13일 13시,목요일,울산광역시 중구 태화동,경상사고,0,0,2,0,차대차 - 측면충돌,신호위반,건조,맑음,교차로 - 교차로안,승용,여,50세,상해없음,승용,남,22세,경상
2017041300100425,2017년 4월 13일 18시,목요일,울산광역시 남구 신정동,경상사고,0,0,1,0,차대사람 - 기타,안전운전불이행,기타,기타,교차로 - 교차로안,승용,남,40세,상해없음,보행자,여,67세,경상
2017041300100458,2017년 4월 13일 19시,목요일,울산광역시 동구 화정동,경상사고,0,0,1,0,차대차 - 측면충돌,안전운전불이행,건조,맑음,교차로 - 교차로안,승용,남,65세,상해없음,원동기,남,63세,경상
2017041300100486,2017년 4월 13일 20시,목요일,울산광역시 울주군 청량면,경상사고,0,0,1,0,차대차 - 측면충돌,안전운전불이행,건조,맑음,단일로 - 기타,승용,남,40세,경상,승합,남,64세,기타불명
2017041300100520,2017년 4월 13일 21시,목요일,울산광역시 울주군 범서읍,부상신고사고,0,0,0,1,차대사람 - 보도통행중,안전운전불이행,건조,맑음,교차로 - 교차로부근,기타불명,기타불명,미분류,기타불명,보행자,여,62세,부상신고
2017041300100542,2017년 4월 13일 22시,목요일,울산광역시 중구 학성동,중상사고,0,1,0,1,차대차 - 측면충돌,안전운전불이행,건조,맑음,교차로 - 교차로안,이륜,남,27세,부상신고,자전거,남,63세,중상
2017041400100049,2017년 4월 14일 02시,금요일,울산광역시 동구 일산동,경상사고,0,0,1,0,차량단독 - 전도전복 - 전도,안전운전불이행,건조,맑음,단일로 - 기타,화물,남,20세,상해없음,,,,
2017041400100273,2017년 4월 14일 13시,금요일,울산광역시 중구 우정동,중상사고,0,1,0,0,차대사람 - 횡단중,안전운전불이행,건조,맑음,단일로 - 기타,승용,남,79세,상해없음,보행자,남,73세,중상
2017041400100274,2017년 4월 14일 13시,금요일,울산광역시 남구 달동,중상사고,0,1,0,0,차대사람 - 횡단중,기타,건조,맑음,기타 - 기타,승용,남,56세,상해없음,보행자,여,72세,중상
2017041400100300,2017년 4월 14일 14시,금요일,울산광역시 남구 무거동,경상사고,0,0,2,0,차대차 - 추돌,안전운전불이행,건조,맑음,단일로 - 기타,승용,남,60세,상해없음,승용,여,35세,경상
2017041400100499,2017년 4월 14일 20시,금요일,울산광역시 북구 송정동,중상사고,0,1,0,0,차량단독 - 기타,안전운전불이행,건조,맑음,단일로 - 기타,승합,남,62세,상해없음,,,,
2017041400100543,2017년 4월 14일 21시,금요일,울산광역시 중구 성안동,중상사고,0,3,0,0,차대차 - 측면충돌,안전운전불이행,건조,맑음,교차로 - 교차로안,승용,남,22세,중상,승용,남,45세,중상
2017041400100563,2017년 4월 14일 22시,금요일,울산광역시 동구 일산동,경상사고,0,0,1,0,차대사람 - 기타,안전운전불이행,건조,맑음,교차로 - 교차로부근,승용,남,24세,상해없음,보행자,남,43세,경상
2017041500100034,2017년 4월 15일 00시,토요일,울산광역시 남구 삼산동,중상사고,0,1,1,0,차대차 - 측면충돌,안전거리미확보,건조,맑음,교차로 - 교차로부근,승용,여,61세,상해없음,화물,남,62세,중상
2017041500100048,2017년 4월 15일 01시,토요일,울산광역시 중구 반구동,중상사고,0,1,2,0,차대차 - 측면충돌,신호위반,건조,맑음,교차로 - 교차로안,승용,남,57세,상해없음,승용,남,73세,상해없음
2017041500100049,2017년 4월 15일 01시,토요일,울산광역시 울주군 언양읍,경상사고,0,0,2,0,차대차 - 추돌,안전운전불이행,건조,맑음,교차로 - 교차로부근,승용,남,26세,상해없음,승용,여,59세,경상
2017041500100246,2017년 4월 15일 11시,토요일,울산광역시 남구 신정동,중상사고,0,1,0,0,차대차 - 정면충돌,직진우회전진행방해,건조,맑음,교차로 - 교차로안,승용,남,25세,상해없음,이륜,남,57세,중상
2017041500100247,2017년 4월 15일 11시,토요일,울산광역시 북구 무룡동,경상사고,0,0,1,0,차대차 - 측면충돌,중앙선침범,건조,맑음,교차로 - 교차로부근,승용,여,54세,상해없음,화물,남,56세,경상
2017041500100279,2017년 4월 15일 12시,토요일,울산광역시 중구 반구동,경상사고,0,0,2,0,차대차 - 기타,안전거리미확보,건조,맑음,단일로 - 기타,기타불명,기타불명,미분류,기타불명,승용,남,55세,상해없음
2017041500100437,2017년 4월 15일 16시,토요일,울산광역시 남구 야음동,중상사고,0,1,0,0,차대차 - 측면충돌,불법유턴,건조,맑음,교차로 - 교차로안,자전거,남,61세,중상,승합,남,34세,상해없음
2017041500100484,2017년 4월 15일 17시,토요일,울산광역시 남구 무거동,경상사고,0,0,1,0,차대차 - 추돌,안전운전불이행,건조,맑음,단일로 - 기타,승용,남,30세,상해없음,승용,남,35세,경상
2017041500100556,2017년 4월 15일 19시,토요일,울산광역시 동구 방어동,경상사고,0,0,1,0,차대사람 - 횡단중,보행자보호의무위반,건조,맑음,교차로 - 교차로안,승용,남,61세,상해없음,보행자,여,51세,경상
2017041500100557,2017년 4월 15일 19시,토요일,울산광역시 울주군 언양읍,중상사고,0,1,0,0,차대사람 - 횡단중,안전운전불이행,건조,맑음,단일로 - 기타,승용,여,55세,상해없음,보행자,여,76세,중상
2017041500100581,2017년 4월 15일 20시,토요일,울산광역시 동구 방어동,경상사고,0,0,1,0,차대사람 - 횡단중,보행자보호의무위반,건조,맑음,교차로 - 교차로횡단보도내,이륜,남,17세,상해없음,보행자,여,37세,경상
2017041500100602,2017년 4월 15일 21시,토요일,울산광역시 울주군 서생면,경상사고,0,0,1,0,차대사람 - 횡단중,안전운전불이행,건조,맑음,단일로 - 기타,승용,남,19세,상해없음,보행자,남,28세,경상
2017041600100056,2017년 4월 16일 02시,일요일,울산광역시 북구 연암동,경상사고,0,0,1,0,차대차 - 추돌,안전운전불이행,건조,맑음,단일로 - 기타,승용,남,52세,경상,화물,남,47세,상해없음
2017041600100057,2017년 4월 16일 02시,일요일,울산광역시 남구 선암동,중상사고,0,1,1,0,차대차 - 추돌,안전운전불이행,건조,맑음,단일로 - 기타,승용,남,26세,상해없음,이륜,남,16세,경상
2017041600100058,2017년 4월 16일 02시,일요일,울산광역시 울주군 온산읍,경상사고,0,0,1,0,차대차 - 측면충돌,안전운전불이행,건조,맑음,교차로 - 교차로부근,승용,여,44세,상해없음,승용,남,56세,경상
2017041600100081,2017년 4월 16일 04시,일요일,울산광역시 남구 신정동,경상사고,0,0,7,2,차대차 - 측면충돌,신호위반,건조,맑음,교차로 - 교차로안,승용,남,27세,상해없음,승합,남,58세,경상
2017041600100096,2017년 4월 16일 06시,일요일,울산광역시 울주군 범서읍,중상사고,0,1,0,0,차대사람 - 횡단중,안전운전불이행,건조,맑음,단일로 - 기타,화물,남,24세,상해없음,보행자,남,66세,중상
2017041600100097,2017년 4월 16일 06시,일요일,울산광역시 울주군 청량면,경상사고,0,0,2,0,차량단독 - 기타,안전운전불이행,건조,맑음,단일로 - 기타,승합,남,42세,상해없음,,,,
2017041600100137,2017년 4월 16일 09시,일요일,울산광역시 남구 야음동,중상사고,0,1,0,0,차량단독 - 기타,안전운전불이행,건조,맑음,교차로 - 교차로부근,승합,남,43세,상해없음,,,,
2017041600100180,2017년 4월 16일 11시,일요일,울산광역시 남구 무거동,사망사고,1,8,17,1,차대차 - 측면충돌,안전운전불이행,기타,맑음,단일로 - 기타,승합,남,53세,중상,승용,남,62세,경상
2017041600100202,2017년 4월 16일 12시,일요일,울산광역시 중구 태화동,경상사고,0,0,1,0,차대차 - 추돌,안전거리미확보,건조,맑음,교차로 - 교차로부근,승용,여,36세,상해없음,승용,남,33세,경상
2017041600100203,2017년 4월 16일 12시,일요일,울산광역시 동구 화정동,중상사고,0,1,0,0,차대차 - 측면충돌,안전운전불이행,건조,맑음,단일로 - 기타,승용,남,47세,상해없음,원동기,남,55세,중상
2017041600100234,2017년 4월 16일 13시,일요일,울산광역시 동구 전하동,경상사고,0,0,1,0,차대차 - 측면충돌,직진우회전진행방해,건조,맑음,교차로 - 교차로안,승용,여,61세,상해없음,승용,남,70세,경상
2017041600100273,2017년 4월 16일 14시,일요일,울산광역시 남구 신정동,중상사고,0,4,0,0,차대차 - 추돌,안전운전불이행,건조,맑음,단일로 - 기타,승용,남,26세,상해없음,승용,여,42세,중상
2017041600100392,2017년 4월 16일 17시,일요일,울산광역시 동구 서부동,중상사고,0,1,0,0,차대차 - 측면충돌,안전운전불이행,건조,맑음,교차로 - 교차로부근,화물,남,57세,상해없음,이륜,남,24세,중상
2017041600100416,2017년 4월 16일 18시,일요일,울산광역시 남구 삼산동,경상사고,0,0,1,0,차대차 - 기타,안전운전불이행,건조,맑음,단일로 - 기타,이륜,남,25세,경상,승용,남,52세,상해없음
2017041600100446,2017년 4월 16일 19시,일요일,울산광역시 울주군 범서읍,경상사고,0,0,1,0,차대차 - 측면충돌,신호위반,건조,맑음,교차로 - 교차로안,원동기,남,44세,기타불명,원동기,남,27세,경상
2017041600100470,2017년 4월 16일 20시,일요일,울산광역시 동구 일산동,중상사고,0,1,0,0,차대차 - 정면충돌,안전운전불이행,건조,맑음,교차로 - 교차로안,승용,여,25세,상해없음,이륜,남,21세,중상
2017041700100175,2017년 4월 17일 10시,월요일,울산광역시 중구 태화동,경상사고,0,0,1,0,차대차 - 측면충돌,직진우회전진행방해,젖음/습기,비,교차로 - 교차로안,승용,남,55세,상해없음,승용,여,63세,경상
2017041700100206,2017년 4월 17일 11시,월요일,울산광역시 북구 신천동,중상사고,0,1,4,0,차대차 - 추돌,안전거리미확보,젖음/습기,비,교차로 - 교차로안,승합,남,52세,상해없음,승합,남,59세,경상
2017041700100310,2017년 4월 17일 14시,월요일,울산광역시 동구 화정동,중상사고,0,1,0,0,차대차 - 기타,안전운전불이행,건조,맑음,교차로 - 교차로횡단보도내,자전거,남,80세,중상,승용,남,58세,상해없음
2017041700100347,2017년 4월 17일 15시,월요일,울산광역시 울주군 범서읍,중상사고,0,1,0,0,차대차 - 정면충돌,중앙선침범,젖음/습기,비,단일로 - 기타,화물,남,52세,상해없음,승용,여,54세,중상
2017041700100371,2017년 4월 17일 16시,월요일,울산광역시 울주군 온양읍,경상사고,0,0,1,0,차대차 - 정면충돌,안전운전불이행,건조,맑음,교차로 - 교차로안,승용,여,52세,상해없음,원동기,남,32세,경상
2017041700100488,2017년 4월 17일 19시,월요일,울산광역시 중구 약사동,중상사고,0,1,0,0,차대차 - 측면충돌,안전운전불이행,젖음/습기,비,단일로 - 기타,이륜,남,55세,중상,승용,남,58세,상해없음
2017041700100489,2017년 4월 17일 19시,월요일,울산광역시 남구 신정동,경상사고,0,0,1,0,차대사람 - 횡단중,안전운전불이행,젖음/습기,흐림,교차로 - 교차로부근,승용,여,44세,상해없음,보행자,여,68세,경상
2017041700100546,2017년 4월 17일 21시,월요일,울산광역시 남구 달동,경상사고,0,0,1,0,차대차 - 추돌,안전운전불이행,건조,맑음,교차로 - 교차로부근,승용,남,32세,상해없음,승용,남,29세,경상
2017041700100594,2017년 4월 17일 23시,월요일,울산광역시 남구 옥동,경상사고,0,0,2,0,차대차 - 추돌,안전운전불이행,건조,맑음,단일로 - 기타,승용,여,48세,상해없음,승용,여,48세,경상
2017041800100028,2017년 4월 18일 00시,화요일,울산광역시 북구 매곡동,경상사고,0,0,1,0,차대사람 - 횡단중,안전운전불이행,건조,맑음,교차로 - 교차로안,승용,여,56세,상해없음,보행자,남,49세,경상
2017041800100029,2017년 4월 18일 00시,화요일,울산광역시 남구 달동,중상사고,0,1,0,0,차대사람 - 횡단중,안전운전불이행,건조,맑음,단일로 - 기타,승용,남,53세,상해없음,보행자,남,44세,중상
2017041800100030,2017년 4월 18일 00시,화요일,울산광역시 남구 삼산동,경상사고,0,0,1,0,차대차 - 측면충돌,차로위반,건조,맑음,교차로 - 교차로안,원동기,남,19세,경상,승용,남,48세,상해없음
2017041800100043,2017년 4월 18일 01시,화요일,울산광역시 남구 삼산동,경상사고,0,0,2,0,차대차 - 추돌,안전운전불이행,건조,맑음,교차로 - 교차로부근,승용,남,32세,상해없음,승용,남,61세,경상
2017041800100190,2017년 4월 18일 10시,화요일,울산광역시 남구 달동,경상사고,0,0,2,0,차대차 - 측면충돌,교차로운행방법위반,건조,맑음,교차로 - 교차로안,승용,여,24세,경상,승용,남,33세,경상
2017041800100191,2017년 4월 18일 10시,화요일,울산광역시 남구 삼산동,경상사고,0,0,1,0,차대사람 - 차도통행중,안전운전불이행,건조,맑음,기타 - 기타,승용,여,46세,상해없음,보행자,여,64세,경상
2017041800100222,2017년 4월 18일 11시,화요일,울산광역시 남구 신정동,중상사고,0,1,0,0,차대차 - 측면충돌,신호위반,건조,맑음,교차로 - 교차로안,승용,남,44세,상해없음,이륜,남,35세,중상
2017041800100255,2017년 4월 18일 12시,화요일,울산광역시 남구 삼산동,경상사고,0,0,1,0,차대사람 - 차도통행중,안전운전불이행,건조,맑음,기타 - 기타,승용,여,42세,상해없음,보행자,남,46세,경상
2017041800100319,2017년 4월 18일 14시,화요일,울산광역시 울주군 서생면,중상사고,0,3,0,0,차대차 - 측면충돌,중앙선침범,건조,맑음,단일로 - 기타,승용,여,36세,상해없음,승용,남,67세,중상
2017041800100389,2017년 4월 18일 16시,화요일,울산광역시 북구 연암동,경상사고,0,0,1,0,차대차 - 추돌,안전거리미확보,건조,맑음,단일로 - 기타,화물,남,54세,상해없음,승용,남,55세,경상
2017041800100390,2017년 4월 18일 16시,화요일,울산광역시 울주군 언양읍,경상사고,0,0,1,1,차대차 - 정면충돌,직진우회전진행방해,건조,맑음,교차로 - 교차로안,승용,여,30세,부상신고,화물,남,24세,경상
2017041800100424,2017년 4월 18일 17시,화요일,울산광역시 중구 성안동,경상사고,0,0,1,0,차대차 - 측면충돌,교차로운행방법위반,건조,맑음,교차로 - 교차로안,이륜,남,18세,경상,승용,남,38세,상해없음
2017041800100475,2017년 4월 18일 18시,화요일,울산광역시 울주군 청량면,중상사고,0,1,0,0,차대차 - 기타,안전운전불이행,건조,맑음,단일로 - 기타,자전거,남,68세,중상,화물,남,41세,상해없음
2017041800100512,2017년 4월 18일 19시,화요일,울산광역시 남구 무거동,중상사고,0,1,1,0,차대차 - 측면충돌,안전거리미확보,건조,맑음,단일로 - 기타,이륜,남,15세,중상,이륜,남,31세,경상
2017041800100544,2017년 4월 18일 20시,화요일,울산광역시 남구 야음동,경상사고,0,0,1,0,차대차 - 정면충돌,직진우회전진행방해,건조,맑음,교차로 - 교차로안,승용,남,35세,상해없음,승용,남,62세,경상
2017041800100571,2017년 4월 18일 21시,화요일,울산광역시 중구 북정동,중상사고,0,1,0,0,차대사람 - 횡단중,안전운전불이행,건조,맑음,교차로 - 교차로안,승용,여,38세,상해없음,보행자,남,56세,중상
2017041800100594,2017년 4월 18일 22시,화요일,울산광역시 남구 신정동,경상사고,0,0,2,0,차대차 - 추돌,안전운전불이행,건조,맑음,단일로 - 기타,승용,여,54세,상해없음,승용,남,22세,경상
2017041800100609,2017년 4월 18일 23시,화요일,울산광역시 울주군 언양읍,경상사고,0,0,2,0,차대차 - 기타,안전거리미확보,건조,맑음,단일로 - 기타,승용,남,72세,상해없음,승용,남,27세,경상
2017041900100036,2017년 4월 19일 00시,수요일,울산광역시 북구 양정동,중상사고,0,1,2,0,차대차 - 정면충돌,안전거리미확보,건조,맑음,교차로 - 교차로부근,승용,남,32세,상해없음,화물,남,52세,경상
2017041900100083,2017년 4월 19일 06시,수요일,울산광역시 동구 방어동,경상사고,0,0,1,0,차대차 - 측면충돌,신호위반,건조,맑음,교차로 - 교차로안,승용,남,23세,상해없음,이륜,남,40세,경상
2017041900100168,2017년 4월 19일 08시,수요일,울산광역시 중구 우정동,부상신고사고,0,0,0,1,차대차 - 측면충돌,교차로운행방법위반,건조,맑음,교차로 - 교차로안,이륜,남,83세,부상신고,승용,여,43세,상해없음
2017041900100240,2017년 4월 19일 10시,수요일,울산광역시 남구 달동,중상사고,0,1,1,0,차대사람 - 횡단중,중앙선침범,건조,맑음,단일로 - 기타,이륜,남,31세,경상,보행자,여,68세,중상
2017041900100268,2017년 4월 19일 11시,수요일,울산광역시 울주군 청량면,중상사고,0,1,0,0,차대사람 - 횡단중,안전운전불이행,건조,맑음,교차로 - 교차로부근,승용,남,79세,상해없음,보행자,여,40세,중상
2017041900100297,2017년 4월 19일 12시,수요일,울산광역시 울주군 범서읍,경상사고,0,0,1,0,차대차 - 측면충돌,안전운전불이행,건조,맑음,단일로 - 기타,이륜,남,26세,상해없음,승용,남,40세,경상
2017041900100323,2017년 4월 19일 13시,수요일,울산광역시 북구 진장동,경상사고,0,0,1,0,차대차 - 측면충돌,신호위반,건조,맑음,교차로 - 교차로안,승용,남,50세,상해없음,화물,남,43세,경상
2017041900100367,2017년 4월 19일 14시,수요일,울산광역시 울주군 온산읍,경상사고,0,0,1,0,차대차 - 정면충돌,교차로운행방법위반,건조,맑음,교차로 - 교차로안,승용,여,71세,경상,승용,남,31세,상해없음
2017041900100432,2017년 4월 19일 16시,수요일,울산광역시 북구 양정동,경상사고,0,0,2,0,차대차 - 추돌,안전운전불이행,건조,맑음,단일로 - 기타,승용,남,57세,상해없음,화물,남,42세,경상
2017041900100523,2017년 4월 19일 18시,수요일,울산광역시 중구 장현동,경상사고,0,0,1,0,차대차 - 추돌,안전운전불이행,건조,맑음,단일로 - 기타,승용,남,53세,상해없음,화물,남,29세,경상
2017041900100559,2017년 4월 19일 19시,수요일,울산광역시 울주군 범서읍,경상사고,0,0,1,0,차대차 - 기타,안전거리미확보,건조,맑음,단일로 - 기타,승용,남,55세,상해없음,승용,여,62세,경상
2017041900100623,2017년 4월 19일 21시,수요일,울산광역시 중구 교동,경상사고,0,0,1,0,차대차 - 정면충돌,중앙선침범,건조,맑음,단일로 - 기타,승용,남,34세,상해없음,승용,여,54세,경상
2017041900100667,2017년 4월 19일 23시,수요일,울산광역시 동구 전하동,경상사고,0,0,1,0,차대차 - 측면충돌,교차로운행방법위반,건조,맑음,교차로 - 교차로안,승용,여,61세,상해없음,승용,남,24세,상해없음
2017042000100053,2017년 4월 20일 03시,목요일,울산광역시 북구 화봉동,중상사고,0,1,0,0,차대차 - 추돌,안전운전불이행,건조,맑음,단일로 - 기타,화물,남,22세,상해없음,승용,남,36세,중상
2017042000100160,2017년 4월 20일 09시,목요일,울산광역시 남구 삼산동,경상사고,0,0,1,0,차대차 - 정면충돌,신호위반,건조,맑음,교차로 - 교차로안,승용,남,63세,상해없음,승용,여,41세,경상
2017042000100333,2017년 4월 20일 16시,목요일,울산광역시 중구 북정동,경상사고,0,0,1,0,차대차 - 기타,안전거리미확보,건조,맑음,교차로 - 교차로부근,승용,남,53세,상해없음,승합,남,37세,상해없음
2017042000100404,2017년 4월 20일 18시,목요일,울산광역시 남구 두왕동,중상사고,0,1,3,0,차대차 - 추돌,안전운전불이행,젖음/습기,흐림,교차로 - 교차로부근,화물,남,61세,상해없음,승용,남,45세,중상
2017042000100405,2017년 4월 20일 18시,목요일,울산광역시 동구 전하동,경상사고,0,0,1,0,차대차 - 기타,교차로운행방법위반,건조,맑음,교차로 - 교차로안,이륜,남,58세,상해없음,승용,남,54세,상해없음
2017042000100468,2017년 4월 20일 20시,목요일,울산광역시 남구 신정동,부상신고사고,0,0,0,1,차대차 - 측면충돌,안전운전불이행,젖음/습기,비,교차로 - 교차로안,이륜,남,16세,부상신고,승용,여,60세,상해없음
2017042000100494,2017년 4월 20일 21시,목요일,울산광역시 북구 화봉동,중상사고,0,1,1,0,차대차 - 추돌,안전운전불이행,건조,맑음,단일로 - 기타,승용,여,44세,상해없음,승용,여,44세,중상
2017042000100539,2017년 4월 20일 23시,목요일,울산광역시 울주군 온양읍,경상사고,0,0,1,0,차대차 - 추돌,안전운전불이행,건조,맑음,단일로 - 기타,승용,남,46세,경상,화물,남,30세,상해없음
2017042100100030,2017년 4월 21일 00시,금요일,울산광역시 중구 반구동,경상사고,0,0,1,1,차대차 - 추돌,안전운전불이행,건조,맑음,교차로 - 교차로안,승용,남,30세,부상신고,승용,남,33세,경상
2017042100100050,2017년 4월 21일 02시,금요일,울산광역시 남구 신정동,경상사고,0,0,3,0,차대차 - 측면충돌,신호위반,건조,맑음,교차로 - 교차로안,승용,남,19세,경상,승용,남,28세,경상
2017042100100108,2017년 4월 21일 07시,금요일,울산광역시 남구 달동,중상사고,0,1,1,0,차대차 - 측면충돌,직진우회전진행방해,건조,맑음,교차로 - 교차로안,이륜,남,20세,경상,승용,남,38세,상해없음
2017042100100109,2017년 4월 21일 07시,금요일,울산광역시 남구 삼산동,경상사고,0,0,1,0,차대차 - 기타,교차로운행방법위반,기타,기타,교차로 - 교차로안,승합,남,50세,상해없음,승용,남,37세,경상
2017042100100162,2017년 4월 21일 08시,금요일,울산광역시 중구 복산동,중상사고,0,1,0,0,차대차 - 측면충돌,신호위반,건조,맑음,단일로 - 기타,승용,남,56세,상해없음,자전거,남,21세,중상
2017042100100163,2017년 4월 21일 08시,금요일,울산광역시 울주군 범서읍,경상사고,0,0,1,0,차대사람 - 횡단중,안전운전불이행,건조,맑음,단일로 - 기타,승용,남,32세,상해없음,보행자,여,42세,경상
2017042100100425,2017년 4월 21일 16시,금요일,울산광역시 북구 진장동,중상사고,0,1,3,0,차대차 - 측면충돌,안전거리미확보,건조,맑음,단일로 - 기타,승용,여,47세,상해없음,승용,남,32세,중상
2017042100100426,2017년 4월 21일 16시,금요일,울산광역시 울주군 서생면,경상사고,0,0,2,0,차대차 - 정면충돌,신호위반,건조,맑음,교차로 - 교차로안,승용,여,43세,상해없음,승용,남,41세,경상
2017042100100529,2017년 4월 21일 19시,금요일,울산광역시 울주군 삼남면,경상사고,0,0,1,0,차대차 - 정면충돌,신호위반,건조,맑음,교차로 - 교차로안,승용,남,47세,상해없음,승용,여,57세,경상
2017042100100590,2017년 4월 21일 21시,금요일,울산광역시 동구 일산동,중상사고,0,1,0,0,차대사람 - 횡단중,안전운전불이행,건조,맑음,교차로 - 교차로안,원동기,남,36세,상해없음,보행자,여,49세,중상
2017042100100640,2017년 4월 21일 23시,금요일,울산광역시 동구 방어동,경상사고,0,0,1,0,차대차 - 정면충돌,안전운전불이행,건조,맑음,교차로 - 교차로안,승용,여,24세,상해없음,이륜,남,48세,경상
2017042200100066,2017년 4월 22일 02시,토요일,울산광역시 중구 태화동,부상신고사고,0,0,0,1,차대차 - 측면충돌,안전운전불이행,건조,맑음,주차장 - 주차장,승용,남,46세,부상신고,승용,남,57세,상해없음
2017042200100067,2017년 4월 22일 02시,토요일,울산광역시 남구 무거동,경상사고,0,0,1,0,차대사람 - 횡단중,안전운전불이행,기타,기타,단일로 - 지하차도(도로)내,승용,남,49세,상해없음,보행자,남,38세,경상
2017042200100174,2017년 4월 22일 09시,토요일,울산광역시 북구 염포동,경상사고,0,0,1,0,차대차 - 기타,교차로운행방법위반,건조,맑음,교차로 - 교차로안,화물,남,37세,상해없음,승용,여,31세,경상
2017042200100203,2017년 4월 22일 10시,토요일,울산광역시 북구 염포동,중상사고,0,2,0,0,차대차 - 측면충돌,안전거리미확보,건조,맑음,단일로 - 기타,원동기,남,82세,중상,승합,남,41세,상해없음