사고번호,사고일시,요일,시군구,사고내용,사망자수,중상자수,경상자수,부상신고자수,사고유형,법규위반,노면상태,기상상태,도로형태,가해운전자 차종,가해운전자 성별,가해운전자 연령,가해운전자 상해정도,피해운전자 차종,피해운전자 성별,피해운전자 연령,피해운전자 상해정도
2017042200100275,2017년 4월 22일 12시,토요일,울산광역시 남구 야음동,중상사고,0,1,0,0,차대사람 - 횡단중,보행자보호의무위반,건조,맑음,교차로 - 교차로부근,승용,남,48세,상해없음,보행자,여,54세,중상
2017042200100416,2017년 4월 22일 16시,토요일,울산광역시 남구 무거동,중상사고,0,1,0,0,차대사람 - 횡단중,안전운전불이행,건조,맑음,단일로 - 기타,기타불명,여,77세,상해없음,보행자,여,84세,중상
2017042200100517,2017년 4월 22일 19시,토요일,울산광역시 남구 야음동,사망사고,1,0,0,0,차대사람 - 횡단중,안전운전불이행,건조,맑음,단일로 - 기타,승용,남,38세,상해없음,보행자,남,76세,사망
2017042200100579,2017년 4월 22일 21시,토요일,울산광역시 동구 전하동,경상사고,0,0,1,0,차대차 - 추돌,안전운전불이행,건조,맑음,교차로 - 교차로부근,원동기,남,31세,상해없음,승용,남,50세,경상
2017042200100614,2017년 4월 22일 22시,토요일,울산광역시 울주군 언양읍,경상사고,0,0,2,4,차대차 - 측면충돌,교차로운행방법위반,건조,맑음,교차로 - 교차로안,승용,남,42세,부상신고,승용,남,65세,경상
2017042300100032,2017년 4월 23일 00시,일요일,울산광역시 중구 남외동,부상신고사고,0,0,0,1,차대차 - 기타,안전운전불이행,건조,맑음,단일로 - 기타,이륜,남,20세,부상신고,승용,남,46세,상해없음
2017042300100110,2017년 4월 23일 07시,일요일,울산광역시 울주군 온산읍,경상사고,0,0,1,0,차대차 - 측면충돌,안전거리미확보,건조,맑음,교차로 - 교차로부근,승용,남,45세,상해없음,승용,남,24세,경상
2017042300100123,2017년 4월 23일 08시,일요일,울산광역시 중구 성남동,중상사고,0,1,1,0,차대차 - 정면충돌,신호위반,건조,맑음,교차로 - 교차로안,승용,남,73세,경상,승용,여,41세,중상
2017042300100124,2017년 4월 23일 08시,일요일,울산광역시 울주군 온양읍,경상사고,0,0,5,0,차대차 - 정면충돌,안전거리미확보,건조,맑음,단일로 - 기타,승용,남,46세,경상,화물,여,49세,경상
2017042300100219,2017년 4월 23일 12시,일요일,울산광역시 중구 옥교동,중상사고,0,1,0,0,차대차 - 추돌,안전운전불이행,건조,맑음,단일로 - 기타,화물,남,49세,상해없음,승용,남,64세,중상
2017042300100246,2017년 4월 23일 13시,일요일,울산광역시 남구 선암동,중상사고,0,1,1,0,차대차 - 측면충돌,신호위반,건조,맑음,교차로 - 교차로안,승용,남,44세,상해없음,승용,남,59세,경상
2017042300100284,2017년 4월 23일 14시,일요일,울산광역시 북구 당사동,경상사고,0,0,1,0,차대차 - 측면충돌,안전운전불이행,건조,맑음,단일로 - 기타,승용,남,48세,상해없음,자전거,남,35세,경상
2017042300100357,2017년 4월 23일 16시,일요일,울산광역시 중구 서동,경상사고,0,0,1,0,차대사람 - 기타,안전운전불이행,건조,맑음,단일로 - 기타,사륜오토바이(ATV),남,77세,상해없음,보행자,남,5세,경상
2017042300100358,2017년 4월 23일 16시,일요일,울산광역시 남구 신정동,경상사고,0,0,1,0,차대차 - 기타,안전운전불이행,건조,맑음,단일로 - 기타,승용,남,69세,상해없음,자전거,남,8세,경상
2017042300100395,2017년 4월 23일 17시,일요일,울산광역시 남구 삼산동,중상사고,0,1,0,0,차대차 - 측면충돌,교차로운행방법위반,건조,맑음,교차로 - 교차로안,이륜,남,49세,중상,승용,남,33세,상해없음
2017042300100396,2017년 4월 23일 17시,일요일,울산광역시 남구 무거동,중상사고,0,1,1,0,차대차 - 측면충돌,기타,건조,맑음,교차로 - 교차로안,이륜,남,17세,경상,이륜,남,16세,중상
2017042300100456,2017년 4월 23일 19시,일요일,울산광역시 중구 태화동,경상사고,0,0,2,0,차대차 - 후진중충돌,안전운전불이행,건조,맑음,단일로 - 기타,승용,여,42세,상해없음,승용,남,21세,경상
2017042300100481,2017년 4월 23일 20시,일요일,울산광역시 중구 우정동,경상사고,0,0,1,0,차량단독 - 기타,안전운전불이행,건조,맑음,교차로 - 교차로부근,승용,남,66세,상해없음,,,,
2017042300100482,2017년 4월 23일 20시,일요일,울산광역시 남구 달동,경상사고,0,0,1,0,차대차 - 측면충돌,교차로운행방법위반,건조,맑음,교차로 - 교차로부근,승용,남,55세,상해없음,이륜,남,44세,경상
2017042300100507,2017년 4월 23일 21시,일요일,울산광역시 울주군 온산읍,중상사고,0,1,0,0,차대차 - 정면충돌,차로위반,건조,맑음,교차로 - 교차로부근,승용,남,53세,상해없음,승용,여,45세,중상
2017042300100546,2017년 4월 23일 23시,일요일,울산광역시 중구 다운동,경상사고,0,0,2,0,차대차 - 추돌,안전운전불이행,건조,맑음,교차로 - 교차로안,승용,남,45세,상해없음,화물,남,50세,경상
2017042300100547,2017년 4월 23일 23시,일요일,울산광역시 남구 삼산동,중상사고,0,1,0,0,차대차 - 추돌,안전거리미확보,건조,맑음,교차로 - 교차로부근,승용,남,66세,상해없음,승용,남,62세,중상
2017042400100053,2017년 4월 24일 05시,월요일,울산광역시 북구 효문동,중상사고,0,1,0,0,차대차 - 기타,안전운전불이행,건조,맑음,교차로 - 교차로안,기타불명,기타불명,미분류,기타불명,자전거,남,50세,중상
2017042400100054,2017년 4월 24일 05시,월요일,울산광역시 울주군 범서읍,중상사고,0,1,0,0,차대차 - 측면충돌,신호위반,건조,맑음,교차로 - 교차로안,화물,남,54세,상해없음,자전거,남,50세,중상
2017042400100106,2017년 4월 24일 07시,월요일,울산광역시 북구 신천동,경상사고,0,0,1,0,차대차 - 추돌,안전운전불이행,건조,맑음,교차로 - 교차로안,건설기계,남,61세,상해없음,승용,남,52세,경상
2017042400100166,2017년 4월 24일 08시,월요일,울산광역시 남구 신정동,중상사고,0,1,0,0,차대차 - 측면충돌,신호위반,건조,맑음,교차로 - 교차로안,승용,여,48세,상해없음,이륜,남,65세,중상
2017042400100290,2017년 4월 24일 12시,월요일,울산광역시 남구 무거동,중상사고,0,1,0,0,차대차 - 측면충돌,교차로운행방법위반,건조,맑음,교차로 - 교차로안,승용,남,52세,상해없음,이륜,남,72세,중상
2017042400100291,2017년 4월 24일 12시,월요일,울산광역시 북구 양정동,경상사고,0,0,3,0,차대차 - 정면충돌,안전운전불이행,건조,맑음,단일로 - 기타,화물,남,39세,상해없음,승용,여,60세,경상
2017042400100358,2017년 4월 24일 14시,월요일,울산광역시 중구 남외동,중상사고,0,1,0,0,차대사람 - 횡단중,보행자보호의무위반,건조,맑음,교차로 - 교차로횡단보도내,승용,여,42세,상해없음,보행자,여,78세,중상
2017042400100465,2017년 4월 24일 17시,월요일,울산광역시 동구 전하동,중상사고,0,1,0,0,차대차 - 측면충돌,안전운전불이행,건조,맑음,교차로 - 교차로안,승용,남,21세,상해없음,원동기,남,49세,중상
2017042400100502,2017년 4월 24일 18시,월요일,울산광역시 북구 호계동,경상사고,0,0,1,1,차대차 - 기타,안전운전불이행,건조,맑음,단일로 - 기타,승용,남,59세,부상신고,승용,여,48세,경상
2017042400100503,2017년 4월 24일 18시,월요일,울산광역시 울주군 온산읍,중상사고,0,1,0,0,차대차 - 기타,교차로운행방법위반,건조,맑음,교차로 - 교차로안,승용,남,50세,상해없음,승용,여,59세,중상
2017042400100570,2017년 4월 24일 20시,월요일,울산광역시 중구 약사동,중상사고,0,1,0,0,차대사람 - 횡단중,안전운전불이행,건조,맑음,교차로 - 교차로횡단보도내,승용,여,59세,상해없음,보행자,남,69세,중상
2017042400100571,2017년 4월 24일 20시,월요일,울산광역시 남구 삼산동,경상사고,0,0,1,0,차대사람 - 횡단중,보행자보호의무위반,건조,흐림,교차로 - 교차로횡단보도내,승합,남,43세,상해없음,보행자,남,39세,경상
2017042400100628,2017년 4월 24일 23시,월요일,울산광역시 중구 학성동,중상사고,0,1,0,0,차대사람 - 횡단중,보행자보호의무위반,건조,맑음,교차로 - 교차로횡단보도내,승용,남,60세,상해없음,보행자,남,33세,중상
2017042500100037,2017년 4월 25일 02시,화요일,울산광역시 남구 달동,경상사고,0,0,2,0,차대차 - 기타,안전거리미확보,건조,맑음,교차로 - 교차로부근,이륜,남,16세,경상,화물,남,43세,경상
2017042500100042,2017년 4월 25일 03시,화요일,울산광역시 중구 복산동,중상사고,0,1,1,0,차량단독 - 전도전복,안전운전불이행,건조,맑음,단일로 - 기타,이륜,남,17세,경상,미분류,미분류,미분류,미분류
2017042500100043,2017년 4월 25일 03시,화요일,울산광역시 남구 달동,중상사고,0,1,0,0,차대차 - 추돌,안전운전불이행,건조,맑음,단일로 - 기타,승용,남,76세,상해없음,승용,남,39세,중상
2017042500100339,2017년 4월 25일 15시,화요일,울산광역시 중구 학성동,중상사고,0,1,0,0,차대사람 - 횡단중,안전운전불이행,건조,맑음,교차로 - 교차로부근,건설기계,남,55세,상해없음,보행자,여,89세,중상
2017042500100373,2017년 4월 25일 16시,화요일,울산광역시 중구 반구동,중상사고,0,1,0,0,차대차 - 측면충돌,안전운전불이행,건조,맑음,단일로 - 기타,승용,남,49세,상해없음,원동기,남,63세,중상
2017042500100489,2017년 4월 25일 20시,화요일,울산광역시 북구 호계동,중상사고,0,1,0,0,차대차 - 기타,안전운전불이행,건조,맑음,교차로 - 교차로안,승용,남,33세,상해없음,이륜,남,49세,중상
2017042600100029,2017년 4월 26일 00시,수요일,울산광역시 울주군 온양읍,경상사고,0,0,2,0,차대차 - 추돌,안전운전불이행,건조,맑음,교차로 - 교차로부근,승용,남,29세,상해없음,승용,남,21세,경상
2017042600100118,2017년 4월 26일 07시,수요일,울산광역시 북구 천곡동,부상신고사고,0,0,0,1,차대차 - 기타,안전운전불이행,건조,맑음,교차로 - 교차로안,자전거,남,16세,부상신고,승용,남,54세,상해없음
2017042600100158,2017년 4월 26일 08시,수요일,울산광역시 동구 방어동,경상사고,0,0,2,0,차대차 - 정면충돌,안전거리미확보,건조,맑음,단일로 - 기타,이륜,남,30세,상해없음,승용,남,48세,경상
2017042600100220,2017년 4월 26일 10시,수요일,울산광역시 남구 무거동,경상사고,0,0,1,0,차대차 - 측면충돌,안전운전불이행,건조,맑음,교차로 - 교차로부근,승합,남,53세,상해없음,승용,여,55세,경상
2017042600100281,2017년 4월 26일 12시,수요일,울산광역시 울주군 언양읍,중상사고,0,1,0,0,차량단독 - 공작물충돌,안전운전불이행,건조,맑음,교차로 - 교차로안,화물,남,64세,중상,,,,
2017042600100345,2017년 4월 26일 14시,수요일,울산광역시 울주군 언양읍,경상사고,0,0,1,0,차대사람 - 기타,안전운전불이행,건조,맑음,교차로 - 교차로횡단보도내,승용,남,76세,상해없음,보행자,여,79세,경상
2017042600100381,2017년 4월 26일 15시,수요일,울산광역시 중구 학성동,경상사고,0,0,1,0,차대사람 - 기타,안전운전불이행,건조,맑음,단일로 - 기타,승합,남,58세,상해없음,보행자,남,86세,경상
2017042600100382,2017년 4월 26일 15시,수요일,울산광역시 중구 반구동,경상사고,0,0,1,0,차대사람 - 횡단중,안전운전불이행,건조,맑음,교차로 - 교차로안,이륜,남,48세,상해없음,보행자,남,9세,경상
2017042600100428,2017년 4월 26일 16시,수요일,울산광역시 북구 신명동,경상사고,0,0,3,0,차대차 - 측면충돌,안전거리미확보,건조,맑음,단일로 - 기타,화물,남,40세,경상,승용,남,70세,경상
2017042600100504,2017년 4월 26일 18시,수요일,울산광역시 남구 야음동,경상사고,0,0,1,0,차대차 - 기타,안전운전불이행,건조,맑음,주차장 - 주차장,화물,남,51세,상해없음,화물,남,36세,경상
2017042600100649,2017년 4월 26일 23시,수요일,울산광역시 중구 약사동,중상사고,0,1,0,1,차대차 - 측면충돌,과속,건조,맑음,단일로 - 기타,승용,남,30세,부상신고,이륜,남,54세,중상
2017042700100056,2017년 4월 27일 03시,목요일,울산광역시 북구 화봉동,경상사고,0,0,1,0,차대차 - 측면충돌,안전운전불이행,건조,맑음,단일로 - 기타,승용,남,28세,상해없음,화물,남,50세,경상
2017042700100109,2017년 4월 27일 07시,목요일,울산광역시 남구 무거동,경상사고,0,0,1,0,차대차 - 측면충돌,신호위반,건조,맑음,교차로 - 교차로안,승용,여,49세,상해없음,승용,남,28세,경상
2017042700100233,2017년 4월 27일 11시,목요일,울산광역시 남구 무거동,경상사고,0,0,2,0,차대차 - 측면충돌,차로위반,건조,맑음,단일로 - 기타,승용,남,66세,상해없음,승용,남,56세,경상
2017042700100320,2017년 4월 27일 14시,목요일,울산광역시 북구 양정동,경상사고,0,0,1,0,차대사람 - 횡단중,기타,건조,맑음,교차로 - 교차로부근,승합,여,47세,상해없음,보행자,남,56세,경상
2017042700100355,2017년 4월 27일 15시,목요일,울산광역시 남구 무거동,중상사고,0,1,0,0,차대사람 - 횡단중,보행자보호의무위반,건조,맑음,교차로 - 교차로횡단보도내,화물,남,52세,상해없음,보행자,여,55세,중상
2017042700100356,2017년 4월 27일 15시,목요일,울산광역시 동구 동부동,경상사고,0,0,1,0,차대차 - 측면충돌,안전거리미확보,건조,맑음,단일로 - 기타,승용,남,50세,상해없음,승용,남,45세,경상
2017042700100357,2017년 4월 27일 15시,목요일,울산광역시 울주군 온산읍,경상사고,0,0,1,0,차량단독 - 전도전복 - 전도,안전운전불이행,건조,맑음,단일로 - 기타,승용,남,56세,경상,,,,
2017042700100391,2017년 4월 27일 16시,목요일,울산광역시 북구 신천동,경상사고,0,0,1,0,차대차 - 기타,안전운전불이행,건조,맑음,교차로 - 교차로안,승용,여,52세,상해없음,자전거,남,12세,경상
2017042700100392,2017년 4월 27일 16시,목요일,울산광역시 울주군 온산읍,사망사고,1,0,0,0,차량단독 - 전도전복 - 전도,안전운전불이행,건조,맑음,교차로 - 교차로부근,이륜,남,56세,사망,,,,
2017042700100393,2017년 4월 27일 16시,목요일,울산광역시 울주군 온양읍,중상사고,0,1,1,0,차대차 - 정면충돌,중앙선침범,건조,맑음,교차로 - 교차로안,승용,남,61세,상해없음,화물,남,33세,경상
2017042700100450,2017년 4월 27일 17시,목요일,울산광역시 북구 천곡동,경상사고,0,0,1,0,차대차 - 기타,안전운전불이행,건조,맑음,교차로 - 교차로부근,승용,여,34세,상해없음,자전거,남,9세,경상
2017042700100451,2017년 4월 27일 17시,목요일,울산광역시 동구 일산동,중상사고,0,1,1,0,차대차 - 기타,안전운전불이행,건조,맑음,교차로 - 교차로안,승용,여,24세,상해없음,승합,남,52세,상해없음
2017042700100452,2017년 4월 27일 17시,목요일,울산광역시 동구 서부동,경상사고,0,0,1,0,차대사람 - 횡단중,보행자보호의무위반,건조,맑음,단일로 - 기타,승용,남,27세,상해없음,보행자,여,60세,경상
2017042700100533,2017년 4월 27일 19시,목요일,울산광역시 남구 야음동,중상사고,0,1,0,0,차대차 - 측면충돌,차로위반,건조,맑음,교차로 - 교차로부근,이륜,여,58세,중상,승용,여,27세,상해없음
2017042700100534,2017년 4월 27일 19시,목요일,울산광역시 울주군 서생면,부상신고사고,0,0,0,1,차대사람 - 횡단중,안전운전불이행,건조,맑음,교차로 - 교차로부근,승용,남,26세,상해없음,보행자,남,52세,부상신고
2017042700100602,2017년 4월 27일 21시,목요일,울산광역시 동구 화정동,중상사고,0,1,0,0,차대사람 - 횡단중,신호위반,건조,맑음,교차로 - 교차로횡단보도내,승용,남,38세,상해없음,보행자,여,57세,중상
2017042800100094,2017년 4월 28일 06시,금요일,울산광역시 중구 유곡동,경상사고,0,0,5,0,차대차 - 측면충돌,안전거리미확보,건조,맑음,단일로 - 기타,화물,남,77세,상해없음,승합,남,45세,경상
2017042800100118,2017년 4월 28일 07시,금요일,울산광역시 중구 성안동,중상사고,0,1,0,0,차대차 - 측면충돌,교차로운행방법위반,건조,맑음,교차로 - 교차로안,화물,남,37세,상해없음,승합,남,64세,중상
2017042800100119,2017년 4월 28일 07시,금요일,울산광역시 남구 부곡동,경상사고,0,0,1,0,차대차 - 정면충돌,차로위반,건조,맑음,교차로 - 교차로부근,건설기계,남,43세,상해없음,승용,남,45세,경상
2017042800100120,2017년 4월 28일 07시,금요일,울산광역시 남구 무거동,중상사고,0,1,0,0,차대사람 - 횡단중,안전운전불이행,기타,기타,단일로 - 기타,특수,남,44세,상해없음,보행자,남,17세,중상
2017042800100207,2017년 4월 28일 09시,금요일,울산광역시 중구 남외동,중상사고,0,1,0,0,차대차 - 측면충돌,교차로운행방법위반,건조,맑음,교차로 - 교차로안,승용,남,49세,상해없음,원동기,남,79세,중상
2017042800100208,2017년 4월 28일 09시,금요일,울산광역시 중구 서동,경상사고,0,0,1,0,차대차 - 측면충돌,안전운전불이행,건조,맑음,교차로 - 교차로부근,화물,남,44세,상해없음,승용,여,28세,경상
2017042800100209,2017년 4월 28일 09시,금요일,울산광역시 남구 달동,중상사고,0,1,1,0,차대차 - 측면충돌,안전거리미확보,건조,맑음,단일로 - 기타,승용,여,50세,경상,승합,남,64세,중상
2017042800100210,2017년 4월 28일 09시,금요일,울산광역시 울주군 상북면,중상사고,0,2,1,0,차대차 - 측면충돌,중앙선침범,건조,맑음,단일로 - 기타,이륜,남,76세,중상,화물,남,49세,경상
2017042800100241,2017년 4월 28일 10시,금요일,울산광역시 중구 성남동,부상신고사고,0,0,0,1,차대차 - 측면충돌,안전운전불이행,건조,맑음,단일로 - 기타,이륜,남,41세,부상신고,화물,남,52세,상해없음
2017042800100305,2017년 4월 28일 12시,금요일,울산광역시 울주군 온양읍,중상사고,0,1,0,0,차대차 - 추돌,안전운전불이행,건조,맑음,교차로 - 교차로부근,승용,남,22세,상해없음,승용,여,58세,중상
2017042800100374,2017년 4월 28일 14시,금요일,울산광역시 남구 무거동,경상사고,0,0,1,0,차대차 - 측면충돌,안전운전불이행,건조,맑음,교차로 - 교차로안,승용,남,53세,상해없음,자전거,남,50세,경상
2017042800100375,2017년 4월 28일 14시,금요일,울산광역시 울주군 온산읍,중상사고,0,4,1,0,차대차 - 정면충돌,중앙선침범,건조,맑음,단일로 - 기타,승용,남,34세,상해없음,승용,남,37세,중상
2017042800100411,2017년 4월 28일 15시,금요일,울산광역시 울주군 언양읍,경상사고,0,0,1,0,차대차 - 정면충돌,안전운전불이행,건조,맑음,단일로 - 기타,화물,남,65세,상해없음,건설기계,기타불명,미분류,기타불명
2017042800100449,2017년 4월 28일 16시,금요일,울산광역시 남구 신정동,경상사고,0,0,1,0,차대차 - 정면충돌,안전운전불이행,건조,맑음,교차로 - 교차로부근,자전거,남,11세,경상,승용,여,51세,기타불명
2017042800100450,2017년 4월 28일 16시,금요일,울산광역시 동구 서부동,중상사고,0,1,0,0,차대차 - 측면충돌,신호위반,건조,맑음,교차로 - 교차로안,이륜,남,72세,상해없음,승용,남,64세,상해없음
2017042800100489,2017년 4월 28일 17시,금요일,울산광역시 남구 달동,중상사고,0,1,0,0,차대사람 - 횡단중,보행자보호의무위반,기타,맑음,교차로 - 교차로부근,승용,남,50세,상해없음,보행자,여,48세,중상
2017042800100490,2017년 4월 28일 17시,금요일,울산광역시 울주군 온산읍,중상사고,0,1,0,0,차대차 - 측면충돌,차로위반,건조,맑음,단일로 - 기타,승용,남,53세,상해없음,이륜,남,52세,중상
2017042800100537,2017년 4월 28일 18시,금요일,울산광역시 남구 선암동,경상사고,0,0,1,0,차대차 - 측면충돌,신호위반,건조,맑음,교차로 - 교차로안,승용,남,56세,상해없음,승용,여,46세,경상
2017042800100577,2017년 4월 28일 19시,금요일,울산광역시 울주군 언양읍,경상사고,0,0,2,1,차대차 - 추돌,안전운전불이행,건조,맑음,단일로 - 기타,승용,남,58세,상해없음,승용,남,46세,경상
2017042800100647,2017년 4월 28일 21시,금요일,울산광역시 남구 옥동,경상사고,0,0,1,0,차대차 - 기타,교차로운행방법위반,건조,맑음,교차로 - 교차로안,승합,남,56세,상해없음,승합,남,54세,상해없음
2017042800100703,2017년 4월 28일 23시,금요일,울산광역시 울주군 온양읍,중상사고,0,1,0,0,차대차 - 측면충돌,중앙선침범,건조,맑음,단일로 - 기타,승용,남,31세,상해없음,승용,여,57세,중상
2017042900100203,2017년 4월 29일 09시,토요일,울산광역시 중구 우정동,경상사고,0,0,1,0,차대사람 - 횡단중,안전운전불이행,건조,맑음,단일로 - 기타,승용,여,29세,상해없음,보행자,남,67세,경상
2017042900100204,2017년 4월 29일 09시,토요일,울산광역시 북구 송정동,경상사고,0,0,1,0,차대차 - 측면충돌,안전거리미확보,건조,맑음,단일로 - 기타,승용,남,61세,상해없음,이륜,남,20세,경상
2017042900100205,2017년 4월 29일 09시,토요일,울산광역시 북구 연암동,경상사고,0,0,3,0,차대차 - 측면충돌,교차로운행방법위반,건조,맑음,교차로 - 교차로안,승용,여,51세,경상,승용,남,46세,경상
2017042900100206,2017년 4월 29일 09시,토요일,울산광역시 동구 방어동,중상사고,0,1,1,0,차대차 - 정면충돌,안전운전불이행,건조,맑음,단일로 - 기타,승용,남,54세,중상,승용,남,30세,상해없음
2017042900100207,2017년 4월 29일 09시,토요일,울산광역시 울주군 범서읍,중상사고,0,1,0,0,차대차 - 추돌,교차로운행방법위반,건조,맑음,교차로 - 교차로안,승용,여,57세,상해없음,원동기,남,77세,중상
2017042900100269,2017년 4월 29일 11시,토요일,울산광역시 남구 성암동,경상사고,0,0,1,0,차대차 - 정면충돌,중앙선침범,건조,맑음,교차로 - 교차로부근,승용,남,31세,경상,특수,남,64세,상해없음
2017042900100347,2017년 4월 29일 13시,토요일,울산광역시 울주군 삼남면,경상사고,0,0,1,0,차대차 - 측면충돌,안전운전불이행,건조,맑음,교차로 - 교차로안,자전거,남,13세,경상,승용,여,38세,상해없음
2017042900100382,2017년 4월 29일 14시,토요일,울산광역시 동구 동부동,경상사고,0,0,1,0,차대사람 - 횡단중,안전운전불이행,건조,맑음,교차로 - 교차로부근,승용,남,32세,상해없음,보행자,남,8세,경상
2017042900100383,2017년 4월 29일 14시,토요일,울산광역시 울주군 언양읍,부상신고사고,0,0,0,1,차대차 - 측면충돌,안전운전불이행,건조,맑음,단일로 - 기타,건설기계,남,50세,상해없음,승용,여,38세,부상신고
2017042900100422,2017년 4월 29일 15시,토요일,울산광역시 울주군 언양읍,경상사고,0,0,1,0,차대차 - 추돌,안전거리미확보,건조,맑음,교차로 - 교차로부근,화물,남,63세,상해없음,승용,남,59세,경상
2017042900100423,2017년 4월 29일 15시,토요일,울산광역시 울주군 온양읍,경상사고,0,0,1,0,차대사람 - 횡단중,안전운전불이행,건조,맑음,교차로 - 교차로부근,화물,남,45세,상해없음,보행자,여,74세,경상
2017042900100478,2017년 4월 29일 16시,토요일,울산광역시 북구 호계동,경상사고,0,0,1,0,차대차 - 기타,안전거리미확보,건조,맑음,단일로 - 기타,승용,남,38세,상해없음,승합,남,40세,상해없음
2017042900100519,2017년 4월 29일 17시,토요일,울산광역시 북구 중산동,경상사고,0,0,1,0,차대차 - 추돌,차로위반,건조,맑음,교차로 - 교차로부근,승용,남,45세,상해없음,이륜,남,26세,경상
2017042900100520,2017년 4월 29일 17시,토요일,울산광역시 남구 삼산동,경상사고,0,0,1,0,차대사람 - 길가장자리구역통행중,안전운전불이행,건조,맑음,단일로 - 기타,승용,여,58세,상해없음,보행자,남,30세,경상
2017042900100555,2017년 4월 29일 18시,토요일,울산광역시 북구 중산동,경상사고,0,0,2,0,차대차 - 추돌,안전운전불이행,건조,맑음,단일로 - 기타,승용,남,18세,상해없음,승용,여,45세,경상
2017042900100648,2017년 4월 29일 21시,토요일,울산광역시 남구 달동,중상사고,0,1,0,0,차대사람 - 횡단중,안전운전불이행,기타,기타,교차로 - 교차로부근,승용,남,62세,상해없음,보행자,여,67세,중상
2017042900100649,2017년 4월 29일 21시,토요일,울산광역시 남구 달동,중상사고,0,1,0,0,차대사람 - 횡단중,안전운전불이행,건조,맑음,교차로 - 교차로부근,화물,남,51세,상해없음,보행자,여,45세,중상
2017042900100650,2017년 4월 29일 21시,토요일,울산광역시 동구 방어동,중상사고,0,1,0,0,차대차 - 측면충돌,직진우회전진행방해,건조,맑음,교차로 - 교차로안,승용,여,24세,상해없음,이륜,여,50세,중상
2017042900100669,2017년 4월 29일 22시,토요일,울산광역시 북구 천곡동,중상사고,0,1,0,0,차대사람 - 횡단중,보행자보호의무위반,건조,맑음,교차로 - 교차로부근,승용,여,40세,상해없음,보행자,여,41세,중상
2017043000100058,2017년 4월 30일 02시,일요일,울산광역시 남구 삼산동,경상사고,0,0,2,0,차대차 - 추돌,안전운전불이행,건조,맑음,기타 - 기타,승용,남,25세,상해없음,승용,남,27세,경상
2017043000100098,2017년 4월 30일 07시,일요일,울산광역시 중구 학산동,중상사고,0,1,0,0,차대사람 - 횡단중,안전운전불이행,건조,맑음,교차로 - 교차로안,화물,남,61세,상해없음,보행자,남,67세,중상
2017043000100189,2017년 4월 30일 11시,일요일,울산광역시 울주군 온산읍,부상신고사고,0,0,0,1,차대사람 - 횡단중,안전운전불이행,건조,맑음,단일로 - 기타,화물,남,22세,상해없음,보행자,남,5세,부상신고
2017043000100302,2017년 4월 30일 15시,일요일,울산광역시 남구 여천동,경상사고,0,0,3,0,차대차 - 측면충돌,신호위반,건조,맑음,교차로 - 교차로안,승용,남,46세,기타불명,승용,남,30세,경상
2017043000100343,2017년 4월 30일 16시,일요일,울산광역시 북구 진장동,경상사고,0,0,1,0,차대차 - 측면충돌,신호위반,건조,맑음,교차로 - 교차로안,승용,남,26세,상해없음,승용,남,51세,경상
2017043000100397,2017년 4월 30일 18시,일요일,울산광역시 남구 옥동,경상사고,0,0,1,0,차대사람 - 차도통행중,안전운전불이행,건조,맑음,교차로 - 교차로부근,이륜,남,16세,상해없음,보행자,남,13세,경상
2017043000100398,2017년 4월 30일 18시,일요일,울산광역시 울주군 상북면,중상사고,0,1,1,0,차대차 - 정면충돌,중앙선침범,건조,맑음,단일로 - 기타,화물,남,56세,상해없음,승용,남,55세,경상
2017043000100477,2017년 4월 30일 21시,일요일,울산광역시 북구 상안동,경상사고,0,0,1,0,차대차 - 측면충돌,안전운전불이행,건조,맑음,교차로 - 교차로안,승용,남,50세,상해없음,승용,남,35세,경상
2017050100100032,2017년 5월 1일 01시,월요일,울산광역시 동구 일산동,중상사고,0,1,0,0,차대사람 - 횡단중,보행자보호의무위반,건조,맑음,교차로 - 교차로횡단보도내,승용,남,57세,상해없음,보행자,남,47세,중상
2017050100100041,2017년 5월 1일 02시,월요일,울산광역시 남구 무거동,중상사고,0,1,0,0,차대사람 - 길가장자리구역통행중,안전운전불이행,건조,맑음,교차로 - 교차로부근,승용,남,31세,상해없음,보행자,남,25세,중상
2017050100100089,2017년 5월 1일 07시,월요일,울산광역시 동구 전하동,중상사고,0,1,0,0,차대차 - 정면충돌,안전운전불이행,건조,맑음,단일로 - 기타,이륜,남,23세,중상,승용,남,58세,상해없음
2017050100100139,2017년 5월 1일 09시,월요일,울산광역시 남구 신정동,경상사고,0,0,1,0,차대차 - 기타,안전운전불이행,건조,맑음,교차로 - 교차로부근,승용,남,47세,상해없음,자전거,남,66세,경상
2017050100100455,2017년 5월 1일 18시,월요일,울산광역시 중구 남외동,중상사고,0,1,0,0,차대사람 - 횡단중,안전운전불이행,건조,맑음,교차로 - 교차로안,승용,남,35세,상해없음,보행자,여,75세,중상