사고번호,사고일시,요일,시군구,사고내용,사망자수,중상자수,경상자수,부상신고자수,사고유형,법규위반,노면상태,기상상태,도로형태,가해운전자 차종,가해운전자 성별,가해운전자 연령,가해운전자 상해정도,피해운전자 차종,피해운전자 성별,피해운전자 연령,피해운전자 상해정도
2017050100100456,2017년 5월 1일 18시,월요일,울산광역시 남구 선암동,중상사고,0,1,0,0,차대사람 - 횡단중,안전운전불이행,건조,맑음,단일로 - 기타,승합,남,69세,상해없음,보행자,남,65세,중상
2017050100100457,2017년 5월 1일 18시,월요일,울산광역시 남구 신정동,중상사고,0,1,0,0,차대차 - 기타,기타,건조,맑음,단일로 - 기타,승용,남,33세,상해없음,이륜,남,50세,중상
2017050100100526,2017년 5월 1일 20시,월요일,울산광역시 중구 남외동,경상사고,0,0,1,0,차대사람 - 기타,안전운전불이행,건조,맑음,교차로 - 교차로부근,승합,남,51세,상해없음,보행자,남,76세,경상
2017050100100546,2017년 5월 1일 21시,월요일,울산광역시 남구 무거동,경상사고,0,0,2,0,차대차 - 측면충돌,중앙선침범,건조,맑음,기타 - 기타,승용,여,49세,상해없음,이륜,남,15세,경상
2017050200100028,2017년 5월 2일 00시,화요일,울산광역시 남구 야음동,경상사고,0,0,1,0,차대사람 - 횡단중,안전운전불이행,건조,맑음,단일로 - 기타,승용,여,37세,상해없음,보행자,남,55세,경상
2017050200100073,2017년 5월 2일 06시,화요일,울산광역시 중구 약사동,경상사고,0,0,1,0,차대차 - 기타,안전운전불이행,건조,맑음,교차로 - 교차로안,승용,남,26세,상해없음,승용,남,37세,상해없음
2017050200100103,2017년 5월 2일 07시,화요일,울산광역시 동구 동부동,중상사고,0,1,0,0,차대차 - 측면충돌,안전거리미확보,건조,맑음,교차로 - 교차로부근,승용,남,35세,상해없음,원동기,남,36세,중상
2017050200100142,2017년 5월 2일 08시,화요일,울산광역시 울주군 언양읍,중상사고,0,1,0,0,차대차 - 정면충돌,안전운전불이행,건조,맑음,교차로 - 교차로안,화물,남,41세,상해없음,이륜,남,69세,중상
2017050200100226,2017년 5월 2일 11시,화요일,울산광역시 북구 진장동,경상사고,0,0,1,1,차대차 - 측면충돌,안전거리미확보,건조,맑음,교차로 - 교차로안,승용,여,54세,부상신고,화물,남,44세,경상
2017050200100227,2017년 5월 2일 11시,화요일,울산광역시 남구 달동,경상사고,0,0,1,0,차대차 - 측면충돌,안전운전불이행,건조,맑음,단일로 - 기타,원동기,남,80세,경상,승용,남,43세,상해없음
2017050200100260,2017년 5월 2일 12시,화요일,울산광역시 중구 학성동,중상사고,0,1,0,0,차대사람 - 횡단중,신호위반,건조,맑음,단일로 - 기타,승용,남,62세,상해없음,보행자,여,73세,중상
2017050200100443,2017년 5월 2일 17시,화요일,울산광역시 남구 신정동,경상사고,0,0,1,0,차대사람 - 기타,안전운전불이행,건조,맑음,단일로 - 기타,승용,여,50세,상해없음,보행자,여,48세,경상
2017050200100444,2017년 5월 2일 17시,화요일,울산광역시 동구 일산동,경상사고,0,0,1,0,차량단독 - 기타,기타,건조,맑음,단일로 - 기타,승합,남,42세,상해없음,,,,
2017050200100488,2017년 5월 2일 18시,화요일,울산광역시 중구 옥교동,중상사고,0,1,0,0,차대사람 - 횡단중,보행자보호의무위반,건조,맑음,단일로 - 기타,승용,남,62세,상해없음,보행자,남,67세,중상
2017050200100560,2017년 5월 2일 20시,화요일,울산광역시 남구 옥동,경상사고,0,0,2,0,차대차 - 추돌,안전운전불이행,건조,맑음,교차로 - 교차로부근,승용,남,25세,상해없음,승용,남,37세,경상
2017050200100561,2017년 5월 2일 20시,화요일,울산광역시 남구 무거동,중상사고,0,1,0,0,차대차 - 측면충돌,교차로운행방법위반,건조,맑음,교차로 - 교차로안,승용,남,29세,상해없음,원동기,남,50세,중상
2017050300100054,2017년 5월 3일 02시,수요일,울산광역시 북구 중산동,경상사고,0,0,5,1,차대차 - 기타,안전운전불이행,건조,맑음,단일로 - 기타,화물,남,33세,부상신고,승용,남,28세,경상
2017050300100075,2017년 5월 3일 04시,수요일,울산광역시 중구 학산동,경상사고,0,0,2,0,차대차 - 추돌,안전운전불이행,건조,맑음,단일로 - 기타,승용,여,19세,상해없음,승용,남,68세,경상
2017050300100113,2017년 5월 3일 07시,수요일,울산광역시 울주군 언양읍,부상신고사고,0,0,0,2,차대차 - 측면충돌,교차로운행방법위반,건조,맑음,교차로 - 교차로안,화물,남,44세,상해없음,승용,남,54세,부상신고
2017050300100132,2017년 5월 3일 08시,수요일,울산광역시 북구 효문동,경상사고,0,0,2,0,차대차 - 측면충돌,과속,건조,맑음,단일로 - 기타,승용,남,29세,상해없음,승합,남,54세,경상
2017050300100209,2017년 5월 3일 11시,수요일,울산광역시 남구 신정동,경상사고,0,0,1,0,차대차 - 기타,안전운전불이행,건조,맑음,단일로 - 기타,승용,남,43세,상해없음,자전거,남,60세,경상
2017050300100210,2017년 5월 3일 11시,수요일,울산광역시 울주군 상북면,중상사고,0,4,0,0,차량단독 - 전도전복 - 전도,안전운전불이행,건조,맑음,단일로 - 기타,승용,여,75세,중상,,,,
2017050300100344,2017년 5월 3일 15시,수요일,울산광역시 중구 태화동,중상사고,0,1,0,0,차대사람 - 횡단중,안전운전불이행,건조,맑음,단일로 - 기타,승용,남,35세,상해없음,보행자,남,6세,중상
2017050300100345,2017년 5월 3일 15시,수요일,울산광역시 남구 삼산동,경상사고,0,0,1,0,차대차 - 측면충돌,직진우회전진행방해,건조,맑음,교차로 - 교차로안,승용,남,72세,상해없음,이륜,남,35세,경상
2017050300100475,2017년 5월 3일 19시,수요일,울산광역시 남구 삼산동,경상사고,0,0,1,0,차대사람 - 길가장자리구역통행중,안전운전불이행,건조,맑음,교차로 - 교차로부근,승용,남,61세,상해없음,보행자,남,32세,경상
2017050300100476,2017년 5월 3일 19시,수요일,울산광역시 남구 야음동,경상사고,0,0,1,0,차대사람 - 보도통행중,안전운전불이행,건조,맑음,기타 - 기타,기타불명,기타불명,미분류,기타불명,보행자,여,73세,경상
2017050300100508,2017년 5월 3일 20시,수요일,울산광역시 남구 달동,경상사고,0,0,1,0,차대차 - 측면충돌,안전거리미확보,건조,맑음,교차로 - 교차로부근,승용,남,56세,상해없음,원동기,남,21세,경상
2017050300100528,2017년 5월 3일 21시,수요일,울산광역시 중구 태화동,경상사고,0,0,1,0,차대차 - 기타,안전거리미확보,건조,맑음,단일로 - 기타,승용,여,47세,상해없음,승합,남,36세,경상
2017050300100552,2017년 5월 3일 22시,수요일,울산광역시 중구 태화동,중상사고,0,1,1,0,차대차 - 측면충돌,안전운전불이행,건조,맑음,단일로 - 기타,이륜,남,45세,중상,자전거,남,18세,경상
2017050400100037,2017년 5월 4일 01시,목요일,울산광역시 남구 무거동,부상신고사고,0,0,0,1,차대사람 - 기타,안전운전불이행,건조,맑음,단일로 - 기타,승용,남,47세,상해없음,보행자,남,50세,부상신고
2017050400100090,2017년 5월 4일 06시,목요일,울산광역시 북구 염포동,중상사고,0,1,1,0,차대차 - 측면충돌,안전거리미확보,건조,맑음,교차로 - 교차로부근,이륜,남,37세,경상,이륜,남,53세,중상
2017050400100141,2017년 5월 4일 08시,목요일,울산광역시 남구 삼산동,경상사고,0,0,1,0,차대사람 - 횡단중,보행자보호의무위반,건조,맑음,단일로 - 기타,승용,남,45세,상해없음,보행자,여,22세,경상
2017050400100169,2017년 5월 4일 09시,목요일,울산광역시 남구 옥동,경상사고,0,0,1,0,차대차 - 기타,불법유턴,건조,맑음,단일로 - 기타,승용,여,30세,상해없음,승합,남,42세,상해없음
2017050400100308,2017년 5월 4일 13시,목요일,울산광역시 울주군 삼동면,부상신고사고,0,0,0,1,차대사람 - 기타,안전운전불이행,건조,맑음,교차로 - 교차로안,승용,여,65세,상해없음,보행자,남,47세,부상신고
2017050400100350,2017년 5월 4일 14시,목요일,울산광역시 북구 신현동,경상사고,0,0,2,0,차대차 - 정면충돌,안전운전불이행,건조,맑음,단일로 - 기타,승용,여,37세,상해없음,승용,여,47세,경상
2017050400100537,2017년 5월 4일 19시,목요일,울산광역시 중구 다운동,경상사고,0,0,2,0,차대차 - 측면충돌,신호위반,건조,맑음,교차로 - 교차로안,자전거,남,63세,경상,승용,남,26세,경상
2017050400100538,2017년 5월 4일 19시,목요일,울산광역시 울주군 온산읍,경상사고,0,0,1,0,차대차 - 정면충돌,교차로운행방법위반,건조,맑음,교차로 - 교차로안,승용,여,36세,상해없음,원동기,남,20세,경상
2017050400100568,2017년 5월 4일 20시,목요일,울산광역시 남구 신정동,중상사고,0,1,0,0,차대차 - 측면충돌,안전운전불이행,건조,맑음,교차로 - 교차로횡단보도내,승용,여,55세,상해없음,자전거,남,53세,중상
2017050400100598,2017년 5월 4일 21시,목요일,울산광역시 남구 삼산동,경상사고,0,0,1,0,차대사람 - 횡단중,안전운전불이행,건조,흐림,교차로 - 교차로부근,이륜,남,21세,경상,보행자,여,31세,상해없음
2017050400100621,2017년 5월 4일 22시,목요일,울산광역시 중구 장현동,중상사고,0,1,0,0,차대차 - 측면충돌,안전거리미확보,젖음/습기,흐림,단일로 - 기타,이륜,남,51세,중상,승용,남,48세,상해없음
2017050400100644,2017년 5월 4일 23시,목요일,울산광역시 남구 삼산동,중상사고,0,1,0,0,차대사람 - 횡단중,안전운전불이행,건조,맑음,교차로 - 교차로부근,승용,여,21세,상해없음,보행자,여,70세,중상
2017050500100030,2017년 5월 5일 00시,금요일,울산광역시 중구 옥교동,중상사고,0,1,0,0,차대사람 - 횡단중,안전운전불이행,건조,맑음,교차로 - 교차로부근,승용,남,45세,상해없음,보행자,여,33세,중상
2017050500100046,2017년 5월 5일 01시,금요일,울산광역시 남구 신정동,중상사고,0,1,0,0,차대사람 - 횡단중,안전운전불이행,건조,맑음,교차로 - 교차로부근,화물,남,44세,상해없음,보행자,남,56세,중상
2017050500100085,2017년 5월 5일 05시,금요일,울산광역시 남구 삼산동,경상사고,0,0,2,0,차대차 - 추돌,안전운전불이행,건조,맑음,단일로 - 기타,승용,남,24세,상해없음,승용,남,60세,경상
2017050500100096,2017년 5월 5일 06시,금요일,울산광역시 중구 학성동,중상사고,0,1,0,0,차대사람 - 기타,안전운전불이행,건조,맑음,단일로 - 기타,이륜,남,55세,상해없음,보행자,여,79세,중상
2017050500100108,2017년 5월 5일 07시,금요일,울산광역시 남구 옥동,중상사고,0,1,1,0,차대차 - 추돌,안전거리미확보,건조,맑음,단일로 - 기타,화물,남,25세,상해없음,승용,남,53세,중상
2017050500100131,2017년 5월 5일 08시,금요일,울산광역시 북구 천곡동,경상사고,0,0,5,0,차대차 - 기타,안전운전불이행,건조,맑음,단일로 - 기타,승용,여,48세,경상,승용,남,49세,경상
2017050500100260,2017년 5월 5일 13시,금요일,울산광역시 남구 무거동,중상사고,0,1,0,0,차대사람 - 횡단중,안전운전불이행,건조,맑음,단일로 - 기타,화물,남,39세,상해없음,보행자,여,86세,중상
2017050500100261,2017년 5월 5일 13시,금요일,울산광역시 울주군 온양읍,경상사고,0,0,1,0,차대사람 - 횡단중,안전운전불이행,건조,흐림,미분류 - 미분류,승용,남,74세,상해없음,보행자,남,46세,경상
2017050500100262,2017년 5월 5일 13시,금요일,울산광역시 울주군 두서면,중상사고,0,1,0,0,차량단독 - 전도전복 - 전도,안전운전불이행,건조,흐림,교차로 - 교차로부근,화물,남,57세,중상,,,,
2017050500100400,2017년 5월 5일 17시,금요일,울산광역시 남구 야음동,중상사고,0,1,0,0,차대차 - 추돌,중앙선침범,건조,흐림,단일로 - 기타,승용,남,48세,상해없음,이륜,남,35세,중상
2017050500100407,2017년 5월 5일 18시,금요일,울산광역시 울주군 범서읍,중상사고,0,1,2,0,차대차 - 추돌,안전운전불이행,젖음/습기,비,기타 - 기타,승용,여,56세,중상,승용,남,61세,경상
2017050500100463,2017년 5월 5일 19시,금요일,울산광역시 남구 무거동,중상사고,0,1,0,0,차대차 - 측면충돌,교차로운행방법위반,젖음/습기,비,교차로 - 교차로안,승용,여,42세,상해없음,이륜,남,39세,중상
2017050500100464,2017년 5월 5일 19시,금요일,울산광역시 남구 야음동,중상사고,0,1,0,0,차대차 - 기타,안전운전불이행,건조,맑음,단일로 - 기타,승용,남,40세,상해없음,승용,남,68세,상해없음
2017050500100535,2017년 5월 5일 21시,금요일,울산광역시 중구 약사동,경상사고,0,0,2,1,차대차 - 정면충돌,신호위반,젖음/습기,비,교차로 - 교차로안,승용,남,64세,부상신고,승용,남,31세,경상
2017050600100075,2017년 5월 6일 06시,토요일,울산광역시 울주군 온양읍,중상사고,0,1,0,0,차대차 - 정면충돌,중앙선침범,건조,맑음,단일로 - 기타,승용,남,29세,상해없음,승용,남,62세,중상
2017050600100492,2017년 5월 6일 20시,토요일,울산광역시 울주군 상북면,부상신고사고,0,0,0,1,차대차 - 추돌,안전거리미확보,건조,맑음,교차로 - 교차로안,승용,남,57세,상해없음,승용,남,57세,부상신고
2017050600100557,2017년 5월 6일 23시,토요일,울산광역시 남구 신정동,중상사고,0,1,0,0,차대차 - 측면충돌,신호위반,건조,맑음,교차로 - 교차로안,승용,여,65세,상해없음,이륜,남,55세,중상
2017050700100071,2017년 5월 7일 05시,일요일,울산광역시 남구 신정동,사망사고,1,0,0,0,차대사람 - 횡단중,안전운전불이행,건조,맑음,단일로 - 기타,승용,남,39세,상해없음,보행자,남,46세,사망
2017050700100084,2017년 5월 7일 07시,일요일,울산광역시 울주군 삼남면,중상사고,0,1,0,0,차대차 - 정면충돌,안전운전불이행,건조,맑음,단일로 - 기타,이륜,남,30세,중상,승용,남,61세,상해없음
2017050700100134,2017년 5월 7일 10시,일요일,울산광역시 북구 상안동,중상사고,0,2,3,0,차대차 - 측면충돌,신호위반,건조,맑음,교차로 - 교차로안,승용,남,25세,경상,승용,남,48세,경상
2017050700100198,2017년 5월 7일 13시,일요일,울산광역시 남구 무거동,중상사고,0,1,0,0,차대차 - 기타,안전운전불이행,건조,맑음,단일로 - 기타,승용,남,56세,상해없음,승용,남,62세,기타불명
2017050700100199,2017년 5월 7일 13시,일요일,울산광역시 울주군 범서읍,중상사고,0,1,0,0,차대차 - 정면충돌,교차로운행방법위반,건조,맑음,교차로 - 교차로안,승용,남,43세,상해없음,승용,남,40세,상해없음
2017050700100283,2017년 5월 7일 16시,일요일,울산광역시 동구 일산동,중상사고,0,1,0,0,차대차 - 추돌,안전운전불이행,건조,맑음,교차로 - 교차로부근,이륜,남,49세,중상,승용,남,54세,상해없음
2017050700100314,2017년 5월 7일 17시,일요일,울산광역시 울주군 청량면,경상사고,0,0,1,0,차대차 - 정면충돌,안전거리미확보,건조,맑음,단일로 - 기타,승용,여,46세,상해없음,승합,남,55세,상해없음
2017050700100315,2017년 5월 7일 17시,일요일,울산광역시 울주군 범서읍,경상사고,0,0,3,0,차대차 - 추돌,안전운전불이행,건조,맑음,단일로 - 기타,승용,남,40세,상해없음,승용,여,36세,경상
2017050700100341,2017년 5월 7일 18시,일요일,울산광역시 남구 무거동,경상사고,0,0,1,0,차대차 - 측면충돌,안전운전불이행,건조,맑음,교차로 - 교차로안,이륜,남,16세,경상,승합,남,43세,상해없음
2017050700100362,2017년 5월 7일 19시,일요일,울산광역시 울주군 삼남면,경상사고,0,0,1,0,차대차 - 정면충돌,중앙선침범,건조,맑음,단일로 - 기타,승용,남,24세,상해없음,승용,남,48세,경상
2017050700100452,2017년 5월 7일 23시,일요일,울산광역시 남구 야음동,경상사고,0,0,1,0,차대사람 - 횡단중,안전운전불이행,건조,맑음,기타 - 기타,승용,여,52세,상해없음,보행자,남,43세,경상
2017050800100038,2017년 5월 8일 01시,월요일,울산광역시 중구 성남동,경상사고,0,0,1,0,차대사람 - 길가장자리구역통행중,안전운전불이행,건조,맑음,단일로 - 기타,승용,남,33세,상해없음,보행자,남,21세,경상
2017050800100063,2017년 5월 8일 06시,월요일,울산광역시 북구 화봉동,중상사고,0,1,0,0,차대차 - 측면충돌,차로위반,건조,맑음,단일로 - 기타,승용,남,59세,상해없음,이륜,남,34세,중상
2017050800100091,2017년 5월 8일 07시,월요일,울산광역시 동구 방어동,중상사고,0,1,1,0,차대차 - 측면충돌,안전운전불이행,건조,맑음,단일로 - 기타,승용,남,55세,상해없음,이륜,남,47세,경상
2017050800100216,2017년 5월 8일 10시,월요일,울산광역시 남구 삼산동,경상사고,0,0,1,0,차대차 - 측면충돌,안전운전불이행,건조,맑음,단일로 - 기타,화물,남,49세,상해없음,승용,남,50세,경상
2017050800100217,2017년 5월 8일 10시,월요일,울산광역시 남구 달동,중상사고,0,1,0,0,차대차 - 기타,안전운전불이행,건조,맑음,교차로 - 교차로안,승용,남,58세,상해없음,승용,남,53세,중상
2017050800100270,2017년 5월 8일 12시,월요일,울산광역시 북구 화봉동,경상사고,0,0,1,0,차대차 - 측면충돌,신호위반,건조,맑음,교차로 - 교차로안,이륜,남,29세,경상,승합,남,53세,상해없음
2017050800100374,2017년 5월 8일 15시,월요일,울산광역시 남구 삼산동,경상사고,0,0,2,0,차대차 - 측면충돌,차로위반,건조,맑음,단일로 - 기타,승용,여,30세,상해없음,승용,여,35세,경상
2017050800100418,2017년 5월 8일 16시,월요일,울산광역시 울주군 범서읍,부상신고사고,0,0,0,1,차대사람 - 횡단중,보행자보호의무위반,건조,맑음,교차로 - 교차로부근,승용,남,58세,부상신고,보행자,여,14세,기타불명
2017050800100419,2017년 5월 8일 16시,월요일,울산광역시 울주군 상북면,중상사고,0,1,0,0,차량단독 - 전도전복,안전운전불이행,건조,맑음,단일로 - 기타,이륜,남,17세,상해없음,미분류,미분류,미분류,미분류
2017050800100499,2017년 5월 8일 18시,월요일,울산광역시 중구 서동,경상사고,0,0,1,0,차대차 - 측면충돌,교차로운행방법위반,건조,맑음,교차로 - 교차로안,화물,남,57세,상해없음,승용,남,72세,상해없음
2017050800100571,2017년 5월 8일 20시,월요일,울산광역시 동구 방어동,중상사고,0,1,0,0,차대차 - 측면충돌,직진우회전진행방해,건조,맑음,교차로 - 교차로안,승용,남,31세,상해없음,이륜,여,47세,중상
2017050800100600,2017년 5월 8일 21시,월요일,울산광역시 남구 무거동,중상사고,0,3,0,0,차대차 - 측면충돌,중앙선침범,건조,맑음,단일로 - 기타,승용,남,72세,상해없음,승용,남,37세,중상
2017050800100642,2017년 5월 8일 23시,월요일,울산광역시 중구 태화동,중상사고,0,1,1,0,차대차 - 추돌,안전운전불이행,건조,맑음,단일로 - 기타,화물,남,52세,상해없음,승용,남,52세,경상
2017050800100643,2017년 5월 8일 23시,월요일,울산광역시 남구 옥동,경상사고,0,0,2,0,차대차 - 측면충돌,안전거리미확보,건조,맑음,단일로 - 기타,승용,남,30세,상해없음,승용,남,52세,경상
2017050900100026,2017년 5월 9일 00시,화요일,울산광역시 남구 신정동,사망사고,1,0,0,0,차대사람 - 횡단중,과속,건조,맑음,교차로 - 교차로부근,승용,남,58세,상해없음,보행자,남,51세,사망
2017050900100043,2017년 5월 9일 01시,화요일,울산광역시 중구 옥교동,중상사고,0,1,0,0,차대차 - 기타,직진우회전진행방해,건조,맑음,교차로 - 교차로안,승용,남,32세,상해없음,자전거,여,68세,중상
2017050900100071,2017년 5월 9일 04시,화요일,울산광역시 북구 명촌동,중상사고,0,1,0,1,차대차 - 기타,안전운전불이행,건조,맑음,단일로 - 기타,이륜,남,33세,부상신고,화물,여,40세,기타불명
2017050900100112,2017년 5월 9일 07시,화요일,울산광역시 동구 방어동,중상사고,0,1,0,0,차대사람 - 횡단중,보행자보호의무위반,젖음/습기,비,교차로 - 교차로횡단보도내,이륜,남,34세,상해없음,보행자,여,73세,중상
2017050900100135,2017년 5월 9일 08시,화요일,울산광역시 남구 야음동,경상사고,0,0,1,0,차대사람 - 기타,기타,건조,맑음,기타 - 기타,승용,여,48세,상해없음,보행자,여,44세,경상
2017050900100229,2017년 5월 9일 12시,화요일,울산광역시 동구 서부동,중상사고,0,1,0,0,차대차 - 기타,안전거리미확보,젖음/습기,비,교차로 - 교차로안,승용,남,67세,상해없음,이륜,남,38세,중상
2017050900100287,2017년 5월 9일 14시,화요일,울산광역시 중구 약사동,경상사고,0,0,1,0,차대차 - 기타,안전거리미확보,젖음/습기,비,교차로 - 교차로부근,승용,남,50세,상해없음,이륜,남,44세,경상
2017050900100288,2017년 5월 9일 14시,화요일,울산광역시 북구 화봉동,중상사고,0,1,0,0,차대차 - 기타,교차로운행방법위반,젖음/습기,비,교차로 - 교차로안,승용,남,43세,상해없음,이륜,남,49세,중상
2017050900100289,2017년 5월 9일 14시,화요일,울산광역시 울주군 두동면,중상사고,0,2,3,0,차대차 - 정면충돌,중앙선침범,젖음/습기,비,단일로 - 기타,승용,남,57세,경상,승용,남,49세,중상
2017050900100345,2017년 5월 9일 16시,화요일,울산광역시 울주군 온산읍,중상사고,0,1,0,0,차대사람 - 횡단중,안전운전불이행,젖음/습기,비,단일로 - 기타,이륜,남,17세,상해없음,보행자,남,75세,중상
2017050900100529,2017년 5월 9일 21시,화요일,울산광역시 남구 야음동,경상사고,0,0,1,0,차대차 - 추돌,안전거리미확보,건조,맑음,교차로 - 교차로부근,화물,남,59세,상해없음,승용,여,46세,경상
2017050900100553,2017년 5월 9일 22시,화요일,울산광역시 남구 무거동,경상사고,0,0,1,0,차대사람 - 횡단중,안전운전불이행,젖음/습기,흐림,단일로 - 기타,승용,남,26세,상해없음,보행자,남,25세,경상
2017051000100035,2017년 5월 10일 01시,수요일,울산광역시 남구 달동,중상사고,0,1,0,0,차대사람 - 횡단중,안전운전불이행,건조,맑음,교차로 - 교차로안,승용,남,30세,상해없음,보행자,남,33세,중상
2017051000100121,2017년 5월 10일 08시,수요일,울산광역시 울주군 언양읍,중상사고,0,1,1,0,차대차 - 측면충돌,안전운전불이행,건조,맑음,단일로 - 기타,화물,남,49세,상해없음,화물,남,60세,경상
2017051000100163,2017년 5월 10일 09시,수요일,울산광역시 남구 신정동,경상사고,0,0,1,0,차대차 - 측면충돌,신호위반,건조,맑음,교차로 - 교차로안,자전거,남,70세,경상,승용,남,25세,상해없음
2017051000100174,2017년 5월 10일 10시,수요일,울산광역시 울주군 범서읍,경상사고,0,0,1,0,차대차 - 추돌,안전운전불이행,건조,맑음,단일로 - 기타,화물,남,40세,상해없음,승용,남,56세,경상
2017051000100193,2017년 5월 10일 10시,수요일,울산광역시 남구 야음동,중상사고,0,1,0,0,차대사람 - 횡단중,교차로운행방법위반,건조,맑음,교차로 - 교차로안,승용,남,63세,상해없음,보행자,여,72세,중상
2017051000100219,2017년 5월 10일 11시,수요일,울산광역시 중구 학성동,경상사고,0,0,1,0,차대차 - 측면충돌,신호위반,건조,맑음,교차로 - 교차로안,승용,여,49세,상해없음,화물,남,48세,경상
2017051000100369,2017년 5월 10일 17시,수요일,울산광역시 북구 진장동,경상사고,0,0,1,0,차대차 - 측면충돌,차로위반,건조,맑음,교차로 - 교차로안,승용,남,48세,상해없음,이륜,남,49세,경상
2017051000100412,2017년 5월 10일 18시,수요일,울산광역시 북구 신천동,중상사고,0,1,0,0,차대차 - 측면충돌,기타,건조,맑음,교차로 - 교차로부근,승용,여,39세,상해없음,자전거,남,11세,중상
2017051000100413,2017년 5월 10일 18시,수요일,울산광역시 울주군 온산읍,중상사고,0,1,0,0,차대사람 - 횡단중,보행자보호의무위반,건조,흐림,교차로 - 교차로안,승용,남,39세,상해없음,보행자,여,20세,중상
2017051000100522,2017년 5월 10일 23시,수요일,울산광역시 남구 삼산동,경상사고,0,0,2,0,차대차 - 추돌,안전운전불이행,건조,맑음,교차로 - 교차로부근,승용,남,51세,상해없음,승용,남,53세,경상
2017051100100027,2017년 5월 11일 00시,목요일,울산광역시 남구 신정동,경상사고,0,0,1,0,차대사람 - 횡단중,안전운전불이행,건조,맑음,단일로 - 기타,승용,남,54세,상해없음,보행자,남,60세,경상
2017051100100028,2017년 5월 11일 00시,목요일,울산광역시 남구 부곡동,경상사고,0,0,1,0,차량단독 - 전도전복 - 전도,안전운전불이행,건조,맑음,단일로 - 기타,승용,남,48세,경상,,,,
2017051100100101,2017년 5월 11일 06시,목요일,울산광역시 울주군 삼남면,중상사고,0,2,0,0,차량단독 - 전도전복 - 전도,안전운전불이행,건조,맑음,단일로 - 기타,화물,남,54세,중상,,,,
2017051100100195,2017년 5월 11일 09시,목요일,울산광역시 동구 화정동,경상사고,0,0,1,0,차대사람 - 기타,안전운전불이행,건조,맑음,단일로 - 기타,화물,남,55세,상해없음,보행자,여,88세,경상
2017051100100236,2017년 5월 11일 11시,목요일,울산광역시 북구 화봉동,경상사고,0,0,1,0,차대차 - 추돌,안전거리미확보,건조,맑음,단일로 - 기타,승용,여,29세,상해없음,승용,여,51세,경상
2017051100100237,2017년 5월 11일 11시,목요일,울산광역시 중구 옥교동,경상사고,0,0,1,0,차대차 - 측면충돌,안전거리미확보,건조,맑음,단일로 - 기타,승용,여,63세,상해없음,승용,남,31세,경상
2017051100100259,2017년 5월 11일 12시,목요일,울산광역시 중구 우정동,경상사고,0,0,1,0,차대사람 - 횡단중,신호위반,건조,맑음,교차로 - 교차로횡단보도내,승용,남,75세,상해없음,보행자,남,50세,경상
2017051100100347,2017년 5월 11일 15시,목요일,울산광역시 북구 명촌동,부상신고사고,0,0,0,1,차대차 - 기타,불법유턴,건조,맑음,교차로 - 교차로횡단보도내,자전거,남,47세,부상신고,승용,여,44세,상해없음
2017051100100413,2017년 5월 11일 17시,목요일,울산광역시 북구 상안동,중상사고,0,1,0,0,차대차 - 측면충돌,교차로운행방법위반,건조,맑음,교차로 - 교차로안,승용,남,57세,상해없음,이륜,남,29세,중상
2017051100100414,2017년 5월 11일 17시,목요일,울산광역시 남구 달동,경상사고,0,0,1,0,차대차 - 후진중충돌,안전운전불이행,건조,맑음,주차장 - 주차장,승용,남,50세,상해없음,승용,남,37세,경상
2017051100100450,2017년 5월 11일 18시,목요일,울산광역시 남구 신정동,경상사고,0,0,5,0,차대차 - 측면충돌,불법유턴,건조,맑음,교차로 - 교차로부근,기타불명,기타불명,미분류,기타불명,승합,남,47세,상해없음
2017051100100486,2017년 5월 11일 19시,목요일,울산광역시 중구 북정동,중상사고,0,1,1,0,차대차 - 측면충돌,교차로운행방법위반,건조,맑음,교차로 - 교차로안,승용,여,25세,상해없음,화물,남,65세,중상
2017051100100519,2017년 5월 11일 20시,목요일,울산광역시 중구 학성동,사망사고,1,0,0,0,차대사람 - 횡단중,안전운전불이행,건조,맑음,단일로 - 기타,화물,남,69세,상해없음,보행자,남,64세,사망
2017051100100520,2017년 5월 11일 20시,목요일,울산광역시 울주군 청량면,경상사고,0,0,1,1,차대차 - 추돌,안전운전불이행,건조,맑음,단일로 - 기타,승용,남,28세,부상신고,화물,남,48세,경상
2017051200100073,2017년 5월 12일 03시,금요일,울산광역시 남구 삼산동,경상사고,0,0,1,0,차대차 - 추돌,안전운전불이행,건조,맑음,교차로 - 교차로부근,승용,여,26세,상해없음,승용,남,58세,경상
2017051200100077,2017년 5월 12일 04시,금요일,울산광역시 남구 옥동,중상사고,0,1,1,0,차대차 - 측면충돌,신호위반,건조,맑음,교차로 - 교차로안,승용,여,53세,상해없음,승용,남,57세,중상
2017051200100098,2017년 5월 12일 06시,금요일,울산광역시 북구 진장동,경상사고,0,0,1,0,차대차 - 측면충돌,교차로운행방법위반,건조,맑음,교차로 - 교차로안,승용,남,40세,상해없음,이륜,남,26세,경상