사고번호,사고일시,요일,시군구,사고내용,사망자수,중상자수,경상자수,부상신고자수,사고유형,법규위반,노면상태,기상상태,도로형태,가해운전자 차종,가해운전자 성별,가해운전자 연령,가해운전자 상해정도,피해운전자 차종,피해운전자 성별,피해운전자 연령,피해운전자 상해정도
2017052300100119,2017년 5월 23일 07시,화요일,울산광역시 울주군 언양읍,경상사고,0,0,1,0,차대차 - 측면충돌,교차로운행방법위반,건조,맑음,교차로 - 교차로안,승용,남,43세,상해없음,승용,여,49세,경상
2017052300100120,2017년 5월 23일 07시,화요일,울산광역시 울주군 삼남면,경상사고,0,0,2,0,차대차 - 측면충돌,교차로운행방법위반,건조,맑음,교차로 - 교차로안,승용,남,72세,상해없음,화물,남,70세,경상
2017052300100159,2017년 5월 23일 08시,화요일,울산광역시 중구 남외동,중상사고,0,1,1,0,차대차 - 추돌,안전거리미확보,건조,맑음,단일로 - 기타,승용,여,57세,상해없음,승용,남,67세,중상
2017052300100255,2017년 5월 23일 11시,화요일,울산광역시 울주군 삼동면,중상사고,0,1,0,0,차대차 - 기타,안전운전불이행,건조,맑음,단일로 - 기타,화물,남,42세,상해없음,특수,남,30세,기타불명
2017052300100278,2017년 5월 23일 12시,화요일,울산광역시 중구 유곡동,중상사고,0,1,0,0,차대차 - 기타,안전거리미확보,건조,맑음,단일로 - 기타,승용,여,49세,상해없음,이륜,남,38세,중상
2017052300100279,2017년 5월 23일 12시,화요일,울산광역시 북구 양정동,경상사고,0,0,2,0,차대차 - 추돌,안전거리미확보,건조,맑음,단일로 - 기타,승합,남,45세,상해없음,승용,남,55세,경상
2017052300100315,2017년 5월 23일 13시,화요일,울산광역시 중구 반구동,경상사고,0,0,1,0,차대사람 - 횡단중,보행자보호의무위반,건조,맑음,단일로 - 기타,승용,남,45세,상해없음,보행자,여,7세,경상
2017052300100376,2017년 5월 23일 15시,화요일,울산광역시 북구 효문동,경상사고,0,0,1,0,차대차 - 측면충돌,신호위반,건조,맑음,교차로 - 교차로안,승용,여,63세,상해없음,승용,남,31세,경상
2017052300100489,2017년 5월 23일 18시,화요일,울산광역시 울주군 삼동면,중상사고,0,1,0,0,차량단독 - 전도전복 - 전도,안전운전불이행,건조,맑음,단일로 - 기타,이륜,남,54세,중상,,,,
2017052300100521,2017년 5월 23일 19시,화요일,울산광역시 동구 전하동,경상사고,0,0,2,0,차대차 - 기타,안전거리미확보,건조,맑음,단일로 - 기타,이륜,남,36세,경상,승용,남,56세,상해없음
2017052300100562,2017년 5월 23일 20시,화요일,울산광역시 남구 무거동,경상사고,0,0,1,0,차대차 - 측면충돌,안전거리미확보,건조,맑음,단일로 - 기타,승용,남,29세,상해없음,이륜,남,16세,경상
2017052400100041,2017년 5월 24일 00시,수요일,울산광역시 중구 옥교동,경상사고,0,0,1,0,차대차 - 추돌,안전운전불이행,건조,맑음,단일로 - 기타,승용,남,25세,상해없음,승용,남,56세,경상
2017052400100071,2017년 5월 24일 03시,수요일,울산광역시 남구 삼산동,중상사고,0,1,4,0,차대차 - 기타,안전운전불이행,기타,기타,단일로 - 기타,승용,여,27세,상해없음,승용,남,68세,중상
2017052400100127,2017년 5월 24일 07시,수요일,울산광역시 동구 일산동,경상사고,0,0,1,0,차대차 - 기타,안전운전불이행,건조,맑음,교차로 - 교차로안,기타불명,기타불명,미분류,기타불명,자전거,남,18세,경상
2017052400100166,2017년 5월 24일 08시,수요일,울산광역시 남구 무거동,경상사고,0,0,1,0,차대차 - 측면충돌,안전운전불이행,건조,맑음,교차로 - 교차로안,건설기계,남,52세,상해없음,승용,여,37세,경상
2017052400100167,2017년 5월 24일 08시,수요일,울산광역시 울주군 범서읍,경상사고,0,0,1,0,차대사람 - 횡단중,안전운전불이행,건조,맑음,교차로 - 교차로안,승용,여,35세,상해없음,보행자,남,12세,경상
2017052400100199,2017년 5월 24일 09시,수요일,울산광역시 남구 황성동,중상사고,0,1,0,0,차대차 - 측면충돌,안전운전불이행,건조,맑음,교차로 - 교차로안,특수,남,54세,기타불명,건설기계,남,52세,중상
2017052400100313,2017년 5월 24일 13시,수요일,울산광역시 울주군 삼남면,부상신고사고,0,0,0,2,차대차 - 정면충돌,직진우회전진행방해,건조,흐림,교차로 - 교차로안,승용,남,77세,부상신고,화물,남,58세,부상신고
2017052400100422,2017년 5월 24일 16시,수요일,울산광역시 울주군 삼남면,경상사고,0,0,1,0,차대차 - 추돌,교차로운행방법위반,건조,맑음,교차로 - 교차로부근,승용,여,45세,상해없음,이륜,남,34세,경상
2017052400100464,2017년 5월 24일 17시,수요일,울산광역시 북구 진장동,중상사고,0,1,0,0,차량단독 - 기타,기타,건조,맑음,단일로 - 기타,승합,남,43세,상해없음,,,,
2017052400100465,2017년 5월 24일 17시,수요일,울산광역시 울주군 온산읍,경상사고,0,0,1,0,차대차 - 측면충돌,신호위반,건조,맑음,단일로 - 기타,승용,남,30세,상해없음,승용,남,54세,경상
2017052400100506,2017년 5월 24일 18시,수요일,울산광역시 북구 양정동,중상사고,0,1,0,0,차대차 - 정면충돌,안전거리미확보,건조,맑음,단일로 - 기타,승합,남,48세,상해없음,자전거,남,50세,중상
2017052500100080,2017년 5월 25일 05시,목요일,울산광역시 중구 우정동,경상사고,0,0,1,0,차대차 - 측면충돌,직진우회전진행방해,건조,맑음,교차로 - 교차로안,이륜,남,67세,경상,승용,남,61세,상해없음
2017052500100300,2017년 5월 25일 12시,목요일,울산광역시 울주군 언양읍,경상사고,0,0,1,0,차대차 - 정면충돌,안전운전불이행,건조,맑음,교차로 - 교차로안,화물,남,49세,상해없음,승용,남,32세,경상
2017052500100356,2017년 5월 25일 14시,목요일,울산광역시 북구 매곡동,경상사고,0,0,1,0,차대차 - 측면충돌,신호위반,건조,맑음,교차로 - 교차로안,승용,여,42세,상해없음,승용,남,50세,경상
2017052500100357,2017년 5월 25일 14시,목요일,울산광역시 남구 달동,경상사고,0,0,1,0,차대차 - 기타,안전운전불이행,기타,기타,단일로 - 기타,승용,남,59세,상해없음,승용,남,41세,경상
2017052500100511,2017년 5월 25일 18시,목요일,울산광역시 북구 진장동,중상사고,0,1,1,0,차대차 - 정면충돌,안전운전불이행,건조,맑음,단일로 - 기타,이륜,남,62세,경상,자전거,남,14세,중상
2017052500100512,2017년 5월 25일 18시,목요일,울산광역시 남구 옥동,중상사고,0,1,0,0,차대사람 - 횡단중,신호위반,건조,맑음,교차로 - 교차로횡단보도내,승용,남,70세,상해없음,보행자,여,22세,중상
2017052500100513,2017년 5월 25일 18시,목요일,울산광역시 남구 삼산동,경상사고,0,0,1,0,차대차 - 기타,안전운전불이행,건조,맑음,단일로 - 기타,승용,남,60세,상해없음,자전거,여,40세,경상
2017052500100514,2017년 5월 25일 18시,목요일,울산광역시 동구 일산동,중상사고,0,1,0,0,차대차 - 기타,기타,건조,맑음,단일로 - 기타,승용,여,34세,상해없음,이륜,남,38세,중상
2017052500100544,2017년 5월 25일 19시,목요일,울산광역시 북구 연암동,중상사고,0,1,0,0,차대차 - 측면충돌,차로위반,건조,맑음,단일로 - 기타,승용,남,62세,상해없음,승용,여,47세,중상
2017052500100567,2017년 5월 25일 20시,목요일,울산광역시 북구 신천동,경상사고,0,0,1,0,차대차 - 추돌,안전운전불이행,건조,맑음,단일로 - 기타,이륜,남,16세,경상,승용,남,24세,상해없음
2017052600100036,2017년 5월 26일 00시,금요일,울산광역시 북구 명촌동,경상사고,0,0,3,0,차대차 - 정면충돌,중앙선침범,건조,맑음,교차로 - 교차로안,승용,남,64세,상해없음,승용,남,44세,경상
2017052600100037,2017년 5월 26일 00시,금요일,울산광역시 남구 무거동,경상사고,0,0,1,0,차대차 - 추돌,안전운전불이행,건조,맑음,기타 - 기타,기타불명,기타불명,미분류,기타불명,승용,남,53세,경상
2017052600100083,2017년 5월 26일 05시,금요일,울산광역시 울주군 청량면,부상신고사고,0,0,0,1,차대차 - 정면충돌,안전거리미확보,건조,맑음,단일로 - 기타,승용,남,47세,상해없음,화물,남,36세,부상신고
2017052600100102,2017년 5월 26일 06시,금요일,울산광역시 남구 야음동,경상사고,0,0,1,0,차대차 - 측면충돌,안전운전불이행,건조,맑음,단일로 - 기타,승용,남,23세,상해없음,승용,남,38세,경상
2017052600100132,2017년 5월 26일 07시,금요일,울산광역시 중구 태화동,경상사고,0,0,1,0,차대차 - 추돌,안전운전불이행,건조,맑음,단일로 - 기타,승용,남,69세,경상,승합,남,46세,상해없음
2017052600100192,2017년 5월 26일 08시,금요일,울산광역시 동구 화정동,경상사고,0,0,1,0,차대사람 - 기타,안전운전불이행,건조,맑음,교차로 - 교차로안,승용,여,42세,상해없음,보행자,남,73세,경상
2017052600100228,2017년 5월 26일 09시,금요일,울산광역시 남구 야음동,경상사고,0,0,2,0,차대차 - 측면충돌,교차로운행방법위반,건조,맑음,교차로 - 교차로안,승용,여,34세,상해없음,자전거,여,36세,경상
2017052600100300,2017년 5월 26일 11시,금요일,울산광역시 북구 매곡동,경상사고,0,0,1,0,차대차 - 정면충돌,신호위반,건조,맑음,교차로 - 교차로안,화물,남,54세,상해없음,승용,남,48세,경상
2017052600100335,2017년 5월 26일 12시,금요일,울산광역시 중구 태화동,경상사고,0,0,2,1,차대차 - 기타,직진우회전진행방해,건조,맑음,교차로 - 교차로안,승합,남,37세,부상신고,승용,남,25세,경상
2017052600100428,2017년 5월 26일 15시,금요일,울산광역시 남구 옥동,중상사고,0,1,0,0,차대차 - 추돌,안전운전불이행,건조,맑음,교차로 - 교차로안,승용,남,46세,상해없음,승용,여,52세,중상
2017052600100465,2017년 5월 26일 16시,금요일,울산광역시 동구 동부동,경상사고,0,0,3,0,차대차 - 측면충돌,안전운전불이행,건조,맑음,교차로 - 교차로안,승합,여,54세,상해없음,승용,남,25세,경상
2017052600100466,2017년 5월 26일 16시,금요일,울산광역시 울주군 온산읍,중상사고,0,1,0,0,차대차 - 정면충돌,안전운전불이행,건조,맑음,단일로 - 기타,승용,남,18세,상해없음,승용,기타불명,미분류,기타불명
2017052600100507,2017년 5월 26일 17시,금요일,울산광역시 남구 부곡동,경상사고,0,0,1,0,차대차 - 기타,신호위반,건조,맑음,교차로 - 교차로안,승용,남,49세,상해없음,승합,남,35세,경상
2017052600100567,2017년 5월 26일 18시,금요일,울산광역시 남구 신정동,경상사고,0,0,1,0,차대사람 - 횡단중,보행자보호의무위반,건조,맑음,교차로 - 교차로횡단보도내,승용,남,58세,상해없음,보행자,여,12세,경상
2017052600100604,2017년 5월 26일 19시,금요일,울산광역시 울주군 청량면,중상사고,0,1,1,0,차대차 - 정면충돌,안전운전불이행,건조,맑음,단일로 - 기타,화물,남,23세,상해없음,이륜,남,45세,경상
2017052600100651,2017년 5월 26일 20시,금요일,울산광역시 중구 서동,경상사고,0,0,3,0,차대차 - 기타,안전운전불이행,젖음/습기,비,교차로 - 교차로안,승용,여,38세,경상,승용,남,23세,경상
2017052700100046,2017년 5월 27일 00시,토요일,울산광역시 중구 다운동,경상사고,0,0,3,0,차대차 - 추돌,안전운전불이행,건조,맑음,교차로 - 교차로부근,승용,남,53세,경상,승용,여,56세,경상
2017052700100047,2017년 5월 27일 00시,토요일,울산광역시 남구 달동,중상사고,0,1,0,0,차대사람 - 횡단중,안전운전불이행,건조,맑음,교차로 - 교차로부근,승용,남,63세,상해없음,보행자,남,47세,중상
2017052700100111,2017년 5월 27일 05시,토요일,울산광역시 울주군 온산읍,중상사고,0,1,0,0,차대차 - 추돌,안전운전불이행,건조,맑음,교차로 - 교차로부근,승용,남,23세,상해없음,승용,남,53세,중상
2017052700100167,2017년 5월 27일 08시,토요일,울산광역시 남구 달동,경상사고,0,0,1,0,차대차 - 측면충돌,교차로운행방법위반,건조,맑음,교차로 - 교차로안,승용,남,52세,상해없음,승용,여,43세,경상
2017052700100353,2017년 5월 27일 13시,토요일,울산광역시 중구 유곡동,중상사고,0,1,0,0,차대사람 - 횡단중,안전운전불이행,건조,맑음,단일로 - 기타,이륜,남,40세,상해없음,보행자,남,17세,중상
2017052700100533,2017년 5월 27일 17시,토요일,울산광역시 중구 반구동,경상사고,0,0,1,0,차대차 - 기타,직진우회전진행방해,건조,맑음,교차로 - 교차로안,승용,남,33세,상해없음,승용,남,49세,상해없음
2017052700100574,2017년 5월 27일 18시,토요일,울산광역시 남구 선암동,경상사고,0,0,1,0,차대차 - 추돌,안전운전불이행,건조,맑음,단일로 - 기타,승용,여,52세,상해없음,승용,여,54세,경상
2017052700100653,2017년 5월 27일 21시,토요일,울산광역시 남구 삼산동,경상사고,0,0,1,0,차대사람 - 횡단중,보행자보호의무위반,건조,맑음,교차로 - 교차로안,승용,남,50세,기타불명,보행자,남,39세,경상
2017052700100705,2017년 5월 27일 23시,토요일,울산광역시 동구 일산동,경상사고,0,0,3,0,차대사람 - 횡단중,안전운전불이행,건조,맑음,교차로 - 교차로안,승용,남,33세,상해없음,보행자,남,33세,경상
2017052700100706,2017년 5월 27일 23시,토요일,울산광역시 울주군 삼남면,경상사고,0,0,1,0,차대차 - 정면충돌,안전거리미확보,건조,맑음,교차로 - 교차로안,승용,남,26세,상해없음,승용,남,34세,경상
2017052800100035,2017년 5월 28일 00시,일요일,울산광역시 북구 진장동,중상사고,0,2,0,0,차대사람 - 횡단중,안전운전불이행,건조,맑음,단일로 - 기타,승용,남,56세,상해없음,보행자,남,53세,중상
2017052800100047,2017년 5월 28일 01시,일요일,울산광역시 남구 신정동,경상사고,0,0,1,0,차대차 - 측면충돌,교차로운행방법위반,건조,맑음,교차로 - 교차로안,승용,여,53세,상해없음,이륜,남,51세,경상
2017052800100079,2017년 5월 28일 04시,일요일,울산광역시 울주군 온양읍,중상사고,0,1,0,0,차량단독 - 전도전복,안전운전불이행,건조,맑음,단일로 - 기타,승용,남,18세,상해없음,미분류,미분류,미분류,미분류
2017052800100140,2017년 5월 28일 09시,일요일,울산광역시 남구 신정동,경상사고,0,0,5,0,차대차 - 측면충돌,신호위반,건조,맑음,교차로 - 교차로안,승용,여,33세,경상,승용,남,60세,경상
2017052800100279,2017년 5월 28일 14시,일요일,울산광역시 울주군 언양읍,부상신고사고,0,0,0,1,차대사람 - 횡단중,신호위반,건조,맑음,교차로 - 교차로횡단보도내,화물,여,54세,상해없음,보행자,남,69세,부상신고
2017052800100308,2017년 5월 28일 15시,일요일,울산광역시 울주군 범서읍,경상사고,0,0,1,0,차대차 - 정면충돌,안전운전불이행,건조,맑음,단일로 - 기타,승용,남,67세,상해없음,승용,여,43세,경상
2017052800100378,2017년 5월 28일 17시,일요일,울산광역시 중구 학성동,경상사고,0,0,1,0,차대차 - 추돌,안전운전불이행,건조,맑음,단일로 - 기타,승용,남,28세,상해없음,승용,남,38세,경상
2017052800100379,2017년 5월 28일 17시,일요일,울산광역시 북구 신천동,중상사고,0,1,0,0,차대차 - 기타,안전운전불이행,건조,맑음,단일로 - 기타,승용,여,44세,상해없음,승용,여,44세,중상
2017052800100467,2017년 5월 28일 20시,일요일,울산광역시 동구 서부동,중상사고,0,1,1,0,차대차 - 측면충돌,직진우회전진행방해,건조,맑음,교차로 - 교차로안,승용,남,33세,상해없음,이륜,남,19세,중상
2017052800100493,2017년 5월 28일 21시,일요일,울산광역시 울주군 범서읍,경상사고,0,0,1,0,차대차 - 측면충돌,신호위반,건조,맑음,교차로 - 교차로안,이륜,남,16세,경상,승용,남,49세,상해없음
2017052900100044,2017년 5월 29일 01시,월요일,울산광역시 북구 화봉동,중상사고,0,1,0,0,차대차 - 기타,안전운전불이행,건조,맑음,단일로 - 기타,승용,남,25세,상해없음,이륜,남,26세,중상
2017052900100106,2017년 5월 29일 07시,월요일,울산광역시 동구 서부동,중상사고,0,1,0,0,차대차 - 측면충돌,안전거리미확보,건조,맑음,교차로 - 교차로부근,이륜,남,60세,상해없음,이륜,남,48세,중상
2017052900100153,2017년 5월 29일 08시,월요일,울산광역시 중구 교동,부상신고사고,0,0,0,1,차대차 - 기타,안전운전불이행,건조,맑음,단일로 - 기타,이륜,남,47세,부상신고,승용,남,70세,기타불명
2017052900100215,2017년 5월 29일 10시,월요일,울산광역시 중구 성남동,중상사고,0,1,0,0,차대사람 - 횡단중,보행자보호의무위반,건조,맑음,교차로 - 교차로안,승용,남,72세,상해없음,보행자,여,24세,중상
2017052900100216,2017년 5월 29일 10시,월요일,울산광역시 중구 옥교동,부상신고사고,0,0,0,1,차대차 - 추돌,안전운전불이행,건조,맑음,단일로 - 기타,승용,남,34세,상해없음,승용,남,26세,부상신고
2017052900100339,2017년 5월 29일 14시,월요일,울산광역시 울주군 웅촌면,중상사고,0,1,0,0,차대차 - 정면충돌,교차로운행방법위반,건조,맑음,교차로 - 교차로안,화물,남,54세,상해없음,이륜,남,41세,중상
2017052900100381,2017년 5월 29일 15시,월요일,울산광역시 중구 복산동,중상사고,0,1,2,0,차대차 - 추돌,안전운전불이행,건조,맑음,단일로 - 기타,승용,남,49세,상해없음,승용,남,58세,상해없음
2017052900100382,2017년 5월 29일 15시,월요일,울산광역시 남구 야음동,중상사고,0,1,0,0,차대차 - 측면충돌,신호위반,건조,맑음,교차로 - 교차로안,자전거,남,84세,중상,승용,남,53세,상해없음
2017052900100487,2017년 5월 29일 18시,월요일,울산광역시 남구 달동,중상사고,0,1,0,0,차대차 - 측면충돌,안전거리미확보,건조,맑음,단일로 - 기타,승용,남,61세,상해없음,승용,남,39세,중상
2017052900100543,2017년 5월 29일 20시,월요일,울산광역시 울주군 온산읍,부상신고사고,0,0,0,1,차대차 - 추돌,안전운전불이행,건조,맑음,단일로 - 기타,승용,남,79세,부상신고,화물,남,34세,상해없음
2017052900100600,2017년 5월 29일 22시,월요일,울산광역시 남구 신정동,경상사고,0,0,2,0,차대차 - 측면충돌,안전운전불이행,건조,맑음,단일로 - 기타,승용,남,51세,상해없음,승용,남,50세,경상
2017052900100601,2017년 5월 29일 22시,월요일,울산광역시 남구 신정동,경상사고,0,0,1,0,차대사람 - 횡단중,안전운전불이행,건조,맑음,교차로 - 교차로안,기타불명,기타불명,미분류,기타불명,보행자,남,33세,경상
2017053000100034,2017년 5월 30일 00시,화요일,울산광역시 울주군 온산읍,경상사고,0,0,1,0,차대차 - 정면충돌,직진우회전진행방해,건조,맑음,교차로 - 교차로안,승용,남,39세,상해없음,승용,남,30세,경상
2017053000100082,2017년 5월 30일 06시,화요일,울산광역시 울주군 서생면,경상사고,0,0,1,0,차대차 - 측면충돌,기타,건조,맑음,교차로 - 교차로안,승합,남,59세,상해없음,승용,여,41세,경상
2017053000100115,2017년 5월 30일 07시,화요일,울산광역시 동구 서부동,경상사고,0,0,1,0,차대차 - 정면충돌,교차로운행방법위반,건조,맑음,교차로 - 교차로안,승합,남,47세,상해없음,이륜,남,31세,경상
2017053000100245,2017년 5월 30일 11시,화요일,울산광역시 중구 학산동,중상사고,0,1,1,0,차대차 - 측면충돌,교차로운행방법위반,건조,맑음,교차로 - 교차로안,승용,여,51세,상해없음,이륜,남,72세,중상
2017053000100246,2017년 5월 30일 11시,화요일,울산광역시 중구 태화동,경상사고,0,0,1,0,차대차 - 기타,안전거리미확보,건조,맑음,단일로 - 기타,화물,남,55세,상해없음,화물,남,72세,경상
2017053000100338,2017년 5월 30일 14시,화요일,울산광역시 울주군 청량면,경상사고,0,0,1,0,차대사람 - 횡단중,안전운전불이행,건조,맑음,단일로 - 기타,승용,여,56세,상해없음,보행자,여,54세,경상
2017053000100394,2017년 5월 30일 16시,화요일,울산광역시 북구 화봉동,경상사고,0,0,1,0,차대차 - 측면충돌,차로위반,건조,맑음,교차로 - 교차로안,승용,남,82세,상해없음,승용,남,32세,경상
2017053000100441,2017년 5월 30일 17시,화요일,울산광역시 남구 야음동,경상사고,0,0,1,0,차대사람 - 횡단중,보행자보호의무위반,기타,맑음,단일로 - 기타,승합,남,54세,상해없음,보행자,남,7세,경상
2017053000100587,2017년 5월 30일 22시,화요일,울산광역시 울주군 범서읍,경상사고,0,0,1,0,차대차 - 추돌,안전거리미확보,건조,맑음,단일로 - 기타,승용,남,43세,상해없음,승용,남,27세,경상
2017053000100605,2017년 5월 30일 23시,화요일,울산광역시 울주군 두서면,중상사고,0,1,0,1,차대차 - 추돌,안전거리미확보,건조,맑음,교차로 - 교차로부근,화물,남,56세,상해없음,승용,남,29세,중상
2017053100100030,2017년 5월 31일 00시,수요일,울산광역시 울주군 언양읍,경상사고,0,0,1,0,차량단독 - 전도전복 - 전도,안전운전불이행,건조,맑음,단일로 - 기타,승용,남,34세,경상,,,,
2017053100100070,2017년 5월 31일 05시,수요일,울산광역시 북구 연암동,중상사고,0,1,1,0,차대차 - 추돌,안전운전불이행,건조,맑음,단일로 - 기타,승용,여,47세,상해없음,승용,남,31세,중상
2017053100100142,2017년 5월 31일 08시,수요일,울산광역시 울주군 온산읍,경상사고,0,0,1,0,차대차 - 측면충돌,직진우회전진행방해,건조,맑음,교차로 - 교차로안,자전거,남,10세,경상,승용,여,31세,상해없음
2017053100100177,2017년 5월 31일 09시,수요일,울산광역시 울주군 삼남면,중상사고,0,1,0,0,차대차 - 측면충돌,기타,건조,맑음,교차로 - 교차로안,특수,남,50세,상해없음,화물,남,53세,중상
2017053100100221,2017년 5월 31일 11시,수요일,울산광역시 울주군 청량면,경상사고,0,0,1,0,차대차 - 정면충돌,신호위반,건조,맑음,교차로 - 교차로안,화물,남,62세,상해없음,승용,남,55세,경상
2017053100100269,2017년 5월 31일 13시,수요일,울산광역시 중구 우정동,중상사고,0,1,3,0,차대차 - 측면충돌,직진우회전진행방해,건조,맑음,교차로 - 교차로안,승용,남,68세,경상,승용,남,67세,상해없음
2017053100100340,2017년 5월 31일 15시,수요일,울산광역시 남구 신정동,중상사고,0,1,0,0,차대사람 - 횡단중,교차로운행방법위반,건조,맑음,교차로 - 교차로안,승용,남,70세,기타불명,보행자,여,55세,중상
2017053100100341,2017년 5월 31일 15시,수요일,울산광역시 울주군 상북면,중상사고,0,2,0,0,차대차 - 정면충돌,중앙선침범,건조,맑음,단일로 - 기타,화물,남,39세,상해없음,승용,남,67세,중상
2017053100100483,2017년 5월 31일 19시,수요일,울산광역시 중구 남외동,경상사고,0,0,2,0,차대차 - 측면충돌,안전거리미확보,건조,맑음,단일로 - 기타,이륜,남,19세,경상,승용,남,35세,경상
2017053100100515,2017년 5월 31일 20시,수요일,울산광역시 울주군 언양읍,중상사고,0,1,0,0,차대차 - 추돌,안전운전불이행,건조,맑음,단일로 - 기타,이륜,남,74세,중상,화물,남,60세,기타불명
2017053100100546,2017년 5월 31일 21시,수요일,울산광역시 울주군 온양읍,경상사고,0,0,1,0,차대차 - 정면충돌,안전운전불이행,건조,맑음,교차로 - 교차로부근,승용,남,48세,상해없음,승용,여,49세,경상
2017053100100570,2017년 5월 31일 22시,수요일,울산광역시 남구 달동,경상사고,0,0,1,0,차대차 - 정면충돌,신호위반,건조,맑음,교차로 - 교차로안,승용,여,49세,상해없음,승용,남,49세,경상
2017053100100590,2017년 5월 31일 23시,수요일,울산광역시 중구 우정동,경상사고,0,0,1,0,차대차 - 측면충돌,중앙선침범,건조,맑음,단일로 - 기타,승용,남,26세,상해없음,이륜,남,23세,경상
2017053100100591,2017년 5월 31일 23시,수요일,울산광역시 남구 신정동,경상사고,0,0,1,0,차대사람 - 횡단중,안전운전불이행,기타,기타,단일로 - 기타,승용,여,24세,상해없음,보행자,남,37세,경상
2017060100100034,2017년 6월 1일 00시,목요일,울산광역시 울주군 온산읍,경상사고,0,0,1,0,차대차 - 기타,안전운전불이행,건조,맑음,단일로 - 기타,승합,남,52세,상해없음,화물,남,41세,상해없음
2017060100100181,2017년 6월 1일 09시,목요일,울산광역시 남구 신정동,중상사고,0,2,1,0,차대차 - 측면충돌,신호위반,건조,맑음,교차로 - 교차로안,승용,여,27세,상해없음,승용,남,42세,중상
2017060100100182,2017년 6월 1일 09시,목요일,울산광역시 동구 방어동,경상사고,0,0,1,0,차대사람 - 횡단중,보행자보호의무위반,건조,맑음,교차로 - 교차로횡단보도내,승용,남,26세,상해없음,보행자,여,61세,경상
2017060100100258,2017년 6월 1일 12시,목요일,울산광역시 남구 신정동,중상사고,0,1,0,0,차대차 - 측면충돌,교차로운행방법위반,건조,맑음,교차로 - 교차로안,승용,여,28세,상해없음,승용,여,35세,중상
2017060100100364,2017년 6월 1일 16시,목요일,울산광역시 울주군 삼남면,경상사고,0,0,2,0,차대차 - 추돌,안전거리미확보,젖음/습기,비,단일로 - 기타,화물,여,51세,경상,승용,남,60세,경상
2017060100100388,2017년 6월 1일 16시,목요일,울산광역시 남구 옥동,중상사고,0,1,0,0,차대차 - 기타,기타,건조,맑음,단일로 - 기타,승용,남,57세,상해없음,이륜,남,59세,중상
2017060100100389,2017년 6월 1일 16시,목요일,울산광역시 남구 달동,중상사고,0,1,0,0,차대사람 - 횡단중,안전운전불이행,건조,맑음,단일로 - 기타,승용,남,23세,상해없음,보행자,여,53세,중상
2017060100100390,2017년 6월 1일 16시,목요일,울산광역시 울주군 온산읍,중상사고,0,1,0,0,차대차 - 정면충돌,중앙선침범,건조,맑음,교차로 - 교차로부근,건설기계,남,60세,상해없음,승용,남,47세,중상
2017060100100449,2017년 6월 1일 17시,목요일,울산광역시 북구 천곡동,중상사고,0,1,0,0,차대사람 - 횡단중,안전운전불이행,건조,맑음,교차로 - 교차로안,승용,여,42세,상해없음,보행자,남,57세,중상
2017060100100450,2017년 6월 1일 17시,목요일,울산광역시 울주군 범서읍,중상사고,0,1,3,0,차대차 - 정면충돌,안전운전불이행,젖음/습기,비,단일로 - 기타,승합,남,67세,상해없음,승용,여,37세,상해없음
2017060100100499,2017년 6월 1일 18시,목요일,울산광역시 남구 신정동,부상신고사고,0,0,0,1,차대사람 - 횡단중,안전운전불이행,젖음/습기,흐림,교차로 - 교차로안,승용,여,40세,상해없음,보행자,남,38세,부상신고
2017060100100500,2017년 6월 1일 18시,목요일,울산광역시 남구 신정동,경상사고,0,0,1,0,차대차 - 측면충돌,안전운전불이행,건조,맑음,교차로 - 교차로횡단보도내,승용,여,66세,상해없음,자전거,남,43세,경상
2017060100100522,2017년 6월 1일 19시,목요일,울산광역시 울주군 범서읍,중상사고,0,2,0,0,차대차 - 정면충돌,안전운전불이행,건조,맑음,기타 - 기타,자전거,남,9세,중상,자전거,남,55세,중상
2017060100100556,2017년 6월 1일 20시,목요일,울산광역시 남구 신정동,중상사고,0,1,0,0,차대차 - 측면충돌,안전운전불이행,건조,맑음,교차로 - 교차로횡단보도내,승용,남,44세,상해없음,자전거,남,55세,중상
2017060100100576,2017년 6월 1일 21시,목요일,울산광역시 북구 연암동,경상사고,0,0,3,1,차대차 - 추돌,안전운전불이행,건조,맑음,단일로 - 기타,승용,남,51세,부상신고,승용,여,46세,경상
2017060100100603,2017년 6월 1일 22시,목요일,울산광역시 중구 성남동,중상사고,0,1,0,0,차대사람 - 횡단중,안전운전불이행,건조,맑음,교차로 - 교차로안,승용,남,56세,상해없음,보행자,남,42세,중상
2017060100100604,2017년 6월 1일 22시,목요일,울산광역시 울주군 청량면,경상사고,0,0,1,0,차대차 - 정면충돌,안전거리미확보,건조,맑음,단일로 - 기타,승용,여,48세,상해없음,승용,남,21세,경상
2017060200100046,2017년 6월 2일 00시,금요일,울산광역시 중구 태화동,중상사고,0,1,1,0,차대차 - 측면충돌,안전운전불이행,건조,맑음,단일로 - 기타,승합,여,44세,경상,승용,남,63세,상해없음