사고번호,사고일시,요일,시군구,사고내용,사망자수,중상자수,경상자수,부상신고자수,사고유형,법규위반,노면상태,기상상태,도로형태,가해운전자 차종,가해운전자 성별,가해운전자 연령,가해운전자 상해정도,피해운전자 차종,피해운전자 성별,피해운전자 연령,피해운전자 상해정도
2017070600100524,2017년 7월 6일 21시,목요일,울산광역시 남구 신정동,경상사고,0,0,1,0,차대차 - 추돌,안전운전불이행,건조,맑음,단일로 - 기타,승용,남,50세,상해없음,승용,여,49세,경상
2017070700100055,2017년 7월 7일 03시,금요일,울산광역시 남구 달동,경상사고,0,0,1,0,차대사람 - 횡단중,안전운전불이행,건조,맑음,기타 - 기타,승용,남,31세,상해없음,보행자,남,43세,경상
2017070700100056,2017년 7월 7일 03시,금요일,울산광역시 남구 신정동,경상사고,0,0,1,0,차대차 - 측면충돌,안전운전불이행,건조,맑음,단일로 - 기타,기타불명,기타불명,미분류,기타불명,자전거,남,30세,경상
2017070700100154,2017년 7월 7일 08시,금요일,울산광역시 중구 반구동,경상사고,0,0,1,0,차대사람 - 차도통행중,안전운전불이행,건조,맑음,교차로 - 교차로안,승용,여,59세,상해없음,보행자,여,48세,경상
2017070700100182,2017년 7월 7일 09시,금요일,울산광역시 울주군 범서읍,경상사고,0,0,1,0,차대차 - 측면충돌,교차로운행방법위반,건조,맑음,교차로 - 교차로안,승용,남,45세,상해없음,승용,여,29세,경상
2017070700100238,2017년 7월 7일 11시,금요일,울산광역시 북구 호계동,경상사고,0,0,1,0,차대차 - 측면충돌,교차로운행방법위반,건조,맑음,교차로 - 교차로안,승용,여,48세,상해없음,승용,여,61세,경상
2017070700100260,2017년 7월 7일 12시,금요일,울산광역시 중구 남외동,중상사고,0,1,0,0,차대사람 - 기타,안전운전불이행,건조,맑음,주차장 - 주차장,승용,남,36세,상해없음,보행자,남,75세,중상
2017070700100261,2017년 7월 7일 12시,금요일,울산광역시 울주군 언양읍,중상사고,0,1,0,0,차대차 - 기타,교차로운행방법위반,젖음/습기,비,단일로 - 기타,기타불명,기타불명,미분류,기타불명,자전거,남,62세,중상
2017070700100306,2017년 7월 7일 14시,금요일,울산광역시 중구 반구동,경상사고,0,0,1,0,차대차 - 기타,안전운전불이행,젖음/습기,흐림,단일로 - 기타,승용,남,34세,상해없음,이륜,남,56세,경상
2017070700100307,2017년 7월 7일 14시,금요일,울산광역시 남구 신정동,경상사고,0,0,2,0,차대차 - 정면충돌,중앙선침범,젖음/습기,비,교차로 - 교차로부근,승용,남,41세,상해없음,승용,남,38세,경상
2017070700100308,2017년 7월 7일 14시,금요일,울산광역시 북구 정자동,중상사고,0,1,0,0,차대차 - 측면충돌,안전거리미확보,건조,맑음,단일로 - 기타,화물,남,38세,상해없음,승용,여,32세,중상
2017070700100337,2017년 7월 7일 15시,금요일,울산광역시 울주군 두동면,중상사고,0,1,1,0,차대차 - 정면충돌,중앙선침범,젖음/습기,비,단일로 - 기타,화물,남,58세,상해없음,승용,남,31세,경상
2017070700100368,2017년 7월 7일 16시,금요일,울산광역시 북구 매곡동,경상사고,0,0,1,1,차대차 - 후진중충돌,안전운전불이행,건조,맑음,교차로 - 교차로안,승용,여,58세,상해없음,승용,남,43세,경상
2017070700100426,2017년 7월 7일 17시,금요일,울산광역시 동구 화정동,경상사고,0,0,1,0,차대차 - 측면충돌,직진우회전진행방해,건조,흐림,교차로 - 교차로안,승용,남,31세,상해없음,이륜,남,24세,경상
2017070700100427,2017년 7월 7일 17시,금요일,울산광역시 울주군 삼남면,경상사고,0,0,4,0,차대차 - 측면충돌,안전운전불이행,건조,맑음,단일로 - 기타,승용,여,49세,경상,승용,남,38세,경상
2017070700100467,2017년 7월 7일 18시,금요일,울산광역시 북구 중산동,경상사고,0,0,1,0,차대사람 - 길가장자리구역통행중,안전운전불이행,건조,흐림,단일로 - 기타,이륜,남,54세,상해없음,보행자,여,55세,경상
2017070700100514,2017년 7월 7일 19시,금요일,울산광역시 남구 달동,경상사고,0,0,1,0,차대차 - 기타,차로위반,건조,맑음,교차로 - 교차로안,승용,남,57세,상해없음,이륜,남,44세,경상
2017070700100612,2017년 7월 7일 21시,금요일,울산광역시 동구 화정동,경상사고,0,0,1,0,차대사람 - 횡단중,보행자보호의무위반,건조,맑음,교차로 - 교차로횡단보도내,승용,여,40세,상해없음,보행자,여,50세,경상
2017070700100613,2017년 7월 7일 21시,금요일,울산광역시 울주군 범서읍,경상사고,0,0,1,0,차대차 - 정면충돌,교차로운행방법위반,건조,맑음,교차로 - 교차로안,화물,남,54세,상해없음,자전거,남,29세,경상
2017070700100651,2017년 7월 7일 22시,금요일,울산광역시 남구 삼산동,중상사고,0,1,1,0,차대차 - 측면충돌,안전운전불이행,건조,맑음,단일로 - 기타,승용,남,21세,상해없음,승용,여,58세,중상
2017070700100652,2017년 7월 7일 22시,금요일,울산광역시 남구 신정동,중상사고,0,1,0,0,차대사람 - 차도통행중,안전운전불이행,건조,맑음,단일로 - 기타,승용,남,32세,상해없음,보행자,남,26세,중상
2017070800100055,2017년 7월 8일 01시,토요일,울산광역시 중구 학성동,중상사고,0,1,0,0,차대차 - 측면충돌,신호위반,건조,맑음,교차로 - 교차로안,승용,남,41세,상해없음,승용,남,52세,중상
2017070800100086,2017년 7월 8일 03시,토요일,울산광역시 중구 서동,부상신고사고,0,0,0,1,차대차 - 추돌,안전운전불이행,건조,맑음,단일로 - 기타,승용,남,35세,상해없음,승용,남,58세,부상신고
2017070800100124,2017년 7월 8일 06시,토요일,울산광역시 동구 동부동,중상사고,0,1,0,0,차대차 - 측면충돌,안전거리미확보,건조,맑음,단일로 - 기타,승용,남,32세,상해없음,이륜,남,33세,중상
2017070800100138,2017년 7월 8일 07시,토요일,울산광역시 남구 신정동,경상사고,0,0,1,0,차대차 - 측면충돌,교차로운행방법위반,건조,맑음,교차로 - 교차로안,승용,여,60세,상해없음,승용,여,33세,경상
2017070800100173,2017년 7월 8일 09시,토요일,울산광역시 중구 복산동,중상사고,0,1,0,0,차대차 - 기타,안전운전불이행,건조,맑음,교차로 - 교차로안,승용,남,60세,상해없음,자전거,남,60세,중상
2017070800100174,2017년 7월 8일 09시,토요일,울산광역시 동구 화정동,중상사고,0,1,0,0,차대차 - 정면충돌,안전운전불이행,건조,흐림,교차로 - 교차로안,승용,남,58세,상해없음,이륜,남,53세,중상
2017070800100200,2017년 7월 8일 10시,토요일,울산광역시 울주군 범서읍,중상사고,0,1,0,0,차대차 - 정면충돌,안전운전불이행,젖음/습기,흐림,단일로 - 기타,화물,남,46세,상해없음,이륜,남,48세,중상
2017070800100258,2017년 7월 8일 12시,토요일,울산광역시 중구 동동,경상사고,0,0,1,0,차대차 - 기타,안전운전불이행,젖음/습기,비,단일로 - 기타,이륜,남,50세,상해없음,이륜,남,54세,경상
2017070800100259,2017년 7월 8일 12시,토요일,울산광역시 남구 야음동,경상사고,0,0,1,0,차대차 - 기타,안전거리미확보,젖음/습기,비,교차로 - 교차로부근,승용,여,35세,상해없음,이륜,남,31세,경상
2017070800100260,2017년 7월 8일 12시,토요일,울산광역시 남구 달동,경상사고,0,0,1,0,차대차 - 측면충돌,신호위반,건조,맑음,교차로 - 교차로안,승용,여,45세,상해없음,승용,남,70세,경상
2017070800100261,2017년 7월 8일 12시,토요일,울산광역시 남구 달동,부상신고사고,0,0,0,1,차대차 - 기타,안전운전불이행,젖음/습기,비,단일로 - 기타,이륜,남,31세,부상신고,승용,남,60세,상해없음
2017070800100288,2017년 7월 8일 13시,토요일,울산광역시 북구 천곡동,경상사고,0,0,1,0,차대사람 - 횡단중,보행자보호의무위반,건조,맑음,교차로 - 교차로횡단보도내,승용,여,59세,상해없음,보행자,남,53세,경상
2017070800100317,2017년 7월 8일 14시,토요일,울산광역시 남구 매암동,경상사고,0,0,2,0,차대차 - 정면충돌,교차로운행방법위반,건조,맑음,교차로 - 교차로안,승용,여,50세,상해없음,승합,여,56세,경상
2017070800100318,2017년 7월 8일 14시,토요일,울산광역시 동구 전하동,경상사고,0,0,1,0,차대차 - 정면충돌,안전운전불이행,건조,맑음,교차로 - 교차로안,승용,여,70세,상해없음,이륜,남,30세,경상
2017070800100413,2017년 7월 8일 17시,토요일,울산광역시 중구 남외동,중상사고,0,1,0,0,차대차 - 측면충돌,신호위반,건조,맑음,교차로 - 교차로안,승용,남,58세,상해없음,이륜,남,52세,중상
2017070800100414,2017년 7월 8일 17시,토요일,울산광역시 북구 염포동,경상사고,0,0,3,0,차대차 - 정면충돌,중앙선침범,건조,맑음,단일로 - 고가도로위,승용,남,29세,상해없음,승용,남,48세,경상
2017070800100453,2017년 7월 8일 18시,토요일,울산광역시 북구 매곡동,경상사고,0,0,1,0,차대차 - 측면충돌,신호위반,건조,맑음,단일로 - 기타,원동기,남,34세,경상,승용,여,35세,상해없음
2017070800100481,2017년 7월 8일 19시,토요일,울산광역시 중구 태화동,경상사고,0,0,1,0,차대사람 - 횡단중,보행자보호의무위반,건조,흐림,단일로 - 기타,승용,여,43세,상해없음,보행자,여,62세,경상
2017070800100572,2017년 7월 8일 22시,토요일,울산광역시 남구 무거동,중상사고,0,1,3,0,차대차 - 측면충돌,신호위반,건조,맑음,교차로 - 교차로안,승용,남,42세,상해없음,승용,남,57세,중상
2017070900100021,2017년 7월 9일 00시,일요일,울산광역시 남구 무거동,경상사고,0,0,1,0,차대차 - 측면충돌,신호위반,건조,맑음,기타 - 기타,기타불명,기타불명,미분류,기타불명,자전거,남,45세,경상
2017070900100207,2017년 7월 9일 13시,일요일,울산광역시 동구 전하동,경상사고,0,0,1,0,차대차 - 측면충돌,직진우회전진행방해,건조,맑음,교차로 - 교차로안,승용,여,28세,상해없음,이륜,남,76세,경상
2017070900100242,2017년 7월 9일 14시,일요일,울산광역시 남구 옥동,경상사고,0,0,2,0,차대차 - 추돌,안전운전불이행,기타,맑음,교차로 - 교차로부근,승용,남,68세,상해없음,승용,여,58세,경상
2017070900100292,2017년 7월 9일 16시,일요일,울산광역시 중구 학산동,경상사고,0,0,1,0,차대차 - 측면충돌,교차로운행방법위반,건조,맑음,교차로 - 교차로안,승용,남,46세,상해없음,이륜,남,65세,경상
2017070900100347,2017년 7월 9일 18시,일요일,울산광역시 중구 남외동,경상사고,0,0,1,0,차대사람 - 횡단중,기타,건조,맑음,단일로 - 기타,승용,남,38세,상해없음,보행자,남,3세,경상
2017070900100397,2017년 7월 9일 20시,일요일,울산광역시 남구 신정동,부상신고사고,0,0,0,1,차대차 - 측면충돌,기타,건조,맑음,단일로 - 기타,이륜,남,16세,부상신고,승용,남,30세,상해없음
2017070900100427,2017년 7월 9일 21시,일요일,울산광역시 남구 삼산동,경상사고,0,0,1,0,차대차 - 추돌,안전운전불이행,건조,맑음,교차로 - 교차로부근,승용,남,36세,상해없음,승합,남,31세,경상
2017071000100082,2017년 7월 10일 06시,월요일,울산광역시 울주군 온산읍,경상사고,0,0,1,0,차대차 - 측면충돌,교차로운행방법위반,건조,맑음,교차로 - 교차로안,승용,남,28세,상해없음,승용,남,23세,경상
2017071000100098,2017년 7월 10일 07시,월요일,울산광역시 울주군 언양읍,중상사고,0,1,1,0,차대차 - 정면충돌,안전운전불이행,건조,맑음,교차로 - 교차로부근,사륜오토바이(ATV),남,70세,중상,승합,남,32세,상해없음
2017071000100200,2017년 7월 10일 10시,월요일,울산광역시 울주군 온산읍,경상사고,0,0,1,0,차대차 - 측면충돌,안전운전불이행,건조,맑음,단일로 - 기타,승용,여,43세,상해없음,승용,여,32세,경상
2017071000100252,2017년 7월 10일 12시,월요일,울산광역시 남구 두왕동,경상사고,0,0,1,0,차대차 - 추돌,안전운전불이행,건조,맑음,단일로 - 기타,화물,남,62세,상해없음,승용,남,25세,경상
2017071000100253,2017년 7월 10일 12시,월요일,울산광역시 남구 달동,중상사고,0,2,0,0,차대차 - 기타,교차로운행방법위반,건조,맑음,교차로 - 교차로안,승용,남,24세,상해없음,승용,여,39세,중상
2017071000100280,2017년 7월 10일 13시,월요일,울산광역시 중구 성안동,경상사고,0,0,1,0,차대차 - 측면충돌,교차로운행방법위반,건조,맑음,단일로 - 기타,승합,여,46세,상해없음,이륜,남,35세,경상
2017071000100281,2017년 7월 10일 13시,월요일,울산광역시 중구 반구동,경상사고,0,0,1,0,차대차 - 측면충돌,교차로운행방법위반,건조,맑음,교차로 - 교차로안,승용,여,55세,상해없음,승용,여,51세,경상
2017071000100376,2017년 7월 10일 16시,월요일,울산광역시 중구 학성동,중상사고,0,1,0,0,차대사람 - 횡단중,안전운전불이행,건조,맑음,단일로 - 기타,승합,남,48세,상해없음,보행자,여,73세,중상
2017071000100450,2017년 7월 10일 18시,월요일,울산광역시 동구 일산동,경상사고,0,0,1,0,차대사람 - 횡단중,보행자보호의무위반,건조,맑음,단일로 - 기타,화물,남,40세,상해없음,보행자,남,63세,경상
2017071000100483,2017년 7월 10일 19시,월요일,울산광역시 동구 방어동,경상사고,0,0,1,0,차대사람 - 횡단중,신호위반,건조,맑음,교차로 - 교차로횡단보도내,승용,여,29세,상해없음,보행자,남,7세,경상
2017071000100576,2017년 7월 10일 22시,월요일,울산광역시 중구 학성동,경상사고,0,0,2,1,차대차 - 측면충돌,신호위반,건조,맑음,교차로 - 교차로안,승용,남,40세,부상신고,승용,남,26세,경상
2017071000100577,2017년 7월 10일 22시,월요일,울산광역시 남구 삼산동,중상사고,0,1,0,0,차대사람 - 기타,안전운전불이행,기타,기타,단일로 - 기타,승용,여,55세,상해없음,보행자,여,57세,중상
2017071000100604,2017년 7월 10일 23시,월요일,울산광역시 중구 태화동,중상사고,0,2,1,0,차량단독 - 전도전복 - 전도,안전운전불이행,건조,맑음,단일로 - 기타,승용,남,19세,상해없음,,,,
2017071100100039,2017년 7월 11일 00시,화요일,울산광역시 북구 염포동,경상사고,0,0,2,0,차대차 - 측면충돌,신호위반,젖음/습기,비,교차로 - 교차로안,화물,여,56세,상해없음,승용,남,61세,경상
2017071100100067,2017년 7월 11일 03시,화요일,울산광역시 울주군 서생면,중상사고,0,1,3,0,차량단독 - 전도전복,안전운전불이행,젖음/습기,흐림,단일로 - 기타,승용,남,19세,상해없음,미분류,미분류,미분류,미분류
2017071100100087,2017년 7월 11일 06시,화요일,울산광역시 남구 달동,경상사고,0,0,1,0,차대차 - 측면충돌,안전운전불이행,건조,맑음,교차로 - 교차로안,승용,남,45세,상해없음,승용,남,60세,경상
2017071100100088,2017년 7월 11일 06시,화요일,울산광역시 남구 성암동,경상사고,0,0,1,0,차대차 - 측면충돌,중앙선침범,건조,맑음,단일로 - 기타,승용,남,64세,상해없음,승용,남,36세,경상
2017071100100113,2017년 7월 11일 07시,화요일,울산광역시 울주군 온산읍,경상사고,0,0,1,0,차대차 - 측면충돌,안전운전불이행,건조,맑음,교차로 - 교차로안,승용,남,57세,상해없음,승용,남,32세,경상
2017071100100286,2017년 7월 11일 13시,화요일,울산광역시 북구 신천동,중상사고,0,1,1,0,차대차 - 추돌,안전운전불이행,건조,맑음,단일로 - 기타,화물,남,57세,상해없음,화물,남,46세,경상
2017071100100320,2017년 7월 11일 14시,화요일,울산광역시 중구 동동,경상사고,0,0,1,0,차대사람 - 차도통행중,안전운전불이행,건조,맑음,단일로 - 기타,승용,남,58세,상해없음,보행자,여,69세,경상
2017071100100437,2017년 7월 11일 17시,화요일,울산광역시 남구 신정동,경상사고,0,0,2,0,차대차 - 측면충돌,교차로운행방법위반,건조,맑음,교차로 - 교차로안,승용,남,56세,상해없음,원동기,남,24세,경상
2017071100100438,2017년 7월 11일 17시,화요일,울산광역시 남구 신정동,중상사고,0,1,0,0,차대차 - 기타,신호위반,건조,맑음,교차로 - 교차로안,승용,여,56세,상해없음,이륜,남,49세,중상
2017071100100439,2017년 7월 11일 17시,화요일,울산광역시 울주군 온산읍,중상사고,0,1,1,0,차대차 - 측면충돌,안전운전불이행,건조,맑음,단일로 - 기타,승용,남,32세,상해없음,승용,남,40세,중상
2017071100100508,2017년 7월 11일 19시,화요일,울산광역시 남구 무거동,경상사고,0,0,3,0,차대차 - 측면충돌,교차로운행방법위반,건조,맑음,교차로 - 교차로안,승용,남,45세,상해없음,승용,남,37세,경상
2017071100100579,2017년 7월 11일 21시,화요일,울산광역시 북구 화봉동,중상사고,0,1,0,0,차대사람 - 횡단중,보행자보호의무위반,건조,맑음,교차로 - 교차로횡단보도내,승용,남,44세,상해없음,보행자,남,31세,중상
2017071100100601,2017년 7월 11일 22시,화요일,울산광역시 중구 남외동,중상사고,0,1,0,0,차대사람 - 횡단중,안전운전불이행,건조,맑음,교차로 - 교차로횡단보도내,승용,여,51세,상해없음,보행자,남,46세,중상
2017071200100040,2017년 7월 12일 02시,수요일,울산광역시 남구 달동,중상사고,0,1,0,0,차대사람 - 횡단중,안전운전불이행,건조,맑음,단일로 - 기타,승용,남,23세,상해없음,보행자,남,23세,중상
2017071200100081,2017년 7월 12일 06시,수요일,울산광역시 남구 달동,경상사고,0,0,2,0,차대차 - 측면충돌,안전운전불이행,건조,맑음,교차로 - 교차로부근,승용,남,33세,상해없음,승용,남,23세,경상
2017071200100107,2017년 7월 12일 07시,수요일,울산광역시 남구 야음동,경상사고,0,0,1,0,차대차 - 측면충돌,직진우회전진행방해,건조,맑음,교차로 - 교차로안,승용,남,63세,상해없음,이륜,남,82세,경상
2017071200100108,2017년 7월 12일 07시,수요일,울산광역시 동구 일산동,중상사고,0,1,1,0,차대차 - 정면충돌,직진우회전진행방해,건조,맑음,교차로 - 교차로안,이륜,남,42세,상해없음,이륜,남,54세,경상
2017071200100251,2017년 7월 12일 12시,수요일,울산광역시 남구 신정동,경상사고,0,0,1,0,차대차 - 기타,불법유턴,건조,맑음,단일로 - 기타,승용,남,61세,상해없음,이륜,남,18세,경상
2017071200100305,2017년 7월 12일 14시,수요일,울산광역시 울주군 삼남면,경상사고,0,0,2,0,차대차 - 측면충돌,신호위반,건조,맑음,단일로 - 기타,건설기계,남,43세,상해없음,승용,여,37세,경상
2017071200100485,2017년 7월 12일 18시,수요일,울산광역시 남구 삼산동,경상사고,0,0,1,0,차대차 - 측면충돌,신호위반,건조,맑음,교차로 - 교차로안,이륜,남,34세,기타불명,개인형이동수단(PM),남,32세,경상
2017071200100529,2017년 7월 12일 19시,수요일,울산광역시 중구 약사동,중상사고,0,1,0,0,차대차 - 측면충돌,신호위반,건조,맑음,교차로 - 교차로안,승합,남,58세,상해없음,원동기,남,33세,중상
2017071200100554,2017년 7월 12일 20시,수요일,울산광역시 남구 무거동,경상사고,0,0,1,0,차대차 - 측면충돌,신호위반,건조,맑음,단일로 - 기타,승용,여,41세,상해없음,이륜,남,16세,경상
2017071300100102,2017년 7월 13일 07시,목요일,울산광역시 북구 중산동,중상사고,0,1,0,0,차대차 - 정면충돌,교차로운행방법위반,건조,맑음,교차로 - 교차로안,승용,여,45세,상해없음,이륜,남,28세,중상
2017071300100227,2017년 7월 13일 11시,목요일,울산광역시 북구 진장동,경상사고,0,0,1,1,차대차 - 기타,신호위반,건조,맑음,교차로 - 교차로안,자전거,남,54세,부상신고,승용,남,59세,상해없음
2017071300100280,2017년 7월 13일 13시,목요일,울산광역시 남구 무거동,경상사고,0,0,1,0,차대사람 - 기타,안전운전불이행,건조,맑음,단일로 - 기타,승용,남,20세,상해없음,보행자,여,21세,경상
2017071300100374,2017년 7월 13일 16시,목요일,울산광역시 중구 태화동,경상사고,0,0,2,0,차대차 - 추돌,안전거리미확보,건조,맑음,교차로 - 교차로부근,승용,남,67세,상해없음,승용,여,56세,경상
2017071300100403,2017년 7월 13일 17시,목요일,울산광역시 중구 옥교동,경상사고,0,0,2,0,차대차 - 기타,안전거리미확보,건조,맑음,단일로 - 기타,승용,여,53세,경상,승용,남,61세,상해없음
2017071300100475,2017년 7월 13일 19시,목요일,울산광역시 중구 복산동,경상사고,0,0,3,0,차대차 - 기타,안전거리미확보,건조,맑음,교차로 - 교차로안,승용,여,45세,상해없음,승용,남,25세,경상
2017071400100067,2017년 7월 14일 04시,금요일,울산광역시 남구 삼산동,중상사고,0,1,0,0,차대사람 - 기타,안전운전불이행,건조,맑음,기타 - 기타,승용,남,18세,상해없음,보행자,남,17세,중상
2017071400100114,2017년 7월 14일 07시,금요일,울산광역시 남구 선암동,중상사고,0,1,0,0,차대사람 - 횡단중,안전운전불이행,건조,맑음,교차로 - 교차로안,승용,남,56세,상해없음,보행자,여,78세,중상
2017071400100115,2017년 7월 14일 07시,금요일,울산광역시 동구 서부동,중상사고,0,1,0,0,차대차 - 정면충돌,교차로운행방법위반,건조,맑음,교차로 - 교차로안,승용,남,46세,상해없음,이륜,남,55세,중상
2017071400100155,2017년 7월 14일 08시,금요일,울산광역시 남구 삼산동,경상사고,0,0,1,0,차대차 - 기타,안전운전불이행,건조,맑음,기타 - 기타,승용,남,59세,상해없음,자전거,남,67세,경상
2017071400100205,2017년 7월 14일 10시,금요일,울산광역시 남구 선암동,경상사고,0,0,1,0,차량단독 - 전도전복 - 전도,안전운전불이행,건조,맑음,단일로 - 기타,승용,남,31세,상해없음,,,,
2017071400100255,2017년 7월 14일 12시,금요일,울산광역시 울주군 언양읍,경상사고,0,0,1,0,차대차 - 정면충돌,중앙선침범,건조,맑음,단일로 - 기타,화물,여,55세,상해없음,승용,남,67세,경상
2017071400100284,2017년 7월 14일 13시,금요일,울산광역시 동구 전하동,경상사고,0,0,2,0,차대차 - 정면충돌,신호위반,건조,맑음,교차로 - 교차로안,승용,남,75세,상해없음,승용,남,66세,경상
2017071400100321,2017년 7월 14일 14시,금요일,울산광역시 남구 신정동,경상사고,0,0,2,0,차대차 - 측면충돌,안전운전불이행,건조,맑음,교차로 - 교차로부근,승용,여,54세,상해없음,승용,여,52세,경상
2017071400100389,2017년 7월 14일 16시,금요일,울산광역시 중구 반구동,부상신고사고,0,0,0,1,차대차 - 측면충돌,불법유턴,건조,맑음,교차로 - 교차로부근,자전거,남,11세,부상신고,승용,남,43세,상해없음
2017071400100390,2017년 7월 14일 16시,금요일,울산광역시 울주군 범서읍,경상사고,0,0,1,0,차량단독 - 기타,안전운전불이행,건조,맑음,단일로 - 기타,승합,남,47세,상해없음,,,,
2017071400100468,2017년 7월 14일 18시,금요일,울산광역시 남구 달동,경상사고,0,0,1,0,차대사람 - 횡단중,보행자보호의무위반,건조,맑음,단일로 - 기타,이륜,남,16세,상해없음,보행자,남,11세,경상
2017071400100469,2017년 7월 14일 18시,금요일,울산광역시 남구 무거동,경상사고,0,0,1,0,차대차 - 기타,기타,건조,맑음,단일로 - 기타,승합,남,57세,상해없음,이륜,남,19세,상해없음
2017071400100604,2017년 7월 14일 22시,금요일,울산광역시 북구 호계동,경상사고,0,0,1,0,차대차 - 측면충돌,중앙선침범,건조,맑음,교차로 - 교차로부근,이륜,남,18세,상해없음,이륜,남,37세,경상
2017071400100628,2017년 7월 14일 23시,금요일,울산광역시 중구 학산동,경상사고,0,0,1,0,차대사람 - 횡단중,안전운전불이행,건조,맑음,단일로 - 기타,이륜,남,18세,상해없음,보행자,여,81세,경상
2017071500100033,2017년 7월 15일 00시,토요일,울산광역시 중구 교동,중상사고,0,1,2,0,차대차 - 추돌,안전거리미확보,건조,맑음,교차로 - 교차로부근,승용,남,59세,상해없음,승용,여,44세,중상
2017071500100074,2017년 7월 15일 02시,토요일,울산광역시 남구 신정동,경상사고,0,0,1,0,차대차 - 추돌,안전운전불이행,건조,맑음,교차로 - 교차로부근,이륜,남,16세,경상,승용,남,63세,상해없음
2017071500100130,2017년 7월 15일 06시,토요일,울산광역시 중구 성남동,경상사고,0,0,1,0,차대차 - 기타,안전운전불이행,건조,맑음,교차로 - 교차로부근,승용,남,24세,상해없음,승용,남,37세,경상
2017071500100131,2017년 7월 15일 06시,토요일,울산광역시 중구 남외동,부상신고사고,0,0,0,1,차대차 - 측면충돌,안전운전불이행,건조,맑음,교차로 - 교차로안,자전거,남,49세,부상신고,화물,남,50세,상해없음
2017071500100207,2017년 7월 15일 10시,토요일,울산광역시 중구 북정동,경상사고,0,0,2,0,차대차 - 추돌,안전운전불이행,건조,흐림,교차로 - 교차로부근,승용,남,65세,기타불명,승용,남,50세,경상
2017071500100237,2017년 7월 15일 11시,토요일,울산광역시 남구 신정동,경상사고,0,0,1,0,차대차 - 측면충돌,안전운전불이행,건조,맑음,교차로 - 교차로안,승용,남,53세,상해없음,자전거,여,62세,경상
2017071500100272,2017년 7월 15일 12시,토요일,울산광역시 북구 염포동,경상사고,0,0,1,0,차대차 - 측면충돌,안전운전불이행,건조,맑음,단일로 - 기타,이륜,남,64세,경상,화물,남,45세,상해없음
2017071500100407,2017년 7월 15일 16시,토요일,울산광역시 울주군 언양읍,경상사고,0,0,1,0,차대차 - 측면충돌,교차로운행방법위반,건조,맑음,교차로 - 교차로안,승용,남,45세,상해없음,승용,여,56세,경상
2017071500100440,2017년 7월 15일 17시,토요일,울산광역시 북구 화봉동,경상사고,0,0,2,0,차대차 - 기타,차로위반,건조,맑음,단일로 - 기타,승용,남,30세,상해없음,승용,여,31세,경상
2017071500100441,2017년 7월 15일 17시,토요일,울산광역시 울주군 범서읍,경상사고,0,0,3,0,차대차 - 정면충돌,교차로운행방법위반,건조,맑음,교차로 - 교차로안,화물,남,62세,상해없음,승용,남,33세,경상
2017071500100469,2017년 7월 15일 18시,토요일,울산광역시 남구 신정동,경상사고,0,0,1,0,차량단독 - 전도전복,안전운전불이행,건조,맑음,단일로 - 기타,이륜,남,67세,상해없음,미분류,미분류,미분류,미분류
2017071500100539,2017년 7월 15일 20시,토요일,울산광역시 울주군 온산읍,경상사고,0,0,1,0,차대사람 - 횡단중,안전운전불이행,건조,맑음,단일로 - 기타,화물,남,57세,상해없음,보행자,남,16세,경상
2017071600100030,2017년 7월 16일 00시,일요일,울산광역시 남구 신정동,중상사고,0,1,0,0,차대차 - 측면충돌,차로위반,건조,맑음,단일로 - 기타,승용,남,68세,상해없음,승용,남,46세,중상
2017071600100080,2017년 7월 16일 03시,일요일,울산광역시 북구 천곡동,경상사고,0,0,2,0,차대차 - 측면충돌,교차로운행방법위반,건조,맑음,교차로 - 교차로안,승용,남,55세,상해없음,승용,남,53세,경상
2017071600100123,2017년 7월 16일 07시,일요일,울산광역시 남구 달동,경상사고,0,0,1,0,차대차 - 기타,신호위반,건조,맑음,교차로 - 교차로부근,승합,남,49세,상해없음,승용,남,27세,경상
2017071600100152,2017년 7월 16일 09시,일요일,울산광역시 울주군 삼남면,경상사고,0,0,1,0,차대차 - 정면충돌,안전운전불이행,건조,맑음,단일로 - 기타,승합,남,60세,상해없음,승용,남,24세,경상
2017071600100282,2017년 7월 16일 14시,일요일,울산광역시 중구 서동,경상사고,0,0,2,0,차대차 - 기타,차로위반,건조,맑음,교차로 - 교차로안,승용,남,19세,상해없음,승용,남,27세,경상
2017071600100283,2017년 7월 16일 14시,일요일,울산광역시 남구 신정동,중상사고,0,1,0,0,차대사람 - 횡단중,안전운전불이행,건조,맑음,단일로 - 기타,승용,남,67세,상해없음,보행자,여,64세,중상
2017071600100314,2017년 7월 16일 15시,일요일,울산광역시 남구 무거동,경상사고,0,0,1,0,차대차 - 측면충돌,안전운전불이행,건조,맑음,단일로 - 기타,이륜,남,16세,경상,승용,남,54세,상해없음
2017071600100315,2017년 7월 16일 15시,일요일,울산광역시 울주군 온산읍,경상사고,0,0,1,0,차대차 - 측면충돌,중앙선침범,건조,맑음,단일로 - 기타,승용,여,51세,상해없음,이륜,남,26세,경상