사고번호,사고일시,요일,시군구,사고내용,사망자수,중상자수,경상자수,부상신고자수,사고유형,법규위반,노면상태,기상상태,도로형태,가해운전자 차종,가해운전자 성별,가해운전자 연령,가해운전자 상해정도,피해운전자 차종,피해운전자 성별,피해운전자 연령,피해운전자 상해정도
2017072600100223,2017년 7월 26일 10시,수요일,울산광역시 울주군 청량면,중상사고,0,2,1,0,차대차 - 추돌,안전운전불이행,건조,맑음,단일로 - 기타,화물,남,60세,상해없음,승용,남,46세,중상
2017072600100289,2017년 7월 26일 12시,수요일,울산광역시 중구 학성동,중상사고,0,1,0,0,차대사람 - 횡단중,신호위반,건조,맑음,단일로 - 기타,승용,남,59세,상해없음,보행자,여,54세,중상
2017072600100352,2017년 7월 26일 14시,수요일,울산광역시 중구 반구동,중상사고,0,1,0,0,차대차 - 기타,직진우회전진행방해,건조,맑음,교차로 - 교차로안,원동기,남,56세,중상,승용,남,64세,상해없음
2017072600100392,2017년 7월 26일 15시,수요일,울산광역시 중구 반구동,경상사고,0,0,1,0,차대차 - 측면충돌,안전거리미확보,건조,맑음,단일로 - 기타,건설기계,남,56세,상해없음,승용,남,42세,상해없음
2017072600100432,2017년 7월 26일 16시,수요일,울산광역시 중구 우정동,경상사고,0,0,1,0,차대사람 - 횡단중,안전운전불이행,건조,맑음,단일로 - 기타,승용,여,64세,상해없음,보행자,남,73세,경상
2017072600100433,2017년 7월 26일 16시,수요일,울산광역시 남구 무거동,경상사고,0,0,1,0,차대차 - 정면충돌,중앙선침범,건조,맑음,단일로 - 기타,승용,여,56세,상해없음,화물,남,48세,경상
2017072600100434,2017년 7월 26일 16시,수요일,울산광역시 북구 산하동,중상사고,0,2,0,0,차량단독 - 기타,안전운전불이행,건조,맑음,단일로 - 기타,승용,남,74세,상해없음,,,,
2017072600100618,2017년 7월 26일 21시,수요일,울산광역시 중구 다운동,경상사고,0,0,1,0,차대차 - 측면충돌,교차로운행방법위반,건조,맑음,교차로 - 교차로안,승용,남,63세,상해없음,이륜,남,17세,경상
2017072600100619,2017년 7월 26일 21시,수요일,울산광역시 북구 명촌동,경상사고,0,0,3,2,차대차 - 추돌,과속,건조,맑음,단일로 - 교량,승용,남,19세,부상신고,승용,남,54세,부상신고
2017072600100652,2017년 7월 26일 22시,수요일,울산광역시 중구 옥교동,경상사고,0,0,1,0,차대사람 - 횡단중,안전운전불이행,건조,맑음,단일로 - 기타,승용,여,26세,상해없음,보행자,여,22세,경상
2017072700100048,2017년 7월 27일 00시,목요일,울산광역시 남구 달동,중상사고,0,2,0,0,차대사람 - 횡단중,안전운전불이행,기타,기타,교차로 - 교차로부근,승용,남,26세,상해없음,보행자,여,24세,중상
2017072700100064,2017년 7월 27일 01시,목요일,울산광역시 남구 달동,경상사고,0,0,1,0,차대사람 - 횡단중,안전운전불이행,건조,맑음,교차로 - 교차로부근,승용,남,44세,상해없음,보행자,남,18세,경상
2017072700100070,2017년 7월 27일 02시,목요일,울산광역시 중구 반구동,경상사고,0,0,1,0,차대차 - 측면충돌,차로위반,건조,맑음,단일로 - 기타,승용,여,58세,상해없음,원동기,남,20세,경상
2017072700100197,2017년 7월 27일 09시,목요일,울산광역시 동구 전하동,중상사고,0,1,0,0,차대사람 - 횡단중,신호위반,건조,맑음,단일로 - 기타,승용,여,33세,상해없음,보행자,여,61세,중상
2017072700100317,2017년 7월 27일 13시,목요일,울산광역시 중구 남외동,중상사고,0,1,0,0,차대사람 - 차도통행중,안전운전불이행,건조,맑음,단일로 - 기타,승용,여,58세,상해없음,보행자,여,81세,중상
2017072700100346,2017년 7월 27일 14시,목요일,울산광역시 중구 복산동,중상사고,0,1,0,0,차대차 - 추돌,안전운전불이행,건조,맑음,단일로 - 기타,원동기,남,46세,중상,건설기계,남,36세,상해없음
2017072700100476,2017년 7월 27일 17시,목요일,울산광역시 중구 동동,중상사고,0,1,1,0,차대차 - 측면충돌,안전운전불이행,건조,맑음,교차로 - 교차로안,승용,남,29세,상해없음,승용,남,35세,중상
2017072700100525,2017년 7월 27일 18시,목요일,울산광역시 북구 호계동,경상사고,0,0,2,1,차대차 - 측면충돌,직진우회전진행방해,건조,맑음,교차로 - 교차로안,승용,여,53세,부상신고,승용,여,41세,경상
2017072700100545,2017년 7월 27일 19시,목요일,울산광역시 북구 매곡동,중상사고,0,1,0,0,차대차 - 측면충돌,중앙선침범,건조,맑음,단일로 - 기타,승용,여,47세,상해없음,이륜,남,20세,중상
2017072700100566,2017년 7월 27일 20시,목요일,울산광역시 남구 무거동,중상사고,0,4,0,0,차대차 - 추돌,안전운전불이행,건조,맑음,교차로 - 교차로부근,화물,남,64세,상해없음,승용,여,64세,중상
2017072700100567,2017년 7월 27일 20시,목요일,울산광역시 동구 화정동,경상사고,0,0,1,0,차대차 - 기타,중앙선침범,건조,맑음,교차로 - 교차로부근,자전거,남,15세,경상,이륜,남,24세,상해없음
2017072800100079,2017년 7월 28일 03시,금요일,울산광역시 남구 달동,중상사고,0,1,0,0,차대차 - 추돌,중앙선침범,건조,맑음,교차로 - 교차로부근,승용,남,21세,상해없음,승용,여,28세,중상
2017072800100117,2017년 7월 28일 06시,금요일,울산광역시 남구 야음동,경상사고,0,0,1,0,차대차 - 측면충돌,신호위반,건조,맑음,교차로 - 교차로안,승용,남,23세,상해없음,승용,남,24세,경상
2017072800100118,2017년 7월 28일 06시,금요일,울산광역시 울주군 언양읍,중상사고,0,2,0,0,차대차 - 측면충돌,신호위반,건조,맑음,교차로 - 교차로안,승용,남,61세,상해없음,승용,여,50세,중상
2017072800100286,2017년 7월 28일 12시,금요일,울산광역시 남구 신정동,경상사고,0,0,1,0,차대차 - 측면충돌,안전운전불이행,건조,맑음,단일로 - 기타,승합,남,57세,상해없음,승용,남,40세,경상
2017072800100354,2017년 7월 28일 14시,금요일,울산광역시 남구 신정동,중상사고,0,1,0,0,차대차 - 기타,기타,건조,맑음,단일로 - 기타,승용,남,57세,상해없음,이륜,남,71세,중상
2017072800100426,2017년 7월 28일 16시,금요일,울산광역시 중구 복산동,경상사고,0,0,1,0,차대차 - 기타,안전거리미확보,건조,맑음,단일로 - 기타,이륜,남,60세,상해없음,승용,남,69세,상해없음
2017072800100501,2017년 7월 28일 18시,금요일,울산광역시 남구 무거동,경상사고,0,0,1,0,차대사람 - 횡단중,보행자보호의무위반,건조,맑음,단일로 - 기타,승용,여,37세,상해없음,보행자,남,7세,경상
2017072800100502,2017년 7월 28일 18시,금요일,울산광역시 동구 서부동,중상사고,0,1,0,0,차량단독 - 기타,안전운전불이행,건조,맑음,단일로 - 기타,승합,남,57세,상해없음,,,,
2017072800100503,2017년 7월 28일 18시,금요일,울산광역시 동구 방어동,경상사고,0,0,2,0,차대차 - 기타,신호위반,건조,맑음,교차로 - 교차로안,승용,남,31세,상해없음,승용,남,63세,상해없음
2017072800100504,2017년 7월 28일 18시,금요일,울산광역시 울주군 범서읍,중상사고,0,1,1,1,차대차 - 정면충돌,안전운전불이행,건조,맑음,교차로 - 교차로안,승용,여,43세,부상신고,승용,여,70세,중상
2017072800100535,2017년 7월 28일 19시,금요일,울산광역시 북구 신천동,경상사고,0,0,2,0,차대차 - 측면충돌,중앙선침범,건조,맑음,단일로 - 기타,승용,여,34세,상해없음,승용,여,27세,경상
2017072800100574,2017년 7월 28일 20시,금요일,울산광역시 북구 창평동,중상사고,0,1,0,0,차대차 - 측면충돌,안전거리미확보,건조,맑음,단일로 - 기타,승용,남,41세,상해없음,원동기,남,41세,중상
2017072800100623,2017년 7월 28일 21시,금요일,울산광역시 동구 일산동,중상사고,0,1,0,0,차대차 - 추돌,안전운전불이행,건조,맑음,교차로 - 교차로안,승합,남,60세,상해없음,원동기,남,50세,중상
2017072800100679,2017년 7월 28일 23시,금요일,울산광역시 중구 태화동,경상사고,0,0,3,0,차대차 - 측면충돌,안전운전불이행,건조,맑음,단일로 - 기타,승용,여,51세,상해없음,승용,여,35세,경상
2017072800100680,2017년 7월 28일 23시,금요일,울산광역시 남구 삼산동,중상사고,0,1,0,0,차대사람 - 횡단중,안전운전불이행,건조,맑음,단일로 - 기타,승용,남,26세,상해없음,보행자,남,39세,중상
2017072900100110,2017년 7월 29일 04시,토요일,울산광역시 중구 성안동,경상사고,0,0,1,0,차대사람 - 기타,기타,건조,맑음,단일로 - 기타,승용,남,37세,상해없음,보행자,남,29세,경상
2017072900100154,2017년 7월 29일 07시,토요일,울산광역시 남구 두왕동,중상사고,0,1,0,1,차대차 - 기타,교차로운행방법위반,젖음/습기,흐림,단일로 - 고가도로위,승용,남,56세,부상신고,승용,남,29세,중상
2017072900100155,2017년 7월 29일 07시,토요일,울산광역시 북구 어물동,중상사고,0,1,0,0,차대차 - 측면충돌,안전운전불이행,젖음/습기,비,단일로 - 기타,승용,남,47세,상해없음,원동기,남,32세,중상
2017072900100201,2017년 7월 29일 09시,토요일,울산광역시 남구 삼산동,중상사고,0,1,0,0,차대사람 - 횡단중,보행자보호의무위반,건조,맑음,교차로 - 교차로부근,승용,여,42세,기타불명,보행자,여,44세,중상
2017072900100229,2017년 7월 29일 10시,토요일,울산광역시 중구 서동,부상신고사고,0,0,0,4,차대차 - 측면충돌,안전운전불이행,건조,흐림,교차로 - 교차로부근,화물,남,27세,상해없음,승용,남,37세,부상신고
2017072900100365,2017년 7월 29일 14시,토요일,울산광역시 북구 염포동,경상사고,0,0,1,0,차대차 - 추돌,안전거리미확보,건조,맑음,교차로 - 교차로부근,승용,남,28세,상해없음,승용,남,38세,경상
2017072900100469,2017년 7월 29일 17시,토요일,울산광역시 중구 반구동,중상사고,0,1,0,0,차대차 - 측면충돌,안전운전불이행,건조,맑음,단일로 - 기타,승용,여,54세,상해없음,자전거,남,59세,중상
2017072900100510,2017년 7월 29일 18시,토요일,울산광역시 중구 유곡동,경상사고,0,0,1,0,차대차 - 추돌,안전거리미확보,건조,맑음,교차로 - 교차로안,승용,남,65세,상해없음,승용,여,39세,경상
2017072900100511,2017년 7월 29일 18시,토요일,울산광역시 울주군 서생면,부상신고사고,0,0,0,1,차대사람 - 횡단중,안전운전불이행,건조,맑음,단일로 - 기타,기타불명,기타불명,미분류,기타불명,보행자,여,31세,부상신고
2017072900100606,2017년 7월 29일 22시,토요일,울산광역시 남구 야음동,경상사고,0,0,1,0,차대차 - 기타,차로위반,건조,맑음,단일로 - 기타,승용,남,44세,상해없음,이륜,남,17세,경상
2017072900100613,2017년 7월 29일 23시,토요일,울산광역시 울주군 언양읍,중상사고,0,2,0,0,차량단독 - 공작물충돌,안전운전불이행,젖음/습기,비,단일로 - 기타,승용,남,58세,상해없음,,,,
2017073000100216,2017년 7월 30일 13시,일요일,울산광역시 북구 호계동,경상사고,0,0,1,0,차대차 - 추돌,안전거리미확보,건조,맑음,단일로 - 기타,이륜,남,26세,상해없음,이륜,남,31세,경상
2017073000100217,2017년 7월 30일 13시,일요일,울산광역시 울주군 언양읍,부상신고사고,0,0,0,1,차대차 - 정면충돌,중앙선침범,건조,맑음,단일로 - 기타,승용,여,53세,기타불명,승용,여,24세,부상신고
2017073000100292,2017년 7월 30일 16시,일요일,울산광역시 동구 방어동,경상사고,0,0,1,0,차대차 - 정면충돌,안전운전불이행,건조,맑음,교차로 - 교차로안,이륜,남,56세,상해없음,자전거,여,39세,경상
2017073000100293,2017년 7월 30일 16시,일요일,울산광역시 북구 양정동,중상사고,0,1,0,0,차대차 - 측면충돌,기타,건조,맑음,교차로 - 교차로안,자전거,남,27세,중상,승용,남,69세,상해없음
2017073000100322,2017년 7월 30일 17시,일요일,울산광역시 남구 달동,경상사고,0,0,1,0,차대차 - 기타,안전운전불이행,건조,맑음,단일로 - 기타,승용,여,37세,상해없음,승용,남,43세,경상
2017073000100377,2017년 7월 30일 19시,일요일,울산광역시 남구 야음동,경상사고,0,0,2,0,차대차 - 측면충돌,교차로운행방법위반,건조,맑음,교차로 - 교차로안,승용,남,43세,상해없음,승용,남,47세,상해없음
2017073000100378,2017년 7월 30일 19시,일요일,울산광역시 동구 방어동,경상사고,0,0,1,0,차대사람 - 기타,안전운전불이행,건조,맑음,단일로 - 기타,승용,남,31세,상해없음,보행자,남,27세,경상
2017073000100379,2017년 7월 30일 19시,일요일,울산광역시 울주군 웅촌면,사망사고,1,0,0,0,차대사람 - 횡단중,안전운전불이행,건조,맑음,단일로 - 기타,승용,여,26세,상해없음,보행자,남,47세,사망
2017073000100401,2017년 7월 30일 20시,일요일,울산광역시 중구 다운동,중상사고,0,1,0,0,차대차 - 측면충돌,직진우회전진행방해,건조,맑음,교차로 - 교차로안,승용,남,62세,상해없음,승용,남,27세,중상
2017073000100402,2017년 7월 30일 20시,일요일,울산광역시 남구 무거동,경상사고,0,0,2,0,차대차 - 추돌,안전거리미확보,건조,맑음,단일로 - 교량,승용,남,28세,상해없음,승용,남,33세,경상
2017073100100060,2017년 7월 31일 05시,월요일,울산광역시 중구 남외동,중상사고,0,1,0,0,차대차 - 측면충돌,안전운전불이행,건조,맑음,교차로 - 교차로안,승용,남,64세,상해없음,자전거,여,56세,중상
2017073100100117,2017년 7월 31일 08시,월요일,울산광역시 동구 화정동,중상사고,0,2,0,0,차대차 - 측면충돌,안전운전불이행,건조,맑음,교차로 - 교차로부근,승용,남,52세,상해없음,승용,여,47세,중상
2017073100100174,2017년 7월 31일 10시,월요일,울산광역시 중구 복산동,중상사고,0,1,0,0,차대사람 - 횡단중,보행자보호의무위반,건조,맑음,교차로 - 교차로안,승용,남,55세,상해없음,보행자,남,9세,중상
2017073100100175,2017년 7월 31일 10시,월요일,울산광역시 북구 양정동,중상사고,0,1,0,0,차대차 - 기타,안전거리미확보,건조,맑음,단일로 - 기타,승합,남,38세,상해없음,이륜,남,44세,중상
2017073100100216,2017년 7월 31일 11시,월요일,울산광역시 중구 약사동,경상사고,0,0,1,0,차대차 - 추돌,안전운전불이행,젖음/습기,흐림,단일로 - 기타,화물,남,41세,상해없음,승용,여,43세,경상
2017073100100217,2017년 7월 31일 11시,월요일,울산광역시 남구 무거동,중상사고,0,1,0,0,차대사람 - 횡단중,보행자보호의무위반,기타,흐림,교차로 - 교차로횡단보도내,승합,여,67세,상해없음,보행자,남,61세,중상
2017073100100349,2017년 7월 31일 15시,월요일,울산광역시 중구 반구동,경상사고,0,0,1,1,차대차 - 기타,직진우회전진행방해,건조,맑음,교차로 - 교차로안,이륜,남,17세,부상신고,승용,남,61세,경상
2017073100100350,2017년 7월 31일 15시,월요일,울산광역시 남구 무거동,중상사고,0,2,0,0,차대차 - 정면충돌,중앙선침범,건조,맑음,교차로 - 교차로부근,승용,여,36세,상해없음,승용,남,54세,중상
2017073100100351,2017년 7월 31일 15시,월요일,울산광역시 동구 일산동,중상사고,0,1,0,0,차대차 - 추돌,안전거리미확보,건조,맑음,교차로 - 교차로부근,승용,남,57세,상해없음,이륜,남,65세,중상
2017073100100422,2017년 7월 31일 17시,월요일,울산광역시 중구 다운동,중상사고,0,1,0,0,차대차 - 측면충돌,교차로운행방법위반,건조,맑음,교차로 - 교차로안,이륜,남,45세,중상,승용,남,56세,상해없음
2017073100100423,2017년 7월 31일 17시,월요일,울산광역시 남구 신정동,경상사고,0,0,1,0,차대차 - 추돌,안전운전불이행,젖음/습기,비,교차로 - 교차로부근,승용,남,33세,상해없음,승용,여,42세,상해없음
2017073100100451,2017년 7월 31일 18시,월요일,울산광역시 중구 반구동,사망사고,1,0,0,0,차대사람 - 기타,안전운전불이행,건조,맑음,단일로 - 기타,승용,남,27세,상해없음,보행자,남,62세,사망
2017073100100452,2017년 7월 31일 18시,월요일,울산광역시 남구 달동,중상사고,0,1,0,0,차대사람 - 횡단중,안전운전불이행,건조,맑음,단일로 - 기타,승용,남,58세,상해없음,보행자,남,37세,중상
2017073100100453,2017년 7월 31일 18시,월요일,울산광역시 남구 신정동,경상사고,0,0,1,0,차대차 - 측면충돌,신호위반,건조,흐림,교차로 - 교차로안,승용,남,61세,상해없음,승용,남,45세,상해없음
2017073100100454,2017년 7월 31일 18시,월요일,울산광역시 동구 서부동,중상사고,0,2,2,0,차대차 - 측면충돌,안전거리미확보,건조,맑음,교차로 - 교차로안,승용,남,33세,상해없음,승용,남,19세,경상
2017073100100481,2017년 7월 31일 19시,월요일,울산광역시 동구 일산동,중상사고,0,1,0,0,차대차 - 측면충돌,직진우회전진행방해,젖음/습기,비,교차로 - 교차로안,승용,여,33세,상해없음,이륜,남,50세,중상
2017073100100549,2017년 7월 31일 21시,월요일,울산광역시 남구 무거동,중상사고,0,1,0,0,차대차 - 정면충돌,신호위반,젖음/습기,비,교차로 - 교차로안,승용,여,33세,중상,승용,남,51세,상해없음
2017080100100051,2017년 8월 1일 01시,화요일,울산광역시 남구 달동,중상사고,0,1,2,0,차대차 - 추돌,안전운전불이행,건조,흐림,교차로 - 교차로부근,승용,여,29세,상해없음,승용,여,47세,중상
2017080100100139,2017년 8월 1일 08시,화요일,울산광역시 중구 북정동,부상신고사고,0,0,0,1,차대차 - 추돌,안전운전불이행,건조,맑음,단일로 - 기타,이륜,남,52세,부상신고,승용,남,39세,상해없음
2017080100100140,2017년 8월 1일 08시,화요일,울산광역시 남구 신정동,중상사고,0,1,0,0,차대사람 - 횡단중,안전운전불이행,건조,맑음,교차로 - 교차로횡단보도내,이륜,남,25세,상해없음,보행자,남,81세,중상
2017080100100141,2017년 8월 1일 08시,화요일,울산광역시 북구 염포동,경상사고,0,0,1,0,차대차 - 추돌,안전운전불이행,건조,맑음,단일로 - 기타,승용,여,45세,상해없음,승용,여,45세,경상
2017080100100142,2017년 8월 1일 08시,화요일,울산광역시 울주군 청량면,경상사고,0,0,1,0,차량단독 - 공작물충돌,안전운전불이행,건조,맑음,교차로 - 교차로안,승용,여,42세,경상,,,,
2017080100100429,2017년 8월 1일 17시,화요일,울산광역시 울주군 온산읍,경상사고,0,0,2,0,차대차 - 후진중충돌,안전운전불이행,건조,맑음,기타 - 기타,승용,남,31세,상해없음,승용,여,31세,경상
2017080100100529,2017년 8월 1일 20시,화요일,울산광역시 남구 삼산동,경상사고,0,0,1,0,차대차 - 기타,안전운전불이행,건조,맑음,단일로 - 기타,승용,남,32세,상해없음,이륜,남,17세,경상
2017080100100551,2017년 8월 1일 21시,화요일,울산광역시 중구 반구동,경상사고,0,0,1,0,차대차 - 정면충돌,중앙선침범,건조,맑음,단일로 - 기타,자전거,남,40세,상해없음,자전거,남,15세,경상
2017080200100098,2017년 8월 2일 07시,수요일,울산광역시 북구 명촌동,경상사고,0,0,2,0,차대차 - 측면충돌,안전거리미확보,건조,맑음,단일로 - 기타,특수,남,61세,상해없음,승용,여,66세,경상
2017080200100263,2017년 8월 2일 13시,수요일,울산광역시 중구 다운동,부상신고사고,0,0,0,1,차대사람 - 기타,안전운전불이행,건조,맑음,교차로 - 교차로안,승용,여,49세,상해없음,보행자,남,26세,부상신고
2017080200100391,2017년 8월 2일 17시,수요일,울산광역시 울주군 범서읍,경상사고,0,0,3,0,차대차 - 기타,기타,건조,맑음,단일로 - 기타,화물,남,54세,상해없음,승용,남,46세,경상
2017080200100515,2017년 8월 2일 20시,수요일,울산광역시 남구 달동,경상사고,0,0,1,0,차대차 - 정면충돌,신호위반,건조,맑음,교차로 - 교차로안,승용,여,26세,상해없음,승용,남,30세,경상
2017080200100553,2017년 8월 2일 22시,수요일,울산광역시 남구 무거동,중상사고,0,1,0,0,차대사람 - 길가장자리구역통행중,안전운전불이행,건조,맑음,단일로 - 기타,승용,남,67세,상해없음,보행자,남,49세,중상
2017080300100105,2017년 8월 3일 07시,목요일,울산광역시 울주군 온산읍,경상사고,0,0,1,0,차대차 - 측면충돌,신호위반,건조,맑음,교차로 - 교차로안,승용,남,53세,상해없음,승용,남,22세,경상
2017080300100218,2017년 8월 3일 10시,목요일,울산광역시 남구 신정동,경상사고,0,0,1,0,차대사람 - 횡단중,안전운전불이행,건조,맑음,단일로 - 기타,승용,여,25세,상해없음,보행자,남,15세,경상
2017080300100371,2017년 8월 3일 14시,목요일,울산광역시 중구 성남동,중상사고,0,1,0,0,차대사람 - 횡단중,안전운전불이행,건조,맑음,단일로 - 기타,승용,남,28세,상해없음,보행자,여,75세,중상
2017080300100404,2017년 8월 3일 15시,목요일,울산광역시 북구 중산동,중상사고,0,1,1,0,차대차 - 측면충돌,중앙선침범,건조,맑음,단일로 - 기타,승용,남,62세,경상,승용,여,52세,중상
2017080300100435,2017년 8월 3일 16시,목요일,울산광역시 북구 화봉동,중상사고,0,1,0,0,차대차 - 정면충돌,신호위반,건조,맑음,교차로 - 교차로부근,이륜,남,56세,중상,화물,남,58세,상해없음
2017080300100436,2017년 8월 3일 16시,목요일,울산광역시 울주군 범서읍,경상사고,0,0,1,0,차대사람 - 기타,보행자보호의무위반,건조,맑음,교차로 - 교차로안,승용,남,53세,상해없음,보행자,여,82세,경상
2017080300100470,2017년 8월 3일 17시,목요일,울산광역시 울주군 범서읍,경상사고,0,0,1,0,차대차 - 추돌,안전거리미확보,건조,맑음,교차로 - 교차로부근,화물,남,26세,상해없음,승용,남,64세,경상
2017080300100509,2017년 8월 3일 18시,목요일,울산광역시 동구 방어동,경상사고,0,0,2,0,차대차 - 정면충돌,신호위반,건조,맑음,교차로 - 교차로안,승용,남,67세,상해없음,승용,남,57세,경상
2017080300100594,2017년 8월 3일 21시,목요일,울산광역시 중구 학산동,경상사고,0,0,1,0,차대차 - 측면충돌,신호위반,건조,맑음,교차로 - 교차로안,이륜,남,18세,상해없음,이륜,남,68세,경상
2017080300100595,2017년 8월 3일 21시,목요일,울산광역시 울주군 서생면,중상사고,0,1,0,0,차대사람 - 횡단중,안전운전불이행,건조,맑음,단일로 - 기타,승용,남,55세,상해없음,보행자,여,73세,중상
2017080400100265,2017년 8월 4일 11시,금요일,울산광역시 동구 전하동,경상사고,0,0,1,0,차대차 - 측면충돌,직진우회전진행방해,건조,맑음,교차로 - 교차로안,기타불명,기타불명,미분류,기타불명,이륜,남,43세,상해없음
2017080400100298,2017년 8월 4일 12시,금요일,울산광역시 남구 삼산동,경상사고,0,0,1,0,차대사람 - 기타,안전운전불이행,건조,맑음,기타 - 기타,승용,남,52세,상해없음,보행자,여,28세,경상
2017080400100363,2017년 8월 4일 14시,금요일,울산광역시 울주군 온산읍,부상신고사고,0,0,0,1,차대차 - 정면충돌,안전거리미확보,건조,맑음,교차로 - 교차로부근,이륜,남,20세,부상신고,승용,남,35세,상해없음
2017080400100412,2017년 8월 4일 15시,금요일,울산광역시 중구 학성동,경상사고,0,0,1,0,차량단독 - 기타,기타,건조,맑음,단일로 - 기타,승합,남,39세,상해없음,,,,
2017080400100448,2017년 8월 4일 16시,금요일,울산광역시 중구 반구동,경상사고,0,0,1,0,차대차 - 후진중충돌,안전운전불이행,건조,맑음,단일로 - 기타,화물,남,63세,상해없음,원동기,남,24세,경상
2017080400100449,2017년 8월 4일 16시,금요일,울산광역시 중구 성안동,경상사고,0,0,1,0,차대차 - 측면충돌,교차로운행방법위반,건조,맑음,교차로 - 교차로안,승용,남,29세,상해없음,승용,여,51세,경상
2017080400100534,2017년 8월 4일 18시,금요일,울산광역시 중구 남외동,경상사고,0,0,1,0,차대사람 - 횡단중,보행자보호의무위반,건조,맑음,교차로 - 교차로횡단보도내,승용,남,42세,상해없음,보행자,남,65세,경상
2017080400100535,2017년 8월 4일 18시,금요일,울산광역시 동구 방어동,경상사고,0,0,1,0,차대차 - 측면충돌,직진우회전진행방해,건조,맑음,교차로 - 교차로안,승용,여,37세,상해없음,이륜,남,37세,경상
2017080400100606,2017년 8월 4일 20시,금요일,울산광역시 울주군 온산읍,중상사고,0,1,1,1,차대차 - 측면충돌,중앙선침범,건조,맑음,단일로 - 기타,이륜,남,17세,경상,이륜,남,33세,중상
2017080400100659,2017년 8월 4일 22시,금요일,울산광역시 울주군 청량면,부상신고사고,0,0,0,1,차대차 - 정면충돌,안전운전불이행,건조,맑음,단일로 - 기타,승용,남,52세,기타불명,승용,남,41세,부상신고
2017080500100057,2017년 8월 5일 03시,토요일,울산광역시 북구 연암동,중상사고,0,1,0,0,차대차 - 측면충돌,안전운전불이행,건조,맑음,단일로 - 기타,승용,남,24세,상해없음,자전거,남,21세,중상
2017080500100058,2017년 8월 5일 03시,토요일,울산광역시 중구 태화동,중상사고,0,1,1,0,차량단독 - 공작물충돌,안전운전불이행,건조,맑음,단일로 - 기타,승용,남,66세,경상,,,,
2017080500100083,2017년 8월 5일 05시,토요일,울산광역시 남구 달동,경상사고,0,0,1,0,차대차 - 추돌,안전운전불이행,건조,맑음,단일로 - 기타,승용,남,31세,상해없음,승용,남,26세,경상
2017080500100135,2017년 8월 5일 08시,토요일,울산광역시 중구 반구동,중상사고,0,1,0,0,차대차 - 측면충돌,안전운전불이행,건조,맑음,교차로 - 교차로부근,승용,남,60세,상해없음,자전거,남,80세,중상
2017080500100136,2017년 8월 5일 08시,토요일,울산광역시 중구 태화동,중상사고,0,1,0,1,차대차 - 측면충돌,안전운전불이행,건조,맑음,단일로 - 기타,승용,남,34세,부상신고,승용,여,55세,중상
2017080500100161,2017년 8월 5일 09시,토요일,울산광역시 울주군 서생면,경상사고,0,0,1,0,차대차 - 측면충돌,안전운전불이행,건조,맑음,단일로 - 기타,자전거,여,36세,경상,승용,남,38세,상해없음
2017080500100198,2017년 8월 5일 10시,토요일,울산광역시 남구 삼산동,중상사고,0,1,0,0,차대사람 - 횡단중,안전운전불이행,건조,맑음,단일로 - 기타,화물,남,52세,상해없음,보행자,남,78세,중상
2017080500100266,2017년 8월 5일 12시,토요일,울산광역시 남구 달동,경상사고,0,0,1,0,차대차 - 기타,직진우회전진행방해,건조,맑음,교차로 - 교차로안,승용,남,37세,상해없음,이륜,남,48세,경상
2017080500100309,2017년 8월 5일 13시,토요일,울산광역시 중구 성남동,경상사고,0,0,2,0,차대차 - 기타,중앙선침범,건조,맑음,단일로 - 기타,승용,남,64세,상해없음,승용,남,37세,경상
2017080500100310,2017년 8월 5일 13시,토요일,울산광역시 중구 옥교동,경상사고,0,0,1,0,차대차 - 기타,안전거리미확보,건조,맑음,교차로 - 교차로부근,승용,남,45세,상해없음,승용,여,58세,상해없음
2017080500100372,2017년 8월 5일 15시,토요일,울산광역시 북구 연암동,경상사고,0,0,1,0,차대차 - 측면충돌,불법유턴,건조,맑음,단일로 - 기타,승용,남,57세,상해없음,승용,남,35세,경상
2017080500100518,2017년 8월 5일 19시,토요일,울산광역시 북구 상안동,경상사고,0,0,1,0,차대차 - 정면충돌,중앙선침범,건조,맑음,단일로 - 기타,원동기,남,18세,경상,승용,남,42세,상해없음
2017080500100575,2017년 8월 5일 21시,토요일,울산광역시 동구 전하동,중상사고,0,1,0,0,차대차 - 측면충돌,차로위반,건조,맑음,교차로 - 교차로부근,이륜,남,16세,상해없음,이륜,남,32세,중상
2017080500100606,2017년 8월 5일 22시,토요일,울산광역시 울주군 상북면,중상사고,0,4,0,0,차대차 - 정면충돌,중앙선침범,건조,맑음,단일로 - 기타,화물,남,77세,상해없음,승용,여,42세,중상
2017080600100028,2017년 8월 6일 00시,일요일,울산광역시 남구 삼산동,경상사고,0,0,1,0,차대차 - 추돌,안전운전불이행,건조,맑음,교차로 - 교차로부근,승용,남,59세,상해없음,승용,남,52세,경상