사고번호,사고일시,요일,시군구,사고내용,사망자수,중상자수,경상자수,부상신고자수,사고유형,법규위반,노면상태,기상상태,도로형태,가해운전자 차종,가해운전자 성별,가해운전자 연령,가해운전자 상해정도,피해운전자 차종,피해운전자 성별,피해운전자 연령,피해운전자 상해정도
2017080600100099,2017년 8월 6일 07시,일요일,울산광역시 북구 신천동,경상사고,0,0,1,0,차대차 - 추돌,안전운전불이행,건조,맑음,교차로 - 교차로부근,승용,남,58세,상해없음,승합,남,57세,경상
2017080600100197,2017년 8월 6일 12시,일요일,울산광역시 동구 일산동,경상사고,0,0,1,0,차대차 - 측면충돌,안전운전불이행,건조,맑음,단일로 - 기타,이륜,남,35세,경상,승용,남,37세,상해없음
2017080600100272,2017년 8월 6일 15시,일요일,울산광역시 동구 방어동,중상사고,0,1,0,0,차대차 - 측면충돌,교차로운행방법위반,건조,맑음,교차로 - 교차로안,화물,남,55세,상해없음,이륜,남,35세,중상
2017080600100310,2017년 8월 6일 16시,일요일,울산광역시 북구 화봉동,부상신고사고,0,0,0,1,차대차 - 측면충돌,교차로운행방법위반,건조,맑음,교차로 - 교차로안,이륜,남,45세,부상신고,승용,여,50세,상해없음
2017080600100363,2017년 8월 6일 18시,일요일,울산광역시 중구 태화동,경상사고,0,0,1,0,차대차 - 정면충돌,안전운전불이행,건조,맑음,교차로 - 교차로안,승용,여,54세,상해없음,원동기,남,38세,경상
2017080600100388,2017년 8월 6일 19시,일요일,울산광역시 중구 약사동,중상사고,0,1,0,0,차대차 - 기타,교차로운행방법위반,건조,맑음,교차로 - 교차로안,승용,남,32세,상해없음,원동기,남,68세,중상
2017080600100389,2017년 8월 6일 19시,일요일,울산광역시 중구 우정동,경상사고,0,0,2,0,차대차 - 측면충돌,차로위반,건조,맑음,단일로 - 기타,승용,남,49세,상해없음,승용,남,26세,경상
2017080600100390,2017년 8월 6일 19시,일요일,울산광역시 남구 선암동,중상사고,0,1,0,0,차대사람 - 횡단중,안전운전불이행,건조,맑음,교차로 - 교차로안,승용,여,47세,상해없음,보행자,여,69세,중상
2017080700100041,2017년 8월 7일 01시,월요일,울산광역시 동구 전하동,사망사고,1,0,0,0,차량단독 - 전도전복 - 전도,안전운전불이행,건조,맑음,단일로 - 기타,이륜,남,15세,상해없음,,,,
2017080700100116,2017년 8월 7일 07시,월요일,울산광역시 울주군 온산읍,경상사고,0,0,1,0,차대차 - 정면충돌,교차로운행방법위반,건조,맑음,교차로 - 교차로안,화물,남,59세,상해없음,승용,여,42세,경상
2017080700100151,2017년 8월 7일 08시,월요일,울산광역시 남구 선암동,경상사고,0,0,1,0,차대차 - 측면충돌,신호위반,건조,맑음,교차로 - 교차로안,승용,남,46세,상해없음,승용,남,57세,경상
2017080700100296,2017년 8월 7일 13시,월요일,울산광역시 중구 동동,경상사고,0,0,2,0,차대차 - 기타,신호위반,건조,맑음,교차로 - 교차로안,승용,여,64세,상해없음,승용,남,56세,경상
2017080700100297,2017년 8월 7일 13시,월요일,울산광역시 남구 달동,경상사고,0,0,1,0,차대차 - 측면충돌,안전운전불이행,건조,맑음,단일로 - 기타,승용,남,53세,상해없음,자전거,남,64세,경상
2017080700100572,2017년 8월 7일 21시,월요일,울산광역시 동구 서부동,경상사고,0,0,3,0,차대차 - 정면충돌,안전운전불이행,건조,맑음,단일로 - 기타,화물,남,42세,상해없음,승용,남,43세,기타불명
2017080700100613,2017년 8월 7일 23시,월요일,울산광역시 중구 남외동,경상사고,0,0,1,0,차대차 - 추돌,안전운전불이행,건조,맑음,단일로 - 기타,승용,남,39세,상해없음,승용,여,33세,경상
2017080800100025,2017년 8월 8일 00시,화요일,울산광역시 중구 학성동,중상사고,0,1,0,0,차대사람 - 횡단중,안전운전불이행,건조,맑음,교차로 - 교차로횡단보도내,승용,남,59세,상해없음,보행자,남,52세,중상
2017080800100026,2017년 8월 8일 00시,화요일,울산광역시 남구 달동,부상신고사고,0,0,0,1,차대사람 - 횡단중,안전운전불이행,건조,맑음,단일로 - 기타,승용,여,47세,상해없음,보행자,남,43세,부상신고
2017080800100068,2017년 8월 8일 06시,화요일,울산광역시 남구 달동,경상사고,0,0,1,0,차대차 - 측면충돌,안전운전불이행,건조,맑음,단일로 - 기타,승용,남,29세,상해없음,승용,남,70세,경상
2017080800100083,2017년 8월 8일 07시,화요일,울산광역시 울주군 웅촌면,경상사고,0,0,1,0,차대사람 - 횡단중,안전운전불이행,건조,맑음,단일로 - 기타,승용,여,57세,상해없음,보행자,남,44세,경상
2017080800100084,2017년 8월 8일 07시,화요일,울산광역시 울주군 온양읍,중상사고,0,1,0,0,차대사람 - 횡단중,보행자보호의무위반,건조,맑음,교차로 - 교차로횡단보도내,승용,여,56세,상해없음,보행자,여,57세,중상
2017080800100150,2017년 8월 8일 09시,화요일,울산광역시 중구 태화동,중상사고,0,1,3,0,차대차 - 측면충돌,안전거리미확보,건조,맑음,단일로 - 기타,승용,여,53세,상해없음,승합,남,45세,상해없음
2017080800100151,2017년 8월 8일 09시,화요일,울산광역시 중구 동동,경상사고,0,0,1,0,차대차 - 추돌,안전운전불이행,건조,맑음,단일로 - 기타,화물,남,52세,상해없음,화물,남,38세,경상
2017080800100152,2017년 8월 8일 09시,화요일,울산광역시 동구 전하동,중상사고,0,1,0,0,차대사람 - 횡단중,안전운전불이행,건조,맑음,교차로 - 교차로안,승용,여,47세,상해없음,보행자,여,33세,중상
2017080800100294,2017년 8월 8일 13시,화요일,울산광역시 울주군 상북면,경상사고,0,0,1,0,차대차 - 정면충돌,안전운전불이행,건조,맑음,단일로 - 기타,화물,남,49세,상해없음,승용,여,64세,경상
2017080800100417,2017년 8월 8일 17시,화요일,울산광역시 동구 전하동,중상사고,0,1,0,0,차대차 - 추돌,안전운전불이행,건조,맑음,교차로 - 교차로부근,이륜,남,34세,상해없음,승용,남,43세,상해없음
2017080800100451,2017년 8월 8일 18시,화요일,울산광역시 중구 남외동,경상사고,0,0,1,0,차대차 - 추돌,안전운전불이행,건조,맑음,단일로 - 기타,기타불명,기타불명,미분류,기타불명,자전거,여,58세,경상
2017080800100452,2017년 8월 8일 18시,화요일,울산광역시 울주군 웅촌면,중상사고,0,2,13,0,차대차 - 측면충돌,신호위반,건조,맑음,교차로 - 교차로안,승합,남,53세,중상,승합,남,53세,상해없음
2017080800100453,2017년 8월 8일 18시,화요일,울산광역시 울주군 삼동면,경상사고,0,0,1,0,차대차 - 정면충돌,중앙선침범,건조,맑음,단일로 - 기타,승용,여,37세,상해없음,승용,남,30세,경상
2017080800100487,2017년 8월 8일 19시,화요일,울산광역시 중구 학성동,부상신고사고,0,0,0,1,차대차 - 기타,불법유턴,건조,맑음,기타 - 기타,자전거,남,54세,부상신고,승용,남,42세,상해없음
2017080800100577,2017년 8월 8일 22시,화요일,울산광역시 동구 전하동,경상사고,0,0,2,0,차대차 - 추돌,안전운전불이행,건조,맑음,단일로 - 기타,승용,여,27세,상해없음,승용,여,44세,경상
2017080900100036,2017년 8월 9일 00시,수요일,울산광역시 중구 성안동,경상사고,0,0,2,0,차대차 - 추돌,안전운전불이행,건조,흐림,단일로 - 기타,승용,남,58세,상해없음,승합,남,44세,경상
2017080900100096,2017년 8월 9일 06시,수요일,울산광역시 울주군 온산읍,경상사고,0,0,1,2,차대차 - 측면충돌,신호위반,건조,맑음,교차로 - 교차로부근,승용,남,53세,상해없음,화물,남,48세,상해없음
2017080900100250,2017년 8월 9일 11시,수요일,울산광역시 동구 전하동,경상사고,0,0,1,0,차량단독 - 기타,안전운전불이행,건조,맑음,단일로 - 기타,승합,남,49세,상해없음,,,,
2017080900100346,2017년 8월 9일 14시,수요일,울산광역시 중구 다운동,중상사고,0,1,0,1,차대차 - 기타,직진우회전진행방해,건조,맑음,교차로 - 교차로안,승용,남,49세,부상신고,승용,남,63세,중상
2017080900100378,2017년 8월 9일 15시,수요일,울산광역시 동구 방어동,경상사고,0,0,2,0,차대차 - 측면충돌,직진우회전진행방해,건조,맑음,교차로 - 교차로안,승용,여,38세,경상,승용,남,54세,경상
2017080900100413,2017년 8월 9일 16시,수요일,울산광역시 중구 다운동,경상사고,0,0,1,0,차대차 - 측면충돌,안전운전불이행,건조,맑음,교차로 - 교차로안,승용,남,50세,상해없음,화물,남,44세,경상
2017080900100414,2017년 8월 9일 16시,수요일,울산광역시 남구 야음동,경상사고,0,0,1,0,차대차 - 측면충돌,안전운전불이행,건조,흐림,단일로 - 기타,승용,여,57세,상해없음,자전거,남,71세,경상
2017080900100484,2017년 8월 9일 18시,수요일,울산광역시 울주군 청량면,경상사고,0,0,1,0,차대차 - 측면충돌,안전거리미확보,건조,맑음,단일로 - 기타,승용,남,37세,상해없음,이륜,남,47세,경상
2017080900100593,2017년 8월 9일 21시,수요일,울산광역시 중구 남외동,중상사고,0,1,0,0,차대차 - 측면충돌,안전거리미확보,건조,맑음,단일로 - 기타,승용,남,30세,상해없음,원동기,남,49세,중상
2017080900100594,2017년 8월 9일 21시,수요일,울산광역시 울주군 언양읍,경상사고,0,0,1,0,차대사람 - 횡단중,안전운전불이행,건조,맑음,주차장 - 주차장,승용,남,57세,상해없음,보행자,남,64세,경상
2017080900100630,2017년 8월 9일 22시,수요일,울산광역시 중구 학성동,경상사고,0,0,1,0,차대사람 - 횡단중,보행자보호의무위반,젖음/습기,비,교차로 - 교차로안,승용,여,42세,상해없음,보행자,남,45세,경상
2017080900100631,2017년 8월 9일 22시,수요일,울산광역시 북구 염포동,중상사고,0,1,1,0,차대차 - 측면충돌,신호위반,젖음/습기,비,교차로 - 교차로안,승용,남,24세,상해없음,승용,남,19세,경상
2017080900100673,2017년 8월 9일 23시,수요일,울산광역시 남구 삼산동,경상사고,0,0,1,0,차대차 - 측면충돌,안전운전불이행,젖음/습기,흐림,교차로 - 교차로부근,기타불명,기타불명,미분류,기타불명,자전거,남,42세,경상
2017080900100674,2017년 8월 9일 23시,수요일,울산광역시 동구 방어동,경상사고,0,0,1,0,차대차 - 측면충돌,직진우회전진행방해,젖음/습기,비,교차로 - 교차로안,이륜,남,34세,경상,승용,남,57세,상해없음
2017080900100675,2017년 8월 9일 23시,수요일,울산광역시 북구 양정동,경상사고,0,0,1,0,차대차 - 기타,안전운전불이행,젖음/습기,비,단일로 - 기타,승용,남,46세,경상,승용,남,30세,상해없음
2017081000100040,2017년 8월 10일 00시,목요일,울산광역시 남구 달동,중상사고,0,1,1,0,차대차 - 측면충돌,안전거리미확보,젖음/습기,비,단일로 - 기타,승용,여,46세,상해없음,승용,여,58세,중상
2017081000100041,2017년 8월 10일 00시,목요일,울산광역시 동구 방어동,중상사고,0,1,0,0,차대사람 - 횡단중,안전운전불이행,젖음/습기,비,교차로 - 교차로안,승용,남,44세,상해없음,보행자,남,23세,중상
2017081000100127,2017년 8월 10일 07시,목요일,울산광역시 울주군 웅촌면,경상사고,0,0,1,0,차대차 - 추돌,안전거리미확보,건조,맑음,단일로 - 기타,승용,남,37세,상해없음,승용,여,37세,경상
2017081000100210,2017년 8월 10일 09시,목요일,울산광역시 울주군 웅촌면,부상신고사고,0,0,0,1,차대사람 - 횡단중,안전운전불이행,건조,맑음,단일로 - 기타,화물,남,23세,상해없음,보행자,남,36세,부상신고
2017081000100241,2017년 8월 10일 10시,목요일,울산광역시 중구 태화동,경상사고,0,0,1,1,차대차 - 측면충돌,안전거리미확보,건조,맑음,단일로 - 기타,승용,여,58세,부상신고,승용,여,52세,경상
2017081000100262,2017년 8월 10일 11시,목요일,울산광역시 남구 상개동,경상사고,0,0,1,0,차대사람 - 기타,안전운전불이행,기타,기타,단일로 - 기타,승용,남,39세,상해없음,보행자,남,55세,경상
2017081000100263,2017년 8월 10일 11시,목요일,울산광역시 남구 신정동,중상사고,0,1,0,0,차대사람 - 기타,안전운전불이행,기타,기타,단일로 - 기타,자전거,남,17세,상해없음,보행자,남,50세,중상
2017081000100298,2017년 8월 10일 12시,목요일,울산광역시 북구 천곡동,경상사고,0,0,1,0,차대사람 - 기타,안전운전불이행,건조,맑음,교차로 - 교차로횡단보도내,승용,여,59세,상해없음,보행자,남,11세,경상
2017081000100392,2017년 8월 10일 15시,목요일,울산광역시 북구 진장동,중상사고,0,1,1,0,차대차 - 측면충돌,안전거리미확보,젖음/습기,비,단일로 - 기타,이륜,여,65세,중상,승용,남,30세,경상
2017081000100436,2017년 8월 10일 16시,목요일,울산광역시 남구 신정동,중상사고,0,1,0,0,차대차 - 추돌,안전운전불이행,젖음/습기,비,단일로 - 기타,승용,남,59세,상해없음,승용,여,58세,중상
2017081000100437,2017년 8월 10일 16시,목요일,울산광역시 남구 용연동,중상사고,0,1,1,0,차대차 - 측면충돌,교차로운행방법위반,젖음/습기,비,교차로 - 교차로안,화물,남,35세,중상,특수,남,61세,경상
2017081000100438,2017년 8월 10일 16시,목요일,울산광역시 북구 산하동,중상사고,0,1,0,0,차대사람 - 횡단중,안전운전불이행,젖음/습기,비,교차로 - 교차로안,승용,여,32세,상해없음,보행자,여,54세,중상
2017081000100480,2017년 8월 10일 17시,목요일,울산광역시 중구 옥교동,경상사고,0,0,1,0,차대차 - 측면충돌,안전운전불이행,젖음/습기,비,단일로 - 기타,이륜,남,33세,상해없음,이륜,남,25세,경상
2017081000100513,2017년 8월 10일 18시,목요일,울산광역시 울주군 언양읍,경상사고,0,0,1,0,차대차 - 측면충돌,안전운전불이행,젖음/습기,비,교차로 - 교차로부근,승합,남,71세,상해없음,화물,남,49세,경상
2017081000100611,2017년 8월 10일 21시,목요일,울산광역시 북구 양정동,경상사고,0,0,1,0,차대차 - 기타,안전거리미확보,건조,맑음,교차로 - 교차로부근,화물,남,49세,상해없음,승용,여,28세,경상
2017081000100612,2017년 8월 10일 21시,목요일,울산광역시 중구 태화동,경상사고,0,0,2,0,차대차 - 측면충돌,안전거리미확보,건조,맑음,단일로 - 기타,승용,남,26세,상해없음,승용,여,62세,경상
2017081000100613,2017년 8월 10일 21시,목요일,울산광역시 남구 야음동,경상사고,0,0,1,0,차대차 - 측면충돌,안전거리미확보,건조,맑음,교차로 - 교차로안,승합,남,42세,상해없음,승용,여,42세,경상
2017081000100650,2017년 8월 10일 22시,목요일,울산광역시 중구 다운동,중상사고,0,1,1,0,차대차 - 측면충돌,교차로운행방법위반,건조,맑음,교차로 - 교차로안,승용,남,65세,상해없음,승합,남,65세,경상
2017081000100687,2017년 8월 10일 23시,목요일,울산광역시 북구 호계동,중상사고,0,2,2,0,차대차 - 측면충돌,신호위반,건조,맑음,교차로 - 교차로안,승용,남,54세,중상,승용,남,25세,경상
2017081100100091,2017년 8월 11일 05시,금요일,울산광역시 북구 진장동,경상사고,0,0,1,0,차대사람 - 기타,안전운전불이행,건조,맑음,단일로 - 기타,승용,남,39세,상해없음,보행자,남,40세,경상
2017081100100120,2017년 8월 11일 07시,금요일,울산광역시 중구 서동,경상사고,0,0,3,0,차대차 - 추돌,안전운전불이행,건조,맑음,단일로 - 기타,화물,여,54세,경상,승용,남,66세,경상
2017081100100121,2017년 8월 11일 07시,금요일,울산광역시 울주군 온산읍,경상사고,0,0,1,0,차대차 - 측면충돌,안전운전불이행,건조,맑음,교차로 - 교차로안,승용,남,37세,상해없음,승용,남,43세,경상
2017081100100321,2017년 8월 11일 13시,금요일,울산광역시 남구 신정동,경상사고,0,0,1,0,차대차 - 측면충돌,안전거리미확보,건조,맑음,교차로 - 교차로안,특수,남,64세,상해없음,승용,여,62세,경상
2017081100100370,2017년 8월 11일 14시,금요일,울산광역시 울주군 청량면,경상사고,0,0,1,0,차대사람 - 횡단중,안전운전불이행,건조,맑음,단일로 - 기타,승용,여,47세,상해없음,보행자,여,65세,경상
2017081100100460,2017년 8월 11일 16시,금요일,울산광역시 북구 연암동,경상사고,0,0,1,0,차대차 - 측면충돌,교차로운행방법위반,건조,맑음,교차로 - 교차로안,화물,남,52세,상해없음,승용,남,59세,경상
2017081100100461,2017년 8월 11일 16시,금요일,울산광역시 울주군 온산읍,중상사고,0,1,0,0,차대차 - 측면충돌,중앙선침범,건조,맑음,단일로 - 기타,승용,남,67세,상해없음,이륜,남,30세,중상
2017081100100500,2017년 8월 11일 17시,금요일,울산광역시 중구 서동,경상사고,0,0,2,0,차대차 - 추돌,안전거리미확보,건조,맑음,단일로 - 기타,승용,남,52세,상해없음,승용,남,44세,경상
2017081100100501,2017년 8월 11일 17시,금요일,울산광역시 중구 반구동,경상사고,0,0,3,0,차대차 - 기타,신호위반,건조,맑음,단일로 - 기타,화물,남,68세,상해없음,승합,남,29세,경상
2017081100100502,2017년 8월 11일 17시,금요일,울산광역시 중구 남외동,경상사고,0,0,1,0,차대차 - 측면충돌,중앙선침범,건조,맑음,단일로 - 기타,승용,여,34세,상해없음,이륜,남,36세,경상
2017081100100693,2017년 8월 11일 22시,금요일,울산광역시 남구 달동,경상사고,0,0,1,0,차대사람 - 기타,안전운전불이행,건조,맑음,교차로 - 교차로부근,승용,남,24세,상해없음,보행자,여,26세,경상
2017081100100723,2017년 8월 11일 23시,금요일,울산광역시 중구 남외동,경상사고,0,0,1,0,차대차 - 측면충돌,안전운전불이행,건조,맑음,교차로 - 교차로안,원동기,남,25세,경상,승용,여,49세,상해없음
2017081100100724,2017년 8월 11일 23시,금요일,울산광역시 동구 일산동,경상사고,0,0,2,0,차대차 - 정면충돌,안전운전불이행,건조,맑음,교차로 - 교차로안,승용,남,37세,상해없음,승용,여,33세,경상
2017081200100131,2017년 8월 12일 06시,토요일,울산광역시 북구 매곡동,중상사고,0,1,0,0,차대차 - 측면충돌,차로위반,건조,맑음,단일로 - 기타,승용,남,27세,상해없음,승용,남,35세,중상
2017081200100231,2017년 8월 12일 10시,토요일,울산광역시 중구 반구동,중상사고,0,1,0,0,차대차 - 측면충돌,안전운전불이행,건조,맑음,교차로 - 교차로부근,승용,남,77세,상해없음,자전거,남,14세,중상
2017081200100263,2017년 8월 12일 11시,토요일,울산광역시 남구 무거동,경상사고,0,0,1,0,차량단독 - 기타,안전운전불이행,건조,흐림,교차로 - 교차로부근,승합,남,49세,상해없음,,,,
2017081200100296,2017년 8월 12일 12시,토요일,울산광역시 울주군 언양읍,경상사고,0,0,3,0,차대차 - 추돌,안전거리미확보,건조,맑음,교차로 - 교차로안,건설기계,남,50세,상해없음,승용,여,46세,경상
2017081200100335,2017년 8월 12일 13시,토요일,울산광역시 중구 태화동,경상사고,0,0,1,0,차대차 - 추돌,안전운전불이행,건조,맑음,교차로 - 교차로부근,승용,여,41세,상해없음,승용,남,41세,경상
2017081200100360,2017년 8월 12일 14시,토요일,울산광역시 북구 신천동,경상사고,0,0,1,1,차대차 - 측면충돌,중앙선침범,건조,맑음,단일로 - 기타,원동기,남,34세,부상신고,승용,남,49세,경상
2017081200100361,2017년 8월 12일 14시,토요일,울산광역시 중구 복산동,중상사고,0,1,0,0,차량단독 - 공작물충돌,안전운전불이행,건조,맑음,단일로 - 기타,화물,남,77세,중상,,,,
2017081200100413,2017년 8월 12일 16시,토요일,울산광역시 중구 태화동,중상사고,0,1,0,0,차대사람 - 차도통행중,안전운전불이행,건조,맑음,단일로 - 기타,승용,남,59세,상해없음,보행자,여,70세,중상
2017081200100476,2017년 8월 12일 18시,토요일,울산광역시 울주군 범서읍,중상사고,0,3,4,0,차대차 - 정면충돌,직진우회전진행방해,건조,맑음,교차로 - 교차로안,승용,남,55세,중상,승합,남,62세,경상
2017081200100501,2017년 8월 12일 19시,토요일,울산광역시 동구 전하동,중상사고,0,1,0,0,차대사람 - 길가장자리구역통행중,안전운전불이행,건조,맑음,단일로 - 기타,승용,여,58세,상해없음,보행자,남,69세,중상
2017081200100502,2017년 8월 12일 19시,토요일,울산광역시 울주군 청량면,경상사고,0,0,1,0,차대차 - 정면충돌,안전거리미확보,건조,맑음,단일로 - 기타,화물,남,66세,상해없음,승용,남,42세,경상
2017081200100531,2017년 8월 12일 20시,토요일,울산광역시 울주군 범서읍,경상사고,0,0,1,0,차대차 - 측면충돌,안전운전불이행,건조,맑음,교차로 - 교차로부근,승용,여,26세,상해없음,자전거,남,37세,경상
2017081200100580,2017년 8월 12일 22시,토요일,울산광역시 중구 유곡동,경상사고,0,0,1,0,차대차 - 측면충돌,교차로운행방법위반,건조,맑음,교차로 - 교차로안,승용,여,41세,상해없음,승용,여,43세,경상
2017081300100040,2017년 8월 13일 01시,일요일,울산광역시 울주군 범서읍,중상사고,0,1,1,0,차량단독 - 전도전복,안전운전불이행,건조,맑음,교차로 - 교차로부근,승용,남,60세,상해없음,미분류,미분류,미분류,미분류
2017081300100055,2017년 8월 13일 02시,일요일,울산광역시 남구 달동,중상사고,0,2,0,0,차대차 - 기타,교차로운행방법위반,건조,맑음,교차로 - 교차로안,기타불명,기타불명,미분류,기타불명,승용,남,43세,상해없음
2017081300100093,2017년 8월 13일 06시,일요일,울산광역시 중구 반구동,경상사고,0,0,1,0,차대차 - 기타,신호위반,건조,맑음,교차로 - 교차로부근,이륜,남,25세,경상,승용,남,61세,상해없음
2017081300100152,2017년 8월 13일 10시,일요일,울산광역시 동구 화정동,중상사고,0,1,5,0,차대차 - 정면충돌,중앙선침범,건조,맑음,단일로 - 터널,승용,남,69세,상해없음,승용,여,51세,경상
2017081300100312,2017년 8월 13일 17시,일요일,울산광역시 동구 전하동,경상사고,0,0,1,0,차대차 - 정면충돌,신호위반,건조,흐림,교차로 - 교차로안,승용,남,39세,상해없음,승용,남,29세,경상
2017081300100337,2017년 8월 13일 18시,일요일,울산광역시 중구 학성동,경상사고,0,0,1,0,차대차 - 추돌,안전운전불이행,건조,맑음,단일로 - 기타,승용,남,68세,경상,승용,여,48세,기타불명
2017081300100395,2017년 8월 13일 20시,일요일,울산광역시 남구 신정동,경상사고,0,0,1,0,차대차 - 측면충돌,교차로운행방법위반,건조,맑음,교차로 - 교차로안,이륜,남,50세,경상,승용,여,37세,상해없음
2017081300100396,2017년 8월 13일 20시,일요일,울산광역시 남구 삼산동,중상사고,0,1,0,0,차대사람 - 횡단중,보행자보호의무위반,건조,맑음,교차로 - 교차로횡단보도내,승용,여,23세,상해없음,보행자,남,8세,중상
2017081300100397,2017년 8월 13일 20시,일요일,울산광역시 북구 염포동,중상사고,0,1,4,0,차대차 - 측면충돌,신호위반,건조,맑음,교차로 - 교차로안,승용,남,48세,상해없음,화물,남,37세,중상
2017081300100398,2017년 8월 13일 20시,일요일,울산광역시 울주군 삼남면,경상사고,0,0,1,0,차대차 - 측면충돌,직진우회전진행방해,건조,맑음,교차로 - 교차로안,승용,남,19세,경상,기타불명,기타불명,미분류,기타불명
2017081300100426,2017년 8월 13일 21시,일요일,울산광역시 남구 옥동,경상사고,0,0,2,0,차대사람 - 횡단중,보행자보호의무위반,젖음/습기,흐림,기타 - 기타,이륜,남,55세,경상,보행자,남,26세,경상
2017081400100034,2017년 8월 14일 00시,월요일,울산광역시 남구 야음동,중상사고,0,2,1,0,차대사람 - 횡단중,안전운전불이행,건조,맑음,단일로 - 기타,승용,남,67세,상해없음,보행자,남,44세,중상
2017081400100048,2017년 8월 14일 01시,월요일,울산광역시 중구 서동,경상사고,0,0,1,0,차대사람 - 횡단중,안전운전불이행,건조,맑음,단일로 - 기타,원동기,남,47세,상해없음,보행자,남,33세,경상
2017081400100249,2017년 8월 14일 11시,월요일,울산광역시 남구 신정동,경상사고,0,0,1,0,차대차 - 정면충돌,중앙선침범,젖음/습기,비,교차로 - 교차로부근,화물,남,52세,상해없음,화물,남,35세,경상
2017081400100338,2017년 8월 14일 13시,월요일,울산광역시 중구 장현동,경상사고,0,0,1,0,차대차 - 기타,교차로운행방법위반,젖음/습기,비,교차로 - 교차로안,승용,여,36세,상해없음,승용,남,27세,경상
2017081400100339,2017년 8월 14일 13시,월요일,울산광역시 중구 우정동,경상사고,0,0,1,0,차대차 - 측면충돌,교차로운행방법위반,건조,맑음,교차로 - 교차로안,승합,남,54세,상해없음,승용,남,31세,경상
2017081400100340,2017년 8월 14일 13시,월요일,울산광역시 북구 양정동,경상사고,0,0,1,0,차대차 - 측면충돌,신호위반,젖음/습기,비,교차로 - 교차로부근,화물,남,61세,상해없음,승용,여,58세,경상
2017081400100384,2017년 8월 14일 14시,월요일,울산광역시 북구 양정동,경상사고,0,0,2,0,차대차 - 추돌,안전운전불이행,젖음/습기,비,교차로 - 교차로횡단보도내,승용,남,32세,상해없음,승용,남,41세,경상
2017081400100421,2017년 8월 14일 15시,월요일,울산광역시 북구 매곡동,중상사고,0,1,0,0,차대사람 - 횡단중,보행자보호의무위반,젖음/습기,비,교차로 - 교차로횡단보도내,승용,여,53세,상해없음,보행자,여,16세,중상
2017081400100422,2017년 8월 14일 15시,월요일,울산광역시 남구 달동,경상사고,0,0,2,0,차대차 - 측면충돌,신호위반,젖음/습기,비,교차로 - 교차로안,승용,남,52세,상해없음,승용,남,65세,경상
2017081400100454,2017년 8월 14일 16시,월요일,울산광역시 중구 성안동,부상신고사고,0,0,0,1,차대차 - 기타,안전운전불이행,건조,맑음,단일로 - 기타,화물,남,47세,부상신고,승용,남,55세,기타불명
2017081400100455,2017년 8월 14일 16시,월요일,울산광역시 남구 신정동,경상사고,0,0,2,0,차대차 - 추돌,안전거리미확보,젖음/습기,비,단일로 - 기타,승용,남,70세,상해없음,승용,여,40세,경상
2017081400100495,2017년 8월 14일 17시,월요일,울산광역시 남구 삼산동,경상사고,0,0,1,0,차대차 - 추돌,안전운전불이행,건조,맑음,단일로 - 기타,승용,여,34세,상해없음,승용,여,28세,경상
2017081400100496,2017년 8월 14일 17시,월요일,울산광역시 남구 달동,경상사고,0,0,1,0,차대차 - 측면충돌,안전운전불이행,건조,맑음,교차로 - 교차로부근,승용,여,53세,상해없음,승용,여,47세,경상
2017081400100538,2017년 8월 14일 18시,월요일,울산광역시 울주군 청량면,부상신고사고,0,0,0,1,차대차 - 측면충돌,안전거리미확보,젖음/습기,맑음,단일로 - 기타,승합,남,65세,상해없음,승합,남,60세,상해없음
2017081400100578,2017년 8월 14일 19시,월요일,울산광역시 북구 상안동,중상사고,0,1,0,0,차대사람 - 기타,안전운전불이행,건조,맑음,단일로 - 기타,승용,남,43세,상해없음,보행자,남,12세,중상
2017081500100119,2017년 8월 15일 05시,화요일,울산광역시 북구 연암동,경상사고,0,0,1,0,차대차 - 추돌,안전운전불이행,젖음/습기,비,단일로 - 기타,승용,남,29세,상해없음,승용,남,28세,경상
2017081500100131,2017년 8월 15일 06시,화요일,울산광역시 남구 고사동,경상사고,0,0,1,0,차대차 - 추돌,안전운전불이행,젖음/습기,맑음,교차로 - 교차로부근,승용,남,45세,상해없음,승용,여,40세,경상
2017081500100153,2017년 8월 15일 08시,화요일,울산광역시 중구 태화동,경상사고,0,0,1,0,차대차 - 측면충돌,안전거리미확보,건조,맑음,단일로 - 기타,승합,남,54세,상해없음,이륜,남,43세,경상
2017081500100237,2017년 8월 15일 13시,화요일,울산광역시 동구 전하동,경상사고,0,0,1,0,차대사람 - 횡단중,안전운전불이행,건조,흐림,교차로 - 교차로안,승용,남,26세,상해없음,보행자,여,17세,경상
2017081500100269,2017년 8월 15일 14시,화요일,울산광역시 남구 달동,경상사고,0,0,1,0,차대차 - 측면충돌,교차로운행방법위반,젖음/습기,비,교차로 - 교차로안,승용,남,68세,상해없음,승용,남,65세,경상
2017081500100270,2017년 8월 15일 14시,화요일,울산광역시 울주군 청량면,경상사고,0,0,2,0,차대차 - 측면충돌,안전운전불이행,건조,맑음,단일로 - 기타,승용,여,34세,상해없음,화물,남,69세,경상