사고번호,사고일시,요일,시군구,사고내용,사망자수,중상자수,경상자수,부상신고자수,사고유형,법규위반,노면상태,기상상태,도로형태,가해운전자 차종,가해운전자 성별,가해운전자 연령,가해운전자 상해정도,피해운전자 차종,피해운전자 성별,피해운전자 연령,피해운전자 상해정도
2017091700100082,2017년 9월 17일 06시,일요일,울산광역시 중구 학성동,경상사고,0,0,1,0,차대차 - 측면충돌,신호위반,젖음/습기,비,교차로 - 교차로안,화물,남,51세,상해없음,승용,남,68세,상해없음
2017091700100128,2017년 9월 17일 09시,일요일,울산광역시 중구 태화동,경상사고,0,0,2,0,차대차 - 추돌,안전운전불이행,젖음/습기,비,단일로 - 기타,승용,남,24세,상해없음,승용,남,72세,경상
2017091700100180,2017년 9월 17일 11시,일요일,울산광역시 남구 신정동,경상사고,0,0,2,0,차대차 - 정면충돌,중앙선침범,젖음/습기,비,단일로 - 기타,승합,남,49세,상해없음,승용,남,56세,상해없음
2017091700100240,2017년 9월 17일 13시,일요일,울산광역시 북구 산하동,경상사고,0,0,1,0,차대차 - 측면충돌,직진우회전진행방해,젖음/습기,비,교차로 - 교차로안,승용,남,44세,상해없음,승용,남,34세,경상
2017091700100241,2017년 9월 17일 13시,일요일,울산광역시 울주군 범서읍,중상사고,0,4,2,0,차대차 - 측면충돌,중앙선침범,젖음/습기,비,단일로 - 기타,화물,남,54세,경상,승용,남,37세,중상
2017091700100304,2017년 9월 17일 15시,일요일,울산광역시 남구 신정동,경상사고,0,0,2,0,차대차 - 추돌,안전운전불이행,젖음/습기,비,교차로 - 교차로안,승용,남,44세,상해없음,승용,남,30세,경상
2017091700100305,2017년 9월 17일 15시,일요일,울산광역시 남구 신정동,중상사고,0,2,0,0,차대차 - 기타,중앙선침범,젖음/습기,비,단일로 - 기타,승용,남,52세,상해없음,승용,남,61세,중상
2017091700100306,2017년 9월 17일 15시,일요일,울산광역시 울주군 온산읍,경상사고,0,0,2,0,차대차 - 측면충돌,차로위반,젖음/습기,비,단일로 - 기타,화물,남,34세,상해없음,승용,남,47세,경상
2017091700100342,2017년 9월 17일 16시,일요일,울산광역시 북구 화봉동,경상사고,0,0,1,0,차대차 - 측면충돌,안전운전불이행,젖음/습기,비,교차로 - 교차로안,화물,남,65세,경상,화물,남,51세,상해없음
2017091700100343,2017년 9월 17일 16시,일요일,울산광역시 울주군 웅촌면,경상사고,0,0,1,4,차대차 - 추돌,안전거리미확보,건조,맑음,교차로 - 교차로부근,화물,여,62세,상해없음,승용,남,50세,부상신고
2017091700100444,2017년 9월 17일 19시,일요일,울산광역시 중구 서동,경상사고,0,0,2,0,차대차 - 측면충돌,안전거리미확보,건조,맑음,교차로 - 교차로안,승용,여,39세,경상,승용,남,23세,경상
2017091700100475,2017년 9월 17일 20시,일요일,울산광역시 남구 선암동,중상사고,0,1,1,0,차대차 - 후진중충돌,안전운전불이행,건조,맑음,교차로 - 교차로부근,승용,남,28세,상해없음,승용,남,32세,중상
2017091700100502,2017년 9월 17일 21시,일요일,울산광역시 북구 중산동,중상사고,0,1,0,0,차대차 - 측면충돌,신호위반,젖음/습기,흐림,교차로 - 교차로안,이륜,남,42세,중상,승용,여,51세,상해없음
2017091700100538,2017년 9월 17일 23시,일요일,울산광역시 중구 복산동,부상신고사고,0,0,0,1,차대차 - 측면충돌,안전운전불이행,건조,맑음,단일로 - 기타,승용,여,49세,부상신고,승용,남,59세,기타불명
2017091700100539,2017년 9월 17일 23시,일요일,울산광역시 북구 신천동,경상사고,0,0,1,0,차대차 - 추돌,안전운전불이행,젖음/습기,비,교차로 - 교차로부근,화물,남,51세,상해없음,승용,여,37세,경상
2017091800100046,2017년 9월 18일 02시,월요일,울산광역시 남구 삼산동,경상사고,0,0,1,0,차대사람 - 기타,안전운전불이행,건조,맑음,기타 - 기타,승용,남,21세,상해없음,보행자,남,23세,경상
2017091800100067,2017년 9월 18일 06시,월요일,울산광역시 울주군 청량면,경상사고,0,0,1,0,차대차 - 측면충돌,안전운전불이행,건조,맑음,단일로 - 기타,특수,남,62세,상해없음,화물,남,62세,경상
2017091800100108,2017년 9월 18일 07시,월요일,울산광역시 중구 복산동,경상사고,0,0,1,0,차대차 - 측면충돌,교차로운행방법위반,건조,맑음,교차로 - 교차로안,승용,여,43세,상해없음,승용,여,43세,경상
2017091800100109,2017년 9월 18일 07시,월요일,울산광역시 남구 선암동,경상사고,0,0,1,0,차대차 - 측면충돌,기타,건조,맑음,교차로 - 교차로안,승용,남,63세,기타불명,승용,남,51세,경상
2017091800100161,2017년 9월 18일 08시,월요일,울산광역시 남구 신정동,경상사고,0,0,2,0,차대차 - 추돌,안전거리미확보,건조,맑음,교차로 - 교차로안,승용,남,33세,경상,승용,여,62세,경상
2017091800100214,2017년 9월 18일 09시,월요일,울산광역시 울주군 온양읍,중상사고,0,2,2,0,차대차 - 추돌,안전운전불이행,건조,맑음,교차로 - 교차로안,화물,남,56세,경상,승용,여,54세,기타불명
2017091800100246,2017년 9월 18일 10시,월요일,울산광역시 남구 달동,중상사고,0,1,0,0,차대사람 - 횡단중,안전운전불이행,건조,맑음,교차로 - 교차로횡단보도내,화물,남,46세,상해없음,보행자,여,47세,중상
2017091800100289,2017년 9월 18일 11시,월요일,울산광역시 남구 여천동,중상사고,0,1,9,0,차대차 - 측면충돌,안전거리미확보,건조,맑음,단일로 - 기타,승용,남,69세,상해없음,승합,남,53세,상해없음
2017091800100290,2017년 9월 18일 11시,월요일,울산광역시 동구 동부동,중상사고,0,1,0,0,차대차 - 측면충돌,신호위반,건조,맑음,교차로 - 교차로안,승용,남,35세,상해없음,이륜,남,34세,중상
2017091800100322,2017년 9월 18일 12시,월요일,울산광역시 울주군 언양읍,사망사고,1,0,0,0,차대차 - 추돌,안전운전불이행,건조,맑음,교차로 - 교차로부근,화물,남,51세,사망,화물,남,43세,상해없음
2017091800100388,2017년 9월 18일 14시,월요일,울산광역시 남구 삼산동,경상사고,0,0,1,0,차대사람 - 보도통행중,안전운전불이행,건조,맑음,교차로 - 교차로횡단보도내,화물,남,56세,상해없음,보행자,여,37세,경상
2017091800100434,2017년 9월 18일 15시,월요일,울산광역시 울주군 청량면,경상사고,0,0,2,0,차대차 - 추돌,중앙선침범,건조,맑음,교차로 - 교차로부근,건설기계,남,61세,상해없음,승용,여,26세,경상
2017091800100533,2017년 9월 18일 17시,월요일,울산광역시 울주군 온산읍,경상사고,0,0,2,0,차대차 - 측면충돌,안전운전불이행,건조,맑음,교차로 - 교차로안,이륜,남,15세,경상,승용,남,31세,경상
2017091800100630,2017년 9월 18일 19시,월요일,울산광역시 중구 북정동,중상사고,0,1,2,0,차대차 - 추돌,안전운전불이행,건조,맑음,단일로 - 기타,승용,남,45세,상해없음,승용,남,50세,중상
2017091800100631,2017년 9월 18일 19시,월요일,울산광역시 울주군 범서읍,중상사고,0,1,0,0,차대사람 - 기타,보행자보호의무위반,건조,맑음,단일로 - 기타,승용,남,67세,상해없음,보행자,여,84세,중상
2017091800100742,2017년 9월 18일 23시,월요일,울산광역시 중구 교동,경상사고,0,0,2,0,차대차 - 추돌,안전거리미확보,건조,맑음,단일로 - 기타,승용,남,50세,상해없음,승용,여,31세,경상
2017091900100168,2017년 9월 19일 08시,화요일,울산광역시 울주군 청량면,중상사고,0,2,1,0,차대차 - 측면충돌,안전운전불이행,건조,맑음,교차로 - 교차로안,승용,남,62세,상해없음,승용,여,48세,중상
2017091900100352,2017년 9월 19일 15시,화요일,울산광역시 중구 다운동,경상사고,0,0,1,0,차대사람 - 차도통행중,안전운전불이행,건조,맑음,교차로 - 교차로안,승용,여,58세,상해없음,보행자,남,55세,경상
2017091900100383,2017년 9월 19일 16시,화요일,울산광역시 남구 신정동,중상사고,0,1,0,0,차대사람 - 기타,안전운전불이행,건조,맑음,교차로 - 교차로안,승용,남,39세,상해없음,보행자,여,76세,중상
2017091900100419,2017년 9월 19일 17시,화요일,울산광역시 중구 태화동,중상사고,0,1,0,0,차대사람 - 기타,안전운전불이행,건조,맑음,교차로 - 교차로안,화물,남,58세,상해없음,보행자,남,79세,중상
2017091900100420,2017년 9월 19일 17시,화요일,울산광역시 남구 무거동,중상사고,0,1,0,0,차대차 - 측면충돌,교차로운행방법위반,건조,맑음,교차로 - 교차로안,승용,남,65세,상해없음,이륜,남,48세,중상
2017091900100597,2017년 9월 19일 22시,화요일,울산광역시 중구 태화동,경상사고,0,0,1,0,차대차 - 측면충돌,안전운전불이행,건조,맑음,교차로 - 교차로안,승용,남,57세,상해없음,승용,남,26세,상해없음
2017092000100134,2017년 9월 20일 07시,수요일,울산광역시 중구 다운동,중상사고,0,1,0,0,차대차 - 기타,안전거리미확보,건조,맑음,단일로 - 기타,이륜,남,17세,중상,화물,남,63세,기타불명
2017092000100135,2017년 9월 20일 07시,수요일,울산광역시 동구 서부동,경상사고,0,0,2,0,차대차 - 추돌,안전운전불이행,건조,맑음,교차로 - 교차로부근,특수,남,48세,상해없음,이륜,남,34세,경상
2017092000100362,2017년 9월 20일 13시,수요일,울산광역시 남구 삼산동,부상신고사고,0,0,0,1,차대차 - 기타,안전운전불이행,건조,맑음,교차로 - 교차로부근,화물,남,47세,상해없음,이륜,남,36세,부상신고
2017092000100428,2017년 9월 20일 15시,수요일,울산광역시 북구 중산동,중상사고,0,1,0,0,차대사람 - 기타,안전운전불이행,건조,맑음,기타 - 기타,승용,남,48세,상해없음,보행자,남,56세,중상
2017092000100429,2017년 9월 20일 15시,수요일,울산광역시 울주군 언양읍,중상사고,0,1,0,0,차대차 - 측면충돌,안전거리미확보,건조,맑음,단일로 - 기타,건설기계,남,46세,상해없음,승용,여,51세,중상
2017092000100528,2017년 9월 20일 17시,수요일,울산광역시 남구 무거동,경상사고,0,0,1,0,차대차 - 측면충돌,중앙선침범,건조,맑음,교차로 - 교차로부근,승용,남,57세,상해없음,승용,남,47세,경상
2017092100100116,2017년 9월 21일 07시,목요일,울산광역시 중구 남외동,부상신고사고,0,0,0,1,차대차 - 측면충돌,신호위반,건조,맑음,교차로 - 교차로안,자전거,남,67세,부상신고,승용,여,28세,상해없음
2017092100100117,2017년 9월 21일 07시,목요일,울산광역시 동구 전하동,경상사고,0,0,1,0,차대차 - 측면충돌,안전운전불이행,건조,맑음,교차로 - 교차로안,승용,남,57세,상해없음,원동기,남,35세,경상
2017092100100171,2017년 9월 21일 08시,목요일,울산광역시 중구 태화동,중상사고,0,1,0,0,차대차 - 측면충돌,차로위반,건조,맑음,단일로 - 기타,승용,여,52세,중상,건설기계,남,53세,상해없음
2017092100100244,2017년 9월 21일 10시,목요일,울산광역시 남구 옥동,경상사고,0,0,1,0,차대차 - 추돌,안전운전불이행,건조,맑음,교차로 - 교차로부근,승용,남,62세,기타불명,승용,여,52세,경상
2017092100100277,2017년 9월 21일 11시,목요일,울산광역시 북구 호계동,중상사고,0,1,0,0,차대차 - 측면충돌,안전운전불이행,건조,맑음,교차로 - 교차로횡단보도내,승용,여,47세,상해없음,자전거,남,81세,중상
2017092100100307,2017년 9월 21일 12시,목요일,울산광역시 남구 삼산동,경상사고,0,0,1,0,차대차 - 기타,안전운전불이행,건조,맑음,교차로 - 교차로안,승용,여,40세,상해없음,승용,여,51세,경상
2017092100100343,2017년 9월 21일 13시,목요일,울산광역시 남구 옥동,경상사고,0,0,1,0,차대차 - 측면충돌,중앙선침범,건조,맑음,단일로 - 기타,화물,남,36세,상해없음,이륜,남,24세,경상
2017092100100392,2017년 9월 21일 14시,목요일,울산광역시 중구 태화동,경상사고,0,0,1,0,차대차 - 측면충돌,안전운전불이행,건조,맑음,단일로 - 기타,승용,여,52세,상해없음,자전거,여,55세,경상
2017092100100514,2017년 9월 21일 17시,목요일,울산광역시 중구 복산동,중상사고,0,1,0,0,차대차 - 측면충돌,안전운전불이행,건조,맑음,교차로 - 교차로횡단보도내,승용,여,50세,상해없음,자전거,남,10세,중상
2017092100100566,2017년 9월 21일 18시,목요일,울산광역시 남구 삼산동,경상사고,0,0,1,0,차대사람 - 차도통행중,안전운전불이행,건조,맑음,교차로 - 교차로부근,승용,남,33세,상해없음,보행자,여,28세,경상
2017092100100643,2017년 9월 21일 20시,목요일,울산광역시 남구 무거동,중상사고,0,1,0,0,차대사람 - 횡단중,보행자보호의무위반,건조,맑음,교차로 - 교차로횡단보도내,승용,남,32세,상해없음,보행자,남,45세,중상
2017092100100644,2017년 9월 21일 20시,목요일,울산광역시 남구 무거동,경상사고,0,0,1,0,차대차 - 측면충돌,안전운전불이행,건조,맑음,단일로 - 기타,승용,남,50세,상해없음,승용,남,46세,경상
2017092100100672,2017년 9월 21일 21시,목요일,울산광역시 동구 동부동,중상사고,0,1,0,0,차대차 - 정면충돌,안전운전불이행,건조,맑음,단일로 - 기타,이륜,남,48세,상해없음,이륜,남,36세,중상
2017092200100107,2017년 9월 22일 05시,금요일,울산광역시 남구 두왕동,경상사고,0,0,1,0,차대차 - 기타,안전거리미확보,건조,맑음,교차로 - 교차로부근,승용,남,56세,상해없음,이륜,남,62세,경상
2017092200100193,2017년 9월 22일 08시,금요일,울산광역시 남구 달동,경상사고,0,0,1,0,차대사람 - 보도통행중,기타,건조,맑음,기타 - 기타,화물,남,52세,상해없음,보행자,남,75세,경상
2017092200100260,2017년 9월 22일 10시,금요일,울산광역시 중구 서동,경상사고,0,0,1,0,차대차 - 기타,안전운전불이행,건조,맑음,단일로 - 기타,승용,여,41세,상해없음,승용,여,36세,경상
2017092200100320,2017년 9월 22일 12시,금요일,울산광역시 남구 신정동,부상신고사고,0,0,0,1,차대차 - 측면충돌,안전운전불이행,건조,맑음,단일로 - 기타,이륜,남,16세,부상신고,승용,여,52세,기타불명
2017092200100346,2017년 9월 22일 13시,금요일,울산광역시 중구 반구동,중상사고,0,1,0,0,차대차 - 기타,교차로운행방법위반,건조,맑음,교차로 - 교차로안,승용,남,39세,상해없음,이륜,남,27세,중상
2017092200100347,2017년 9월 22일 13시,금요일,울산광역시 북구 효문동,경상사고,0,0,1,0,차대차 - 측면충돌,안전운전불이행,건조,맑음,교차로 - 교차로안,승용,남,34세,경상,건설기계,남,45세,상해없음
2017092200100410,2017년 9월 22일 15시,금요일,울산광역시 중구 학성동,경상사고,0,0,1,0,차대차 - 추돌,안전거리미확보,건조,맑음,단일로 - 기타,승용,남,57세,상해없음,승용,남,29세,경상
2017092200100635,2017년 9월 22일 19시,금요일,울산광역시 울주군 언양읍,경상사고,0,0,1,0,차대차 - 측면충돌,교차로운행방법위반,건조,맑음,교차로 - 교차로안,화물,남,44세,상해없음,승용,남,44세,경상
2017092200100708,2017년 9월 22일 21시,금요일,울산광역시 북구 신천동,경상사고,0,0,1,0,차대차 - 측면충돌,중앙선침범,건조,맑음,단일로 - 기타,승용,남,37세,상해없음,원동기,남,38세,경상
2017092200100758,2017년 9월 22일 22시,금요일,울산광역시 남구 선암동,경상사고,0,0,1,0,차대사람 - 횡단중,보행자보호의무위반,건조,맑음,교차로 - 교차로안,승용,남,70세,상해없음,보행자,여,17세,경상
2017092300100085,2017년 9월 23일 03시,토요일,울산광역시 중구 태화동,중상사고,0,3,0,0,차량단독 - 공작물충돌,안전운전불이행,건조,맑음,단일로 - 기타,원동기,남,16세,중상,,,,
2017092300100086,2017년 9월 23일 03시,토요일,울산광역시 남구 삼산동,경상사고,0,0,2,0,차대차 - 기타,신호위반,건조,맑음,교차로 - 교차로안,화물,남,66세,상해없음,승용,남,32세,경상
2017092300100128,2017년 9월 23일 06시,토요일,울산광역시 울주군 온양읍,중상사고,0,1,0,0,차량단독 - 공작물충돌,안전운전불이행,건조,맑음,단일로 - 기타,승합,남,25세,상해없음,,,,
2017092300100313,2017년 9월 23일 12시,토요일,울산광역시 북구 천곡동,중상사고,0,1,0,0,차대차 - 측면충돌,교차로운행방법위반,건조,맑음,교차로 - 교차로안,승용,남,49세,상해없음,이륜,남,31세,중상
2017092300100365,2017년 9월 23일 13시,토요일,울산광역시 중구 남외동,경상사고,0,0,1,0,차대차 - 기타,불법유턴,건조,맑음,교차로 - 교차로안,화물,남,42세,상해없음,승용,여,38세,경상
2017092300100410,2017년 9월 23일 14시,토요일,울산광역시 울주군 온양읍,경상사고,0,0,4,0,차대차 - 측면충돌,교차로운행방법위반,건조,맑음,교차로 - 교차로안,승용,남,76세,상해없음,승용,여,36세,경상
2017092300100457,2017년 9월 23일 16시,토요일,울산광역시 울주군 청량면,경상사고,0,0,2,0,차대차 - 측면충돌,안전거리미확보,건조,맑음,단일로 - 기타,건설기계,남,37세,상해없음,승용,남,73세,경상
2017092300100522,2017년 9월 23일 17시,토요일,울산광역시 남구 신정동,중상사고,0,1,0,0,차대차 - 기타,차로위반,건조,맑음,단일로 - 기타,승용,남,26세,상해없음,이륜,남,19세,중상
2017092300100577,2017년 9월 23일 18시,토요일,울산광역시 중구 태화동,경상사고,0,0,1,0,차대차 - 측면충돌,중앙선침범,건조,맑음,단일로 - 기타,승용,여,41세,상해없음,승용,남,67세,경상
2017092300100578,2017년 9월 23일 18시,토요일,울산광역시 남구 삼산동,경상사고,0,0,1,0,차대사람 - 횡단중,보행자보호의무위반,건조,맑음,교차로 - 교차로횡단보도내,기타불명,기타불명,미분류,기타불명,보행자,여,56세,경상
2017092300100630,2017년 9월 23일 19시,토요일,울산광역시 울주군 온양읍,경상사고,0,0,2,0,차대사람 - 기타,안전운전불이행,건조,맑음,교차로 - 교차로안,승용,남,43세,상해없음,보행자,남,46세,경상
2017092300100671,2017년 9월 23일 20시,토요일,울산광역시 북구 연암동,경상사고,0,0,1,1,차대차 - 추돌,안전운전불이행,건조,맑음,단일로 - 기타,승용,남,36세,부상신고,승용,남,40세,상해없음
2017092400100078,2017년 9월 24일 03시,일요일,울산광역시 중구 반구동,부상신고사고,0,0,0,1,차대차 - 기타,안전운전불이행,건조,맑음,단일로 - 기타,승용,남,29세,부상신고,승용,남,36세,상해없음
2017092400100085,2017년 9월 24일 04시,일요일,울산광역시 남구 삼산동,중상사고,0,1,0,0,차대차 - 측면충돌,안전운전불이행,건조,맑음,교차로 - 교차로안,화물,남,28세,상해없음,승용,남,56세,중상
2017092400100116,2017년 9월 24일 06시,일요일,울산광역시 중구 반구동,중상사고,0,1,0,0,차대차 - 측면충돌,직진우회전진행방해,건조,맑음,교차로 - 교차로안,승용,남,66세,상해없음,자전거,남,82세,중상
2017092400100161,2017년 9월 24일 09시,일요일,울산광역시 북구 진장동,경상사고,0,0,2,0,차대차 - 측면충돌,안전거리미확보,건조,맑음,단일로 - 기타,승용,남,26세,상해없음,승용,남,29세,경상
2017092400100192,2017년 9월 24일 10시,일요일,울산광역시 남구 삼산동,경상사고,0,0,1,0,차대차 - 기타,안전운전불이행,건조,맑음,교차로 - 교차로부근,승용,남,31세,상해없음,승용,남,34세,기타불명
2017092400100276,2017년 9월 24일 13시,일요일,울산광역시 동구 일산동,경상사고,0,0,1,0,차대사람 - 횡단중,보행자보호의무위반,건조,맑음,교차로 - 교차로횡단보도내,화물,남,63세,상해없음,보행자,여,75세,경상
2017092400100352,2017년 9월 24일 15시,일요일,울산광역시 울주군 서생면,경상사고,0,0,1,0,차대사람 - 횡단중,안전운전불이행,건조,맑음,단일로 - 기타,승용,남,43세,상해없음,보행자,여,6세,경상
2017092400100473,2017년 9월 24일 19시,일요일,울산광역시 남구 달동,중상사고,0,1,0,0,차대사람 - 횡단중,보행자보호의무위반,건조,맑음,교차로 - 교차로부근,승용,남,53세,상해없음,보행자,남,58세,중상
2017092400100504,2017년 9월 24일 20시,일요일,울산광역시 남구 신정동,부상신고사고,0,0,0,1,차대차 - 측면충돌,안전운전불이행,건조,맑음,교차로 - 교차로부근,승용,남,38세,상해없음,자전거,남,39세,부상신고
2017092400100530,2017년 9월 24일 21시,일요일,울산광역시 북구 중산동,경상사고,0,0,1,1,차대차 - 측면충돌,안전운전불이행,건조,맑음,단일로 - 기타,승합,남,42세,상해없음,화물,남,40세,경상
2017092500100043,2017년 9월 25일 01시,월요일,울산광역시 동구 서부동,경상사고,0,0,1,0,차대사람 - 길가장자리구역통행중,안전운전불이행,건조,맑음,기타 - 기타,승용,남,43세,상해없음,보행자,남,34세,경상
2017092500100051,2017년 9월 25일 03시,월요일,울산광역시 중구 학산동,중상사고,0,1,1,0,차대사람 - 횡단중,신호위반,건조,맑음,교차로 - 교차로횡단보도내,승용,여,56세,상해없음,보행자,남,19세,경상
2017092500100070,2017년 9월 25일 05시,월요일,울산광역시 울주군 온산읍,사망사고,1,0,0,0,차대차 - 정면충돌,신호위반,건조,맑음,교차로 - 교차로안,승용,남,59세,상해없음,이륜,남,54세,사망
2017092500100154,2017년 9월 25일 08시,월요일,울산광역시 울주군 온산읍,부상신고사고,0,0,0,1,차대차 - 측면충돌,안전운전불이행,건조,맑음,단일로 - 기타,승용,남,44세,상해없음,승용,남,39세,부상신고
2017092500100191,2017년 9월 25일 09시,월요일,울산광역시 남구 옥동,경상사고,0,0,1,0,차대차 - 측면충돌,직진우회전진행방해,건조,맑음,교차로 - 교차로안,승용,여,54세,상해없음,승용,남,55세,경상
2017092500100192,2017년 9월 25일 09시,월요일,울산광역시 남구 남화동,경상사고,0,0,1,0,차대차 - 측면충돌,안전운전불이행,건조,맑음,교차로 - 교차로부근,화물,남,47세,기타불명,화물,남,42세,경상
2017092500100193,2017년 9월 25일 09시,월요일,울산광역시 동구 방어동,경상사고,0,0,1,0,차대차 - 측면충돌,중앙선침범,건조,맑음,단일로 - 기타,이륜,남,77세,경상,승용,남,33세,상해없음
2017092500100226,2017년 9월 25일 10시,월요일,울산광역시 울주군 언양읍,중상사고,0,1,0,0,차대차 - 측면충돌,안전운전불이행,건조,맑음,기타 - 기타,자전거,여,68세,중상,자전거,남,72세,상해없음
2017092500100269,2017년 9월 25일 11시,월요일,울산광역시 북구 연암동,중상사고,0,1,0,0,차대사람 - 횡단중,안전운전불이행,건조,맑음,단일로 - 기타,승용,여,69세,상해없음,보행자,남,77세,중상
2017092500100297,2017년 9월 25일 12시,월요일,울산광역시 남구 신정동,경상사고,0,0,2,0,차대차 - 측면충돌,차로위반,건조,맑음,단일로 - 기타,승용,남,34세,경상,승용,여,34세,경상
2017092500100494,2017년 9월 25일 17시,월요일,울산광역시 남구 신정동,경상사고,0,0,1,0,차대차 - 측면충돌,신호위반,건조,맑음,교차로 - 교차로안,자전거,남,17세,상해없음,자전거,남,39세,경상
2017092500100540,2017년 9월 25일 18시,월요일,울산광역시 남구 상개동,중상사고,0,1,1,0,차대차 - 추돌,안전거리미확보,건조,맑음,교차로 - 교차로부근,화물,남,25세,상해없음,승용,남,54세,중상
2017092500100655,2017년 9월 25일 21시,월요일,울산광역시 동구 전하동,중상사고,0,1,0,0,차대차 - 측면충돌,신호위반,건조,맑음,교차로 - 교차로안,이륜,남,50세,중상,승용,여,46세,상해없음
2017092600100065,2017년 9월 26일 03시,화요일,울산광역시 남구 달동,중상사고,0,1,0,0,차대차 - 기타,불법유턴,건조,맑음,단일로 - 기타,자전거,여,50세,중상,승용,남,63세,상해없음
2017092600100157,2017년 9월 26일 08시,화요일,울산광역시 동구 전하동,경상사고,0,0,1,0,차대차 - 측면충돌,교차로운행방법위반,건조,맑음,교차로 - 교차로안,승용,남,66세,상해없음,원동기,남,74세,경상
2017092600100158,2017년 9월 26일 08시,화요일,울산광역시 울주군 청량면,경상사고,0,0,1,0,차대차 - 측면충돌,신호위반,건조,맑음,교차로 - 교차로안,자전거,남,40세,경상,승용,남,39세,상해없음
2017092600100199,2017년 9월 26일 09시,화요일,울산광역시 중구 성안동,중상사고,0,1,0,0,차대사람 - 기타,안전운전불이행,건조,맑음,단일로 - 기타,승용,여,49세,상해없음,보행자,여,64세,중상
2017092600100231,2017년 9월 26일 10시,화요일,울산광역시 남구 선암동,경상사고,0,0,2,0,차대차 - 추돌,안전운전불이행,건조,맑음,단일로 - 기타,화물,남,58세,기타불명,승용,남,30세,경상
2017092600100232,2017년 9월 26일 10시,화요일,울산광역시 울주군 청량면,경상사고,0,0,2,0,차대차 - 후진중충돌,안전운전불이행,건조,맑음,단일로 - 기타,승용,남,66세,상해없음,승용,여,53세,경상
2017092600100259,2017년 9월 26일 11시,화요일,울산광역시 중구 학성동,경상사고,0,0,1,0,차대사람 - 기타,안전운전불이행,건조,맑음,단일로 - 기타,승용,여,68세,상해없음,보행자,여,58세,경상
2017092600100449,2017년 9월 26일 16시,화요일,울산광역시 동구 화정동,경상사고,0,0,1,0,차대사람 - 횡단중,보행자보호의무위반,건조,맑음,단일로 - 기타,이륜,남,30세,상해없음,보행자,여,14세,경상
2017092600100537,2017년 9월 26일 18시,화요일,울산광역시 중구 태화동,경상사고,0,0,2,0,차대차 - 추돌,안전운전불이행,건조,맑음,단일로 - 기타,화물,남,30세,상해없음,승용,여,43세,경상
2017092600100538,2017년 9월 26일 18시,화요일,울산광역시 중구 우정동,경상사고,0,0,1,0,차대사람 - 기타,안전운전불이행,건조,맑음,기타 - 기타,승용,여,46세,상해없음,보행자,남,6세,경상
2017092600100539,2017년 9월 26일 18시,화요일,울산광역시 남구 신정동,경상사고,0,0,1,0,차대차 - 추돌,안전운전불이행,건조,맑음,단일로 - 기타,승용,남,18세,상해없음,승용,여,37세,경상
2017092600100540,2017년 9월 26일 18시,화요일,울산광역시 동구 일산동,경상사고,0,0,1,0,차대차 - 측면충돌,안전거리미확보,건조,맑음,교차로 - 교차로부근,승용,여,27세,상해없음,승용,남,54세,경상
2017092600100620,2017년 9월 26일 20시,화요일,울산광역시 울주군 청량면,중상사고,0,1,1,0,차대차 - 정면충돌,중앙선침범,젖음/습기,흐림,단일로 - 기타,승용,남,53세,중상,화물,남,57세,경상
2017092600100691,2017년 9월 26일 22시,화요일,울산광역시 남구 신정동,중상사고,0,1,0,0,차대차 - 정면충돌,중앙선침범,건조,맑음,교차로 - 교차로부근,이륜,남,73세,중상,승용,여,53세,상해없음
2017092600100692,2017년 9월 26일 22시,화요일,울산광역시 동구 방어동,경상사고,0,0,1,0,차대차 - 측면충돌,중앙선침범,건조,맑음,단일로 - 기타,화물,남,54세,상해없음,자전거,남,45세,경상
2017092600100693,2017년 9월 26일 22시,화요일,울산광역시 울주군 언양읍,사망사고,1,0,0,0,차대사람 - 횡단중,안전운전불이행,건조,맑음,교차로 - 교차로부근,승용,여,55세,상해없음,보행자,남,53세,사망
2017092600100721,2017년 9월 26일 23시,화요일,울산광역시 남구 신정동,중상사고,0,1,0,0,차대사람 - 횡단중,신호위반,건조,맑음,교차로 - 교차로횡단보도내,이륜,남,17세,상해없음,보행자,남,55세,중상
2017092600100722,2017년 9월 26일 23시,화요일,울산광역시 남구 무거동,경상사고,0,0,1,0,차대사람 - 기타,안전운전불이행,건조,맑음,단일로 - 기타,승용,여,50세,상해없음,보행자,여,25세,경상
2017092700100074,2017년 9월 27일 04시,수요일,울산광역시 남구 옥동,경상사고,0,0,2,0,차대차 - 측면충돌,신호위반,젖음/습기,비,교차로 - 교차로안,승용,여,56세,상해없음,승용,여,60세,경상
2017092700100198,2017년 9월 27일 08시,수요일,울산광역시 울주군 범서읍,경상사고,0,0,1,1,차대차 - 추돌,안전운전불이행,젖음/습기,비,단일로 - 지하차도(도로)내,승용,남,25세,부상신고,승용,남,51세,경상