사고번호,사고일시,요일,시군구,사고내용,사망자수,중상자수,경상자수,부상신고자수,사고유형,법규위반,노면상태,기상상태,도로형태,가해운전자 차종,가해운전자 성별,가해운전자 연령,가해운전자 상해정도,피해운전자 차종,피해운전자 성별,피해운전자 연령,피해운전자 상해정도
2017121500100450,2017년 12월 15일 17시,금요일,울산광역시 남구 야음동,경상사고,0,0,1,0,차대차 - 측면충돌,신호위반,건조,맑음,교차로 - 교차로부근,승용,여,46세,상해없음,이륜,남,27세,경상
2017121500100451,2017년 12월 15일 17시,금요일,울산광역시 울주군 온산읍,중상사고,0,1,0,0,차대차 - 추돌,안전운전불이행,건조,맑음,교차로 - 교차로부근,승용,남,33세,중상,건설기계,남,46세,상해없음
2017121500100452,2017년 12월 15일 17시,금요일,울산광역시 울주군 범서읍,경상사고,0,0,1,0,차대차 - 추돌,안전거리미확보,건조,맑음,단일로 - 기타,승용,여,50세,상해없음,승용,여,43세,경상
2017121500100453,2017년 12월 15일 17시,금요일,울산광역시 울주군 범서읍,경상사고,0,0,1,0,차대차 - 측면충돌,차로위반,건조,맑음,단일로 - 기타,화물,남,62세,기타불명,승용,남,54세,경상
2017121500100490,2017년 12월 15일 18시,금요일,울산광역시 중구 남외동,경상사고,0,0,1,0,차대사람 - 횡단중,안전운전불이행,건조,맑음,단일로 - 기타,승용,남,38세,상해없음,보행자,여,42세,경상
2017121500100520,2017년 12월 15일 19시,금요일,울산광역시 남구 달동,경상사고,0,0,2,0,차대차 - 추돌,안전운전불이행,건조,맑음,교차로 - 교차로부근,승용,남,47세,상해없음,승용,남,50세,상해없음
2017121500100521,2017년 12월 15일 19시,금요일,울산광역시 남구 신정동,경상사고,0,0,1,1,차대차 - 추돌,안전운전불이행,건조,맑음,단일로 - 기타,승용,남,28세,상해없음,화물,남,47세,경상
2017121500100522,2017년 12월 15일 19시,금요일,울산광역시 남구 신정동,경상사고,0,0,1,0,차대차 - 측면충돌,안전거리미확보,건조,맑음,교차로 - 교차로안,승용,남,49세,상해없음,승용,여,44세,경상
2017121600100060,2017년 12월 16일 00시,토요일,울산광역시 중구 서동,경상사고,0,0,2,1,차대차 - 측면충돌,신호위반,건조,맑음,교차로 - 교차로안,승용,여,50세,부상신고,승용,남,48세,경상
2017121600100082,2017년 12월 16일 01시,토요일,울산광역시 북구 송정동,경상사고,0,0,2,0,차대차 - 측면충돌,신호위반,건조,맑음,교차로 - 교차로안,승용,여,55세,상해없음,승용,여,44세,경상
2017121600100083,2017년 12월 16일 01시,토요일,울산광역시 동구 전하동,중상사고,0,1,2,0,차대차 - 측면충돌,직진우회전진행방해,건조,맑음,교차로 - 교차로안,승용,남,23세,상해없음,승용,남,43세,경상
2017121600100164,2017년 12월 16일 07시,토요일,울산광역시 남구 신정동,중상사고,0,1,0,0,차대차 - 측면충돌,교차로운행방법위반,건조,맑음,교차로 - 교차로안,승용,여,57세,상해없음,승용,남,27세,중상
2017121600100214,2017년 12월 16일 09시,토요일,울산광역시 울주군 언양읍,경상사고,0,0,3,0,차대차 - 측면충돌,안전운전불이행,건조,맑음,단일로 - 기타,화물,남,67세,경상,화물,남,55세,경상
2017121600100236,2017년 12월 16일 10시,토요일,울산광역시 남구 야음동,중상사고,0,1,0,0,차대차 - 기타,안전운전불이행,기타,맑음,단일로 - 기타,승용,남,57세,상해없음,자전거,남,78세,중상
2017121600100263,2017년 12월 16일 11시,토요일,울산광역시 울주군 온양읍,경상사고,0,0,2,0,차대차 - 추돌,안전거리미확보,건조,맑음,단일로 - 기타,건설기계,남,49세,상해없음,승용,여,30세,경상
2017121600100324,2017년 12월 16일 13시,토요일,울산광역시 중구 성남동,경상사고,0,0,1,0,차대차 - 기타,교차로운행방법위반,건조,맑음,교차로 - 교차로안,승용,남,73세,상해없음,승용,여,55세,경상
2017121600100433,2017년 12월 16일 16시,토요일,울산광역시 울주군 온산읍,경상사고,0,0,1,0,차대차 - 측면충돌,안전운전불이행,건조,맑음,단일로 - 기타,승용,남,40세,상해없음,승용,여,52세,상해없음
2017121600100565,2017년 12월 16일 20시,토요일,울산광역시 동구 서부동,경상사고,0,0,2,0,차대차 - 측면충돌,안전운전불이행,건조,맑음,단일로 - 기타,승용,남,47세,상해없음,승합,남,39세,상해없음
2017121600100627,2017년 12월 16일 22시,토요일,울산광역시 남구 무거동,중상사고,0,1,0,0,차대사람 - 기타,안전운전불이행,건조,맑음,단일로 - 기타,승용,남,69세,상해없음,보행자,남,36세,중상
2017121700100127,2017년 12월 17일 06시,일요일,울산광역시 동구 방어동,중상사고,0,1,0,0,차대차 - 추돌,안전운전불이행,건조,맑음,단일로 - 기타,승용,남,38세,상해없음,원동기,남,76세,중상
2017121700100202,2017년 12월 17일 12시,일요일,울산광역시 남구 달동,경상사고,0,0,1,0,차대차 - 측면충돌,신호위반,건조,맑음,교차로 - 교차로안,승용,여,55세,상해없음,이륜,남,66세,경상
2017121700100238,2017년 12월 17일 13시,일요일,울산광역시 울주군 범서읍,중상사고,0,1,0,0,차대차 - 추돌,안전운전불이행,건조,맑음,단일로 - 기타,승용,여,56세,상해없음,승용,여,70세,중상
2017121700100293,2017년 12월 17일 15시,일요일,울산광역시 중구 반구동,경상사고,0,0,1,0,차대사람 - 기타,안전운전불이행,건조,맑음,단일로 - 기타,승용,남,63세,상해없음,보행자,남,47세,경상
2017121700100313,2017년 12월 17일 16시,일요일,울산광역시 중구 다운동,중상사고,0,1,0,0,차대차 - 측면충돌,신호위반,건조,맑음,교차로 - 교차로안,승용,여,45세,상해없음,이륜,남,37세,중상
2017121700100314,2017년 12월 17일 16시,일요일,울산광역시 중구 태화동,경상사고,0,0,2,0,차대차 - 기타,안전거리미확보,건조,맑음,교차로 - 교차로안,승용,남,35세,상해없음,승용,남,59세,경상
2017121700100415,2017년 12월 17일 19시,일요일,울산광역시 남구 무거동,경상사고,0,0,2,0,차대차 - 후진중충돌,안전운전불이행,건조,맑음,교차로 - 교차로안,승용,남,26세,상해없음,승용,남,35세,경상
2017121700100442,2017년 12월 17일 20시,일요일,울산광역시 중구 서동,부상신고사고,0,0,0,1,차대차 - 측면충돌,안전운전불이행,건조,맑음,교차로 - 교차로안,이륜,남,18세,부상신고,승용,남,59세,상해없음
2017121700100484,2017년 12월 17일 23시,일요일,울산광역시 중구 우정동,경상사고,0,0,1,0,차대사람 - 횡단중,보행자보호의무위반,건조,맑음,교차로 - 교차로횡단보도내,승용,남,48세,상해없음,보행자,남,48세,경상
2017121800100113,2017년 12월 18일 07시,월요일,울산광역시 울주군 온양읍,경상사고,0,0,1,0,차대차 - 측면충돌,중앙선침범,기타,맑음,단일로 - 기타,승용,남,68세,상해없음,승용,남,39세,상해없음
2017121800100309,2017년 12월 18일 13시,월요일,울산광역시 남구 옥동,경상사고,0,0,1,0,차대사람 - 기타,안전운전불이행,건조,맑음,교차로 - 교차로부근,승용,남,63세,상해없음,보행자,여,14세,경상
2017121800100310,2017년 12월 18일 13시,월요일,울산광역시 북구 산하동,중상사고,0,2,1,0,차대차 - 측면충돌,직진우회전진행방해,건조,맑음,교차로 - 교차로안,승용,남,63세,중상,건설기계,남,55세,경상
2017121800100330,2017년 12월 18일 14시,월요일,울산광역시 남구 달동,중상사고,0,1,0,0,차대사람 - 차도통행중,불법유턴,건조,맑음,단일로 - 기타,승용,여,52세,상해없음,보행자,여,82세,중상
2017121800100331,2017년 12월 18일 14시,월요일,울산광역시 남구 삼산동,중상사고,0,1,1,0,차대차 - 측면충돌,직진우회전진행방해,건조,맑음,교차로 - 교차로안,이륜,남,38세,경상,이륜,남,50세,중상
2017121800100363,2017년 12월 18일 15시,월요일,울산광역시 남구 달동,경상사고,0,0,1,0,차대사람 - 횡단중,안전운전불이행,건조,맑음,교차로 - 교차로횡단보도내,승용,남,55세,상해없음,보행자,여,56세,경상
2017121800100364,2017년 12월 18일 15시,월요일,울산광역시 울주군 언양읍,경상사고,0,0,1,0,차대차 - 측면충돌,안전거리미확보,건조,맑음,단일로 - 기타,화물,남,51세,상해없음,승용,남,56세,경상
2017121800100386,2017년 12월 18일 16시,월요일,울산광역시 남구 용연동,경상사고,0,0,3,0,차대차 - 측면충돌,신호위반,건조,맑음,교차로 - 교차로안,화물,남,60세,기타불명,승용,남,41세,경상
2017121800100426,2017년 12월 18일 17시,월요일,울산광역시 남구 신정동,경상사고,0,0,1,0,차대차 - 측면충돌,신호위반,건조,맑음,교차로 - 교차로안,이륜,남,56세,경상,이륜,남,26세,상해없음
2017121800100427,2017년 12월 18일 17시,월요일,울산광역시 남구 삼산동,중상사고,0,1,0,0,차대차 - 측면충돌,안전운전불이행,건조,맑음,교차로 - 교차로부근,이륜,남,53세,상해없음,개인형이동수단(PM),남,46세,중상
2017121800100477,2017년 12월 18일 18시,월요일,울산광역시 북구 상안동,경상사고,0,0,3,0,차대차 - 기타,안전운전불이행,건조,맑음,기타 - 기타,승합,여,49세,상해없음,승용,남,49세,경상
2017121800100478,2017년 12월 18일 18시,월요일,울산광역시 남구 신정동,부상신고사고,0,0,0,1,차대차 - 기타,기타,건조,맑음,교차로 - 교차로부근,승용,여,50세,상해없음,이륜,남,56세,부상신고
2017121800100479,2017년 12월 18일 18시,월요일,울산광역시 울주군 온산읍,중상사고,0,1,0,0,차대사람 - 횡단중,중앙선침범,건조,맑음,단일로 - 기타,화물,남,43세,상해없음,보행자,여,14세,중상
2017121800100510,2017년 12월 18일 19시,월요일,울산광역시 울주군 온산읍,경상사고,0,0,1,0,차대차 - 추돌,안전운전불이행,건조,맑음,단일로 - 기타,화물,남,69세,상해없음,승용,남,50세,경상
2017121800100583,2017년 12월 18일 22시,월요일,울산광역시 중구 서동,경상사고,0,0,1,0,차대차 - 추돌,직진우회전진행방해,건조,맑음,교차로 - 교차로안,화물,여,54세,상해없음,이륜,남,19세,경상
2017121800100584,2017년 12월 18일 22시,월요일,울산광역시 남구 삼산동,경상사고,0,0,2,0,차대차 - 추돌,안전운전불이행,건조,맑음,교차로 - 교차로부근,승용,남,29세,기타불명,승용,남,64세,경상
2017121800100596,2017년 12월 18일 23시,월요일,울산광역시 북구 호계동,경상사고,0,0,1,0,차대사람 - 기타,안전운전불이행,건조,맑음,교차로 - 교차로안,승용,남,22세,상해없음,보행자,남,35세,경상
2017121800100597,2017년 12월 18일 23시,월요일,울산광역시 북구 명촌동,경상사고,0,0,1,0,차대사람 - 횡단중,안전운전불이행,건조,맑음,단일로 - 기타,승용,남,19세,상해없음,보행자,여,46세,경상
2017121800100598,2017년 12월 18일 23시,월요일,울산광역시 남구 삼산동,중상사고,0,1,0,0,차대차 - 측면충돌,중앙선침범,건조,맑음,단일로 - 기타,화물,남,40세,상해없음,이륜,남,34세,중상
2017121800100599,2017년 12월 18일 23시,월요일,울산광역시 동구 화정동,경상사고,0,0,1,0,차대차 - 기타,안전운전불이행,건조,맑음,교차로 - 교차로부근,이륜,남,17세,경상,승용,남,38세,기타불명
2017121900100054,2017년 12월 19일 02시,화요일,울산광역시 남구 삼산동,경상사고,0,0,1,0,차대차 - 측면충돌,직진우회전진행방해,건조,맑음,교차로 - 교차로안,이륜,남,37세,상해없음,승용,남,59세,상해없음
2017121900100055,2017년 12월 19일 02시,화요일,울산광역시 북구 양정동,경상사고,0,0,2,0,차대차 - 추돌,안전운전불이행,건조,맑음,교차로 - 교차로부근,승용,남,26세,상해없음,승용,남,48세,경상
2017121900100056,2017년 12월 19일 02시,화요일,울산광역시 북구 신현동,경상사고,0,0,5,0,차량단독 - 전도전복 - 전복,안전운전불이행,건조,맑음,단일로 - 기타,승용,남,20세,경상,,,,
2017121900100067,2017년 12월 19일 04시,화요일,울산광역시 중구 학산동,중상사고,0,1,0,0,차대사람 - 횡단중,안전운전불이행,건조,맑음,교차로 - 교차로부근,승용,남,55세,상해없음,보행자,여,70세,중상
2017121900100090,2017년 12월 19일 06시,화요일,울산광역시 남구 삼산동,중상사고,0,1,0,0,차대차 - 측면충돌,안전운전불이행,건조,맑음,단일로 - 기타,승용,남,44세,기타불명,이륜,남,32세,중상
2017121900100204,2017년 12월 19일 11시,화요일,울산광역시 남구 야음동,경상사고,0,0,1,0,차대차 - 기타,안전운전불이행,건조,맑음,주차장 - 주차장,이륜,남,39세,경상,승용,여,43세,상해없음
2017121900100254,2017년 12월 19일 13시,화요일,울산광역시 북구 명촌동,중상사고,0,1,0,0,차대차 - 기타,안전거리미확보,건조,맑음,교차로 - 교차로안,승용,여,58세,상해없음,승합,남,35세,상해없음
2017121900100255,2017년 12월 19일 13시,화요일,울산광역시 남구 부곡동,중상사고,0,1,0,0,차대사람 - 기타,안전운전불이행,건조,맑음,단일로 - 기타,화물,남,57세,상해없음,보행자,남,68세,중상
2017121900100374,2017년 12월 19일 16시,화요일,울산광역시 중구 태화동,경상사고,0,0,1,0,차대차 - 기타,안전거리미확보,건조,맑음,단일로 - 기타,승용,남,66세,상해없음,승용,여,36세,경상
2017121900100375,2017년 12월 19일 16시,화요일,울산광역시 동구 화정동,경상사고,0,0,1,0,차대차 - 측면충돌,직진우회전진행방해,건조,맑음,교차로 - 교차로안,승용,여,37세,상해없음,원동기,남,58세,경상
2017121900100414,2017년 12월 19일 17시,화요일,울산광역시 남구 삼산동,경상사고,0,0,1,0,차대사람 - 횡단중,안전운전불이행,건조,맑음,단일로 - 기타,이륜,남,37세,상해없음,보행자,남,56세,경상
2017121900100415,2017년 12월 19일 17시,화요일,울산광역시 남구 여천동,경상사고,0,0,1,0,차대차 - 측면충돌,직진우회전진행방해,건조,맑음,단일로 - 기타,승용,남,39세,상해없음,승용,남,33세,경상
2017121900100496,2017년 12월 19일 19시,화요일,울산광역시 남구 상개동,중상사고,0,1,1,0,차대차 - 기타,안전운전불이행,건조,맑음,교차로 - 교차로부근,승용,남,50세,경상,승용,여,52세,중상
2017121900100497,2017년 12월 19일 19시,화요일,울산광역시 울주군 상북면,사망사고,1,0,0,0,차대사람 - 차도통행중,안전운전불이행,건조,맑음,단일로 - 기타,승용,여,67세,상해없음,보행자,남,48세,사망
2017121900100523,2017년 12월 19일 20시,화요일,울산광역시 북구 진장동,부상신고사고,0,0,0,1,차대차 - 측면충돌,교차로운행방법위반,건조,맑음,교차로 - 교차로안,이륜,남,58세,부상신고,승용,남,23세,상해없음
2017121900100524,2017년 12월 19일 20시,화요일,울산광역시 남구 신정동,경상사고,0,0,1,0,차대사람 - 횡단중,보행자보호의무위반,건조,맑음,교차로 - 교차로안,기타불명,기타불명,미분류,기타불명,보행자,여,15세,경상
2017121900100553,2017년 12월 19일 21시,화요일,울산광역시 남구 무거동,중상사고,0,4,0,0,차대차 - 추돌,안전운전불이행,건조,맑음,단일로 - 기타,승용,남,33세,상해없음,승용,남,43세,중상
2017122000100106,2017년 12월 20일 05시,수요일,울산광역시 중구 복산동,중상사고,0,1,1,0,차대차 - 측면충돌,신호위반,건조,맑음,교차로 - 교차로안,화물,남,82세,상해없음,승용,여,62세,중상
2017122000100146,2017년 12월 20일 07시,수요일,울산광역시 남구 삼산동,중상사고,0,1,1,0,차대차 - 측면충돌,차로위반,건조,맑음,단일로 - 기타,승용,남,61세,경상,승용,남,26세,중상
2017122000100186,2017년 12월 20일 08시,수요일,울산광역시 북구 진장동,중상사고,0,1,1,0,차대차 - 측면충돌,직진우회전진행방해,건조,맑음,교차로 - 교차로안,승용,남,25세,상해없음,승용,여,44세,중상
2017122000100218,2017년 12월 20일 09시,수요일,울산광역시 동구 서부동,경상사고,0,0,1,0,차대차 - 기타,기타,건조,맑음,교차로 - 교차로안,승용,여,46세,상해없음,승용,여,34세,경상
2017122000100280,2017년 12월 20일 11시,수요일,울산광역시 중구 태화동,경상사고,0,0,1,0,차대차 - 기타,중앙선침범,건조,맑음,교차로 - 교차로안,승용,여,47세,상해없음,이륜,남,37세,경상
2017122000100363,2017년 12월 20일 14시,수요일,울산광역시 중구 반구동,경상사고,0,0,1,0,차대사람 - 보도통행중,기타,건조,맑음,단일로 - 기타,화물,남,42세,상해없음,보행자,남,17세,경상
2017122000100521,2017년 12월 20일 18시,수요일,울산광역시 동구 전하동,경상사고,0,0,1,0,차대차 - 측면충돌,신호위반,건조,맑음,교차로 - 교차로안,이륜,남,24세,상해없음,이륜,남,27세,경상
2017122000100522,2017년 12월 20일 18시,수요일,울산광역시 울주군 온산읍,중상사고,0,1,0,0,차대사람 - 횡단중,보행자보호의무위반,건조,맑음,교차로 - 교차로안,승용,남,53세,상해없음,보행자,남,38세,중상
2017122000100574,2017년 12월 20일 19시,수요일,울산광역시 남구 성암동,경상사고,0,0,2,0,차대사람 - 기타,안전운전불이행,건조,맑음,교차로 - 교차로부근,화물,남,60세,경상,보행자,남,65세,경상
2017122000100575,2017년 12월 20일 19시,수요일,울산광역시 남구 무거동,경상사고,0,0,1,0,차대차 - 측면충돌,차로위반,건조,맑음,교차로 - 교차로부근,화물,남,51세,상해없음,승용,남,29세,경상
2017122000100611,2017년 12월 20일 20시,수요일,울산광역시 동구 방어동,중상사고,0,1,0,0,차대차 - 추돌,안전거리미확보,건조,맑음,단일로 - 기타,원동기,남,60세,상해없음,원동기,남,34세,중상
2017122000100612,2017년 12월 20일 20시,수요일,울산광역시 울주군 언양읍,중상사고,0,1,1,0,차대차 - 측면충돌,교차로운행방법위반,건조,맑음,교차로 - 교차로안,승용,여,30세,경상,이륜,남,53세,중상
2017122000100638,2017년 12월 20일 21시,수요일,울산광역시 동구 전하동,중상사고,0,1,0,0,차대차 - 측면충돌,안전거리미확보,건조,맑음,단일로 - 기타,승용,남,63세,상해없음,이륜,남,58세,중상
2017122000100665,2017년 12월 20일 22시,수요일,울산광역시 중구 태화동,경상사고,0,0,1,0,차대사람 - 기타,안전운전불이행,건조,맑음,교차로 - 교차로안,승용,남,62세,상해없음,보행자,남,28세,경상
2017122000100666,2017년 12월 20일 22시,수요일,울산광역시 동구 전하동,경상사고,0,0,1,0,차대차 - 측면충돌,안전운전불이행,건조,맑음,교차로 - 교차로안,원동기,남,31세,상해없음,승용,여,27세,경상
2017122000100690,2017년 12월 20일 23시,수요일,울산광역시 남구 신정동,경상사고,0,0,2,0,차대차 - 측면충돌,차로위반,건조,맑음,단일로 - 기타,승용,여,53세,상해없음,승용,여,33세,경상
2017122000100691,2017년 12월 20일 23시,수요일,울산광역시 남구 옥동,경상사고,0,0,2,0,차량단독 - 공작물충돌,안전운전불이행,건조,맑음,단일로 - 기타,승용,남,18세,경상,,,,
2017122100100134,2017년 12월 21일 07시,목요일,울산광역시 울주군 온산읍,경상사고,0,0,2,0,차대차 - 추돌,안전운전불이행,건조,맑음,교차로 - 교차로부근,원동기,남,29세,경상,승용,남,34세,상해없음
2017122100100135,2017년 12월 21일 07시,목요일,울산광역시 울주군 온산읍,경상사고,0,0,1,0,차대차 - 기타,중앙선침범,건조,맑음,단일로 - 기타,이륜,남,43세,경상,승용,남,43세,상해없음
2017122100100177,2017년 12월 21일 08시,목요일,울산광역시 중구 반구동,중상사고,0,1,1,0,차대차 - 측면충돌,안전운전불이행,건조,맑음,단일로 - 기타,승용,남,34세,상해없음,승용,여,49세,경상
2017122100100178,2017년 12월 21일 08시,목요일,울산광역시 울주군 온양읍,중상사고,0,1,0,0,차대차 - 추돌,안전운전불이행,건조,맑음,단일로 - 기타,승합,남,42세,상해없음,이륜,남,39세,중상
2017122100100218,2017년 12월 21일 09시,목요일,울산광역시 남구 삼산동,경상사고,0,0,1,0,차대차 - 추돌,안전거리미확보,건조,맑음,교차로 - 교차로부근,승합,남,30세,상해없음,승용,남,27세,경상
2017122100100301,2017년 12월 21일 12시,목요일,울산광역시 북구 매곡동,경상사고,0,0,1,0,차대차 - 기타,안전운전불이행,건조,맑음,교차로 - 교차로안,승용,여,41세,상해없음,이륜,남,23세,경상
2017122100100329,2017년 12월 21일 13시,목요일,울산광역시 동구 전하동,중상사고,0,1,0,0,차량단독 - 기타,안전운전불이행,건조,맑음,단일로 - 기타,승합,남,45세,상해없음,,,,
2017122100100419,2017년 12월 21일 16시,목요일,울산광역시 북구 명촌동,경상사고,0,0,1,0,차대차 - 측면충돌,기타,건조,맑음,단일로 - 기타,승용,남,61세,상해없음,자전거,여,44세,경상
2017122100100521,2017년 12월 21일 18시,목요일,울산광역시 중구 서동,경상사고,0,0,2,0,차대차 - 측면충돌,안전거리미확보,건조,맑음,교차로 - 교차로안,승용,여,25세,상해없음,승용,남,20세,경상
2017122100100522,2017년 12월 21일 18시,목요일,울산광역시 남구 야음동,경상사고,0,0,1,0,차대사람 - 횡단중,보행자보호의무위반,건조,맑음,단일로 - 기타,화물,남,44세,상해없음,보행자,여,52세,경상
2017122100100523,2017년 12월 21일 18시,목요일,울산광역시 남구 상개동,경상사고,0,0,1,0,차대차 - 기타,안전운전불이행,건조,맑음,교차로 - 교차로안,화물,남,54세,상해없음,승용,남,32세,경상
2017122100100524,2017년 12월 21일 18시,목요일,울산광역시 남구 선암동,경상사고,0,0,1,0,차대차 - 기타,안전운전불이행,건조,맑음,교차로 - 교차로안,화물,남,54세,상해없음,승용,남,32세,경상
2017122100100525,2017년 12월 21일 18시,목요일,울산광역시 울주군 온산읍,중상사고,0,1,2,0,차대차 - 측면충돌,안전운전불이행,건조,맑음,단일로 - 기타,화물,남,52세,상해없음,승용,여,58세,중상
2017122100100526,2017년 12월 21일 18시,목요일,울산광역시 울주군 범서읍,경상사고,0,0,1,0,차대차 - 측면충돌,안전운전불이행,건조,맑음,단일로 - 기타,승합,남,59세,상해없음,화물,남,60세,경상
2017122100100568,2017년 12월 21일 19시,목요일,울산광역시 중구 학성동,경상사고,0,0,1,0,차대차 - 측면충돌,신호위반,건조,맑음,교차로 - 교차로안,승용,남,23세,상해없음,자전거,남,30세,경상
2017122100100604,2017년 12월 21일 20시,목요일,울산광역시 북구 신현동,중상사고,0,1,0,0,차대차 - 측면충돌,안전운전불이행,건조,맑음,교차로 - 교차로안,이륜,남,49세,중상,승용,남,40세,상해없음
2017122100100680,2017년 12월 21일 22시,목요일,울산광역시 북구 진장동,중상사고,0,1,1,0,차대차 - 측면충돌,안전운전불이행,건조,맑음,교차로 - 교차로부근,승용,남,50세,상해없음,승용,남,61세,경상
2017122100100681,2017년 12월 21일 22시,목요일,울산광역시 동구 전하동,경상사고,0,0,1,0,차대사람 - 횡단중,신호위반,건조,맑음,교차로 - 교차로안,이륜,남,44세,상해없음,보행자,남,36세,경상
2017122100100706,2017년 12월 21일 23시,목요일,울산광역시 중구 서동,경상사고,0,0,2,0,차대차 - 추돌,안전거리미확보,건조,맑음,교차로 - 교차로부근,승용,남,49세,상해없음,승용,남,72세,경상
2017122100100707,2017년 12월 21일 23시,목요일,울산광역시 북구 송정동,경상사고,0,0,3,0,차대차 - 측면충돌,차로위반,건조,맑음,단일로 - 기타,승용,남,51세,경상,승용,남,60세,경상
2017122100100708,2017년 12월 21일 23시,목요일,울산광역시 울주군 온산읍,경상사고,0,0,3,0,차대차 - 측면충돌,안전운전불이행,건조,맑음,교차로 - 교차로안,승용,남,27세,경상,승용,여,35세,경상
2017122200100060,2017년 12월 22일 00시,금요일,울산광역시 남구 달동,경상사고,0,0,1,0,차대차 - 측면충돌,안전운전불이행,건조,맑음,단일로 - 기타,승용,남,30세,상해없음,이륜,남,33세,경상
2017122200100061,2017년 12월 22일 00시,금요일,울산광역시 울주군 청량면,중상사고,0,1,0,0,차대사람 - 기타,안전운전불이행,건조,맑음,단일로 - 기타,기타불명,기타불명,미분류,기타불명,보행자,남,58세,중상
2017122200100143,2017년 12월 22일 06시,금요일,울산광역시 중구 약사동,경상사고,0,0,2,0,차대차 - 정면충돌,신호위반,건조,맑음,교차로 - 교차로안,이륜,남,54세,경상,승용,여,50세,경상
2017122200100144,2017년 12월 22일 06시,금요일,울산광역시 남구 달동,경상사고,0,0,2,0,차대차 - 추돌,교차로운행방법위반,건조,맑음,교차로 - 교차로안,승용,남,27세,상해없음,승용,남,75세,경상
2017122200100173,2017년 12월 22일 07시,금요일,울산광역시 남구 신정동,경상사고,0,0,1,0,차대차 - 기타,차로위반,건조,맑음,교차로 - 교차로안,승용,여,44세,상해없음,승용,남,39세,경상
2017122200100207,2017년 12월 22일 08시,금요일,울산광역시 남구 신정동,경상사고,0,0,1,0,차대사람 - 횡단중,보행자보호의무위반,건조,맑음,단일로 - 기타,승용,여,29세,상해없음,보행자,남,64세,경상
2017122200100208,2017년 12월 22일 08시,금요일,울산광역시 울주군 청량면,경상사고,0,0,1,0,차대차 - 추돌,안전거리미확보,건조,맑음,교차로 - 교차로부근,승용,남,25세,상해없음,승용,남,45세,상해없음
2017122200100391,2017년 12월 22일 14시,금요일,울산광역시 북구 호계동,중상사고,0,1,0,0,차대차 - 측면충돌,중앙선침범,건조,맑음,단일로 - 기타,승용,남,55세,상해없음,이륜,남,47세,중상
2017122200100455,2017년 12월 22일 16시,금요일,울산광역시 북구 신천동,경상사고,0,0,1,0,차대차 - 측면충돌,교차로운행방법위반,건조,맑음,교차로 - 교차로안,자전거,남,7세,경상,화물,여,49세,상해없음
2017122200100456,2017년 12월 22일 16시,금요일,울산광역시 남구 고사동,중상사고,0,1,0,0,차대사람 - 횡단중,안전운전불이행,건조,맑음,교차로 - 교차로부근,화물,남,61세,상해없음,보행자,남,35세,중상
2017122200100457,2017년 12월 22일 16시,금요일,울산광역시 남구 무거동,경상사고,0,0,1,0,차대사람 - 기타,안전운전불이행,건조,맑음,기타 - 기타,승용,여,52세,상해없음,보행자,여,16세,경상
2017122200100502,2017년 12월 22일 17시,금요일,울산광역시 남구 달동,경상사고,0,0,1,0,차대차 - 측면충돌,중앙선침범,건조,맑음,단일로 - 기타,승용,남,63세,상해없음,승용,남,62세,경상
2017122200100503,2017년 12월 22일 17시,금요일,울산광역시 남구 신정동,중상사고,0,1,0,0,차대차 - 측면충돌,직진우회전진행방해,건조,맑음,교차로 - 교차로안,승용,여,62세,상해없음,승용,남,57세,상해없음
2017122200100504,2017년 12월 22일 17시,금요일,울산광역시 북구 양정동,경상사고,0,0,1,0,차대차 - 측면충돌,안전운전불이행,건조,맑음,교차로 - 교차로부근,승용,남,38세,상해없음,승합,남,44세,상해없음
2017122200100505,2017년 12월 22일 17시,금요일,울산광역시 울주군 청량면,중상사고,0,1,0,0,차대차 - 측면충돌,교차로운행방법위반,건조,맑음,교차로 - 교차로안,승용,남,58세,상해없음,승용,남,25세,중상
2017122200100683,2017년 12월 22일 20시,금요일,울산광역시 남구 야음동,경상사고,0,0,1,0,차대사람 - 기타,안전운전불이행,건조,맑음,단일로 - 기타,승용,여,36세,상해없음,보행자,남,38세,경상
2017122200100760,2017년 12월 22일 22시,금요일,울산광역시 중구 서동,중상사고,0,1,0,0,차대차 - 기타,직진우회전진행방해,건조,맑음,교차로 - 교차로안,승용,남,64세,상해없음,이륜,남,56세,중상
2017122200100761,2017년 12월 22일 22시,금요일,울산광역시 남구 옥동,경상사고,0,0,1,0,차대차 - 측면충돌,신호위반,건조,맑음,교차로 - 교차로안,승용,남,51세,상해없음,승용,여,57세,경상