사고번호,사고일시,요일,시군구,사고내용,사망자수,중상자수,경상자수,부상신고자수,사고유형,법규위반,노면상태,기상상태,도로형태,가해운전자 차종,가해운전자 성별,가해운전자 연령,가해운전자 상해정도,피해운전자 차종,피해운전자 성별,피해운전자 연령,피해운전자 상해정도
2017122200100796,2017년 12월 22일 23시,금요일,울산광역시 울주군 삼남면,경상사고,0,0,1,0,차대차 - 측면충돌,안전운전불이행,건조,맑음,단일로 - 기타,승용,여,48세,상해없음,승용,남,54세,경상
2017122300100066,2017년 12월 23일 00시,토요일,울산광역시 남구 삼산동,중상사고,0,1,0,0,차대사람 - 기타,안전운전불이행,건조,맑음,교차로 - 교차로부근,승용,남,29세,상해없음,보행자,남,45세,중상
2017122300100067,2017년 12월 23일 00시,토요일,울산광역시 남구 삼산동,경상사고,0,0,6,0,차대차 - 추돌,안전운전불이행,건조,맑음,교차로 - 교차로부근,이륜,남,52세,경상,승용,남,54세,경상
2017122300100068,2017년 12월 23일 00시,토요일,울산광역시 동구 화정동,경상사고,0,0,1,0,차대사람 - 기타,안전운전불이행,건조,맑음,교차로 - 교차로부근,승용,여,41세,상해없음,보행자,남,50세,경상
2017122300100069,2017년 12월 23일 00시,토요일,울산광역시 동구 방어동,사망사고,1,0,0,0,차량단독 - 기타,안전운전불이행,건조,맑음,교차로 - 교차로부근,이륜,남,28세,사망,,,,
2017122300100123,2017년 12월 23일 02시,토요일,울산광역시 남구 달동,경상사고,0,0,1,0,차대차 - 추돌,안전운전불이행,건조,맑음,교차로 - 교차로부근,승용,남,33세,상해없음,승용,남,32세,상해없음
2017122300100135,2017년 12월 23일 03시,토요일,울산광역시 중구 교동,경상사고,0,0,1,0,차대차 - 기타,안전운전불이행,건조,맑음,단일로 - 기타,승용,남,26세,상해없음,승용,남,55세,경상
2017122300100147,2017년 12월 23일 04시,토요일,울산광역시 남구 삼산동,사망사고,1,0,0,0,차대사람 - 기타,안전운전불이행,건조,맑음,교차로 - 교차로부근,화물,남,31세,상해없음,보행자,남,28세,사망
2017122300100165,2017년 12월 23일 05시,토요일,울산광역시 남구 달동,사망사고,1,0,0,0,차대사람 - 기타,안전운전불이행,건조,맑음,단일로 - 기타,승용,남,67세,상해없음,보행자,여,65세,사망
2017122300100166,2017년 12월 23일 05시,토요일,울산광역시 남구 야음동,경상사고,0,0,1,0,차대사람 - 기타,안전운전불이행,건조,맑음,단일로 - 기타,승용,남,53세,상해없음,보행자,남,76세,경상
2017122300100191,2017년 12월 23일 07시,토요일,울산광역시 울주군 온산읍,사망사고,1,0,0,0,차대차 - 정면충돌,신호위반,건조,맑음,교차로 - 교차로안,이륜,남,47세,사망,화물,남,56세,상해없음
2017122300100242,2017년 12월 23일 09시,토요일,울산광역시 남구 옥동,경상사고,0,0,1,0,차대차 - 측면충돌,안전거리미확보,건조,맑음,기타 - 기타,승용,여,45세,상해없음,승용,여,48세,경상
2017122300100270,2017년 12월 23일 10시,토요일,울산광역시 북구 연암동,중상사고,0,1,1,0,차대차 - 기타,신호위반,건조,맑음,교차로 - 교차로안,승용,여,64세,경상,승용,남,22세,중상
2017122300100391,2017년 12월 23일 14시,토요일,울산광역시 중구 남외동,부상신고사고,0,0,0,1,차대차 - 추돌,안전운전불이행,건조,맑음,교차로 - 교차로부근,이륜,남,61세,부상신고,화물,남,23세,상해없음
2017122300100392,2017년 12월 23일 14시,토요일,울산광역시 울주군 청량면,중상사고,0,1,1,0,차대차 - 기타,교차로운행방법위반,건조,맑음,교차로 - 교차로안,승합,남,58세,상해없음,승용,남,31세,상해없음
2017122300100425,2017년 12월 23일 15시,토요일,울산광역시 남구 신정동,경상사고,0,0,1,0,차대차 - 기타,차로위반,건조,맑음,단일로 - 기타,승용,남,57세,상해없음,승용,남,40세,상해없음
2017122300100459,2017년 12월 23일 16시,토요일,울산광역시 북구 연암동,경상사고,0,0,2,0,차대차 - 측면충돌,안전거리미확보,건조,맑음,단일로 - 기타,승용,남,68세,상해없음,승용,남,36세,경상
2017122300100460,2017년 12월 23일 16시,토요일,울산광역시 남구 신정동,경상사고,0,0,1,0,차대차 - 측면충돌,신호위반,건조,맑음,교차로 - 교차로안,승용,남,53세,상해없음,이륜,남,26세,경상
2017122300100609,2017년 12월 23일 19시,토요일,울산광역시 중구 태화동,경상사고,0,0,1,0,차대차 - 추돌,안전거리미확보,건조,맑음,단일로 - 기타,승용,남,72세,상해없음,승용,여,40세,경상
2017122300100610,2017년 12월 23일 19시,토요일,울산광역시 남구 달동,경상사고,0,0,1,0,차대차 - 측면충돌,불법유턴,건조,맑음,단일로 - 기타,승용,남,35세,상해없음,승용,남,56세,경상
2017122300100611,2017년 12월 23일 19시,토요일,울산광역시 동구 화정동,경상사고,0,0,1,0,차대차 - 기타,안전운전불이행,건조,맑음,교차로 - 교차로안,이륜,남,42세,상해없음,자전거,남,58세,경상
2017122300100643,2017년 12월 23일 20시,토요일,울산광역시 남구 무거동,경상사고,0,0,4,0,차대차 - 기타,안전운전불이행,건조,맑음,교차로 - 교차로부근,기타불명,기타불명,미분류,기타불명,승용,남,24세,경상
2017122300100691,2017년 12월 23일 22시,토요일,울산광역시 중구 남외동,경상사고,0,0,1,0,차대사람 - 기타,안전운전불이행,건조,맑음,단일로 - 기타,승용,남,63세,상해없음,보행자,남,54세,경상
2017122400100048,2017년 12월 24일 00시,일요일,울산광역시 동구 서부동,경상사고,0,0,5,0,차대차 - 추돌,안전운전불이행,건조,맑음,교차로 - 교차로부근,승용,남,38세,상해없음,승용,남,54세,경상
2017122400100096,2017년 12월 24일 03시,일요일,울산광역시 중구 성남동,경상사고,0,0,2,0,차대차 - 정면충돌,신호위반,건조,맑음,단일로 - 기타,승용,남,26세,상해없음,화물,기타불명,기타불명,기타불명
2017122400100180,2017년 12월 24일 10시,일요일,울산광역시 동구 방어동,경상사고,0,0,2,0,차대차 - 정면충돌,안전운전불이행,건조,맑음,교차로 - 교차로부근,승용,남,35세,상해없음,승용,남,37세,경상
2017122400100196,2017년 12월 24일 11시,일요일,울산광역시 중구 학성동,경상사고,0,0,1,0,차대사람 - 기타,안전운전불이행,젖음/습기,비,단일로 - 기타,승용,여,61세,상해없음,보행자,여,18세,경상
2017122400100283,2017년 12월 24일 15시,일요일,울산광역시 남구 신정동,경상사고,0,0,1,0,차대차 - 기타,중앙선침범,젖음/습기,기타,단일로 - 기타,화물,남,56세,상해없음,승용,남,47세,상해없음
2017122400100284,2017년 12월 24일 15시,일요일,울산광역시 남구 삼산동,경상사고,0,0,2,0,차대사람 - 횡단중,안전운전불이행,건조,맑음,교차로 - 교차로부근,승용,여,25세,상해없음,보행자,여,44세,경상
2017122400100285,2017년 12월 24일 15시,일요일,울산광역시 울주군 청량면,경상사고,0,0,2,0,차대차 - 측면충돌,차로위반,건조,맑음,단일로 - 기타,승용,여,57세,경상,승용,여,54세,경상
2017122400100302,2017년 12월 24일 16시,일요일,울산광역시 동구 화정동,경상사고,0,0,1,0,차대차 - 기타,중앙선침범,건조,맑음,교차로 - 교차로안,원동기,남,63세,상해없음,원동기,남,39세,경상
2017122400100334,2017년 12월 24일 17시,일요일,울산광역시 울주군 언양읍,경상사고,0,0,4,0,차대차 - 추돌,안전거리미확보,건조,맑음,단일로 - 기타,승용,남,60세,상해없음,승용,남,54세,경상
2017122400100376,2017년 12월 24일 18시,일요일,울산광역시 중구 성남동,경상사고,0,0,3,0,차대차 - 추돌,안전운전불이행,건조,맑음,교차로 - 교차로부근,승용,남,62세,상해없음,승용,남,40세,경상
2017122400100377,2017년 12월 24일 18시,일요일,울산광역시 남구 무거동,중상사고,0,1,0,0,차대사람 - 기타,보행자보호의무위반,기타,기타,교차로 - 교차로부근,승용,여,54세,상해없음,보행자,여,20세,중상
2017122400100405,2017년 12월 24일 19시,일요일,울산광역시 울주군 온양읍,중상사고,0,1,0,0,차대차 - 추돌,중앙선침범,건조,맑음,단일로 - 기타,화물,남,68세,중상,건설기계,남,50세,기타불명
2017122500100157,2017년 12월 25일 12시,월요일,울산광역시 울주군 웅촌면,경상사고,0,0,2,0,차대차 - 추돌,안전운전불이행,건조,맑음,단일로 - 기타,화물,남,55세,상해없음,화물,남,58세,경상
2017122500100208,2017년 12월 25일 14시,월요일,울산광역시 남구 부곡동,중상사고,0,1,2,0,차대차 - 측면충돌,신호위반,건조,맑음,교차로 - 교차로안,승용,남,67세,중상,승용,남,34세,경상
2017122500100354,2017년 12월 25일 20시,월요일,울산광역시 중구 성남동,경상사고,0,0,2,0,차대차 - 추돌,안전운전불이행,건조,맑음,단일로 - 기타,승용,남,51세,상해없음,승용,남,25세,경상
2017122500100372,2017년 12월 25일 21시,월요일,울산광역시 남구 삼산동,경상사고,0,0,1,0,차대차 - 기타,안전운전불이행,건조,맑음,단일로 - 기타,이륜,남,25세,경상,승용,남,45세,상해없음
2017122500100389,2017년 12월 25일 22시,월요일,울산광역시 중구 태화동,중상사고,0,1,0,0,차대차 - 정면충돌,중앙선침범,건조,맑음,교차로 - 교차로부근,이륜,남,41세,중상,승용,남,36세,상해없음
2017122500100415,2017년 12월 25일 23시,월요일,울산광역시 남구 삼산동,중상사고,0,1,0,0,차대차 - 측면충돌,직진우회전진행방해,건조,맑음,교차로 - 교차로안,승용,남,59세,상해없음,승용,여,58세,중상
2017122600100119,2017년 12월 26일 07시,화요일,울산광역시 남구 선암동,중상사고,0,1,0,0,차대차 - 기타,안전운전불이행,기타,기타,교차로 - 교차로부근,화물,남,70세,상해없음,자전거,남,63세,중상
2017122600100120,2017년 12월 26일 07시,화요일,울산광역시 울주군 온산읍,경상사고,0,0,2,0,차대차 - 측면충돌,교차로운행방법위반,건조,맑음,교차로 - 교차로안,사륜오토바이(ATV),남,81세,경상,이륜,남,32세,경상
2017122600100154,2017년 12월 26일 08시,화요일,울산광역시 북구 진장동,경상사고,0,0,1,0,차대차 - 기타,안전운전불이행,건조,맑음,단일로 - 기타,승용,여,34세,상해없음,승용,여,50세,경상
2017122600100155,2017년 12월 26일 08시,화요일,울산광역시 울주군 범서읍,중상사고,0,1,0,1,차대차 - 추돌,안전거리미확보,건조,맑음,단일로 - 기타,승용,남,33세,상해없음,승용,남,46세,중상
2017122600100187,2017년 12월 26일 09시,화요일,울산광역시 동구 서부동,경상사고,0,0,1,0,차대차 - 측면충돌,교차로운행방법위반,건조,맑음,단일로 - 기타,승용,남,75세,상해없음,승용,남,34세,상해없음
2017122600100270,2017년 12월 26일 12시,화요일,울산광역시 울주군 웅촌면,경상사고,0,0,1,0,차대사람 - 기타,안전운전불이행,건조,맑음,기타 - 기타,화물,남,51세,상해없음,보행자,여,56세,경상
2017122600100295,2017년 12월 26일 13시,화요일,울산광역시 울주군 범서읍,중상사고,0,1,0,0,차대차 - 기타,안전운전불이행,건조,맑음,교차로 - 교차로안,자전거,남,67세,중상,건설기계,남,45세,상해없음
2017122600100296,2017년 12월 26일 13시,화요일,울산광역시 울주군 온양읍,부상신고사고,0,0,0,1,차대차 - 측면충돌,안전운전불이행,건조,맑음,단일로 - 기타,자전거,남,69세,부상신고,화물,남,50세,상해없음
2017122600100332,2017년 12월 26일 14시,화요일,울산광역시 남구 신정동,경상사고,0,0,1,0,차대차 - 측면충돌,신호위반,건조,맑음,교차로 - 교차로안,승용,여,46세,상해없음,승용,여,35세,경상
2017122600100402,2017년 12월 26일 16시,화요일,울산광역시 중구 복산동,경상사고,0,0,1,0,차대차 - 측면충돌,차로위반,건조,맑음,단일로 - 기타,승용,남,79세,상해없음,이륜,남,41세,경상
2017122600100432,2017년 12월 26일 17시,화요일,울산광역시 중구 복산동,중상사고,0,1,0,0,차대차 - 측면충돌,신호위반,건조,맑음,교차로 - 교차로안,기타불명,기타불명,미분류,기타불명,이륜,남,29세,중상
2017122600100433,2017년 12월 26일 17시,화요일,울산광역시 동구 일산동,경상사고,0,0,1,0,차대차 - 측면충돌,교차로운행방법위반,건조,맑음,교차로 - 교차로안,이륜,남,40세,상해없음,이륜,남,32세,경상
2017122600100532,2017년 12월 26일 20시,화요일,울산광역시 남구 무거동,중상사고,0,1,0,0,차대차 - 기타,중앙선침범,건조,맑음,교차로 - 교차로부근,화물,남,53세,상해없음,이륜,남,68세,중상
2017122600100533,2017년 12월 26일 20시,화요일,울산광역시 울주군 범서읍,경상사고,0,0,1,0,차대차 - 측면충돌,안전거리미확보,건조,맑음,교차로 - 교차로부근,승용,여,44세,상해없음,승용,남,24세,경상
2017122600100557,2017년 12월 26일 21시,화요일,울산광역시 남구 여천동,경상사고,0,0,1,0,차대차 - 측면충돌,안전거리미확보,건조,맑음,단일로 - 기타,승합,남,52세,상해없음,승용,여,33세,경상
2017122700100209,2017년 12월 27일 11시,수요일,울산광역시 중구 복산동,경상사고,0,0,1,0,차대차 - 기타,신호위반,건조,맑음,교차로 - 교차로안,승용,남,62세,상해없음,승용,남,66세,상해없음
2017122700100235,2017년 12월 27일 12시,수요일,울산광역시 중구 서동,경상사고,0,0,1,0,차대차 - 기타,신호위반,건조,맑음,교차로 - 교차로안,승용,남,54세,상해없음,승용,여,28세,경상
2017122700100261,2017년 12월 27일 13시,수요일,울산광역시 북구 호계동,중상사고,0,3,1,0,차대차 - 측면충돌,안전운전불이행,건조,맑음,단일로 - 기타,승합,남,47세,상해없음,승용,남,43세,중상
2017122700100315,2017년 12월 27일 15시,수요일,울산광역시 북구 화봉동,중상사고,0,1,0,0,차대차 - 기타,신호위반,건조,맑음,교차로 - 교차로안,이륜,남,52세,중상,승용,남,20세,상해없음
2017122700100378,2017년 12월 27일 17시,수요일,울산광역시 남구 신정동,경상사고,0,0,1,0,차대차 - 기타,안전운전불이행,건조,맑음,단일로 - 기타,승용,여,26세,상해없음,화물,남,42세,상해없음
2017122700100422,2017년 12월 27일 18시,수요일,울산광역시 동구 전하동,경상사고,0,0,1,0,차대차 - 기타,안전운전불이행,건조,맑음,단일로 - 기타,승용,남,62세,상해없음,승용,남,71세,경상
2017122700100423,2017년 12월 27일 18시,수요일,울산광역시 울주군 청량면,경상사고,0,0,1,1,차대차 - 측면충돌,신호위반,건조,맑음,교차로 - 교차로안,승용,여,28세,부상신고,화물,남,64세,경상
2017122700100424,2017년 12월 27일 18시,수요일,울산광역시 울주군 삼남면,경상사고,0,0,1,0,차대차 - 측면충돌,안전운전불이행,건조,맑음,교차로 - 교차로부근,승합,남,59세,상해없음,화물,남,41세,경상
2017122700100518,2017년 12월 27일 21시,수요일,울산광역시 중구 옥교동,중상사고,0,1,0,0,차대사람 - 횡단중,안전운전불이행,건조,맑음,교차로 - 교차로안,승용,남,55세,상해없음,보행자,남,40세,중상
2017122700100575,2017년 12월 27일 23시,수요일,울산광역시 울주군 온산읍,중상사고,0,1,0,0,차대차 - 추돌,안전운전불이행,건조,맑음,교차로 - 교차로부근,기타불명,기타불명,미분류,기타불명,승용,남,38세,중상
2017122800100097,2017년 12월 28일 06시,목요일,울산광역시 남구 신정동,중상사고,0,1,0,0,차대사람 - 횡단중,안전운전불이행,건조,맑음,단일로 - 기타,승용,남,82세,상해없음,보행자,남,83세,중상
2017122800100113,2017년 12월 28일 07시,목요일,울산광역시 울주군 온산읍,부상신고사고,0,0,0,1,차대차 - 측면충돌,안전운전불이행,건조,맑음,단일로 - 기타,이륜,남,31세,부상신고,승용,남,45세,상해없음
2017122800100136,2017년 12월 28일 08시,목요일,울산광역시 남구 신정동,경상사고,0,0,1,0,차대차 - 정면충돌,중앙선침범,건조,맑음,교차로 - 교차로부근,승용,여,22세,상해없음,승용,남,34세,경상
2017122800100172,2017년 12월 28일 10시,목요일,울산광역시 중구 우정동,경상사고,0,0,1,0,차대차 - 추돌,안전거리미확보,건조,맑음,교차로 - 교차로부근,승합,남,53세,상해없음,승용,여,48세,경상
2017122800100173,2017년 12월 28일 10시,목요일,울산광역시 남구 무거동,부상신고사고,0,0,0,1,차대차 - 추돌,안전운전불이행,건조,맑음,단일로 - 기타,화물,남,41세,상해없음,승용,남,56세,부상신고
2017122800100192,2017년 12월 28일 11시,목요일,울산광역시 중구 복산동,경상사고,0,0,4,0,차대차 - 추돌,안전운전불이행,건조,맑음,교차로 - 교차로부근,승용,남,50세,상해없음,화물,남,54세,경상
2017122800100193,2017년 12월 28일 11시,목요일,울산광역시 남구 신정동,중상사고,0,1,0,0,차대차 - 측면충돌,직진우회전진행방해,건조,맑음,교차로 - 교차로안,승용,여,65세,상해없음,승용,남,40세,중상
2017122800100221,2017년 12월 28일 12시,목요일,울산광역시 울주군 삼남면,경상사고,0,0,1,0,차량단독 - 기타,안전운전불이행,건조,맑음,단일로 - 기타,승합,남,63세,상해없음,,,,
2017122800100244,2017년 12월 28일 13시,목요일,울산광역시 중구 우정동,경상사고,0,0,1,0,차대차 - 측면충돌,신호위반,건조,맑음,교차로 - 교차로안,승용,여,37세,상해없음,원동기,남,87세,경상
2017122800100318,2017년 12월 28일 16시,목요일,울산광역시 울주군 범서읍,경상사고,0,0,1,0,차대사람 - 차도통행중,교차로운행방법위반,건조,맑음,교차로 - 교차로안,승용,여,39세,상해없음,보행자,남,9세,경상
2017122800100435,2017년 12월 28일 19시,목요일,울산광역시 동구 방어동,중상사고,0,1,0,0,차대사람 - 보도통행중,보행자보호의무위반,건조,맑음,교차로 - 교차로안,승용,여,56세,상해없음,보행자,남,72세,중상
2017122800100515,2017년 12월 28일 22시,목요일,울산광역시 남구 달동,중상사고,0,1,0,0,차대사람 - 횡단중,안전운전불이행,건조,맑음,단일로 - 기타,승용,여,25세,상해없음,보행자,여,49세,중상
2017122800100516,2017년 12월 28일 22시,목요일,울산광역시 울주군 온산읍,중상사고,0,1,0,0,차대사람 - 기타,안전운전불이행,건조,맑음,단일로 - 기타,승용,남,56세,상해없음,보행자,여,24세,중상
2017122800100537,2017년 12월 28일 23시,목요일,울산광역시 울주군 삼남면,경상사고,0,0,1,0,차량단독 - 전도전복,안전운전불이행,건조,맑음,단일로 - 기타,승용,남,64세,경상,미분류,미분류,미분류,미분류
2017122900100082,2017년 12월 29일 02시,금요일,울산광역시 남구 무거동,중상사고,0,1,0,0,차량단독 - 기타,안전운전불이행,건조,맑음,교차로 - 교차로부근,승용,남,30세,중상,,,,
2017122900100120,2017년 12월 29일 06시,금요일,울산광역시 울주군 온산읍,경상사고,0,0,1,0,차대차 - 측면충돌,신호위반,건조,맑음,단일로 - 기타,이륜,남,55세,경상,승용,남,35세,상해없음
2017122900100177,2017년 12월 29일 08시,금요일,울산광역시 울주군 서생면,경상사고,0,0,1,0,차대차 - 기타,중앙선침범,건조,맑음,단일로 - 기타,원동기,남,63세,경상,승용,남,59세,상해없음
2017122900100196,2017년 12월 29일 09시,금요일,울산광역시 남구 삼산동,중상사고,0,2,2,0,차대차 - 측면충돌,교차로운행방법위반,건조,맑음,교차로 - 교차로안,승용,여,62세,상해없음,승용,여,55세,경상
2017122900100250,2017년 12월 29일 11시,금요일,울산광역시 북구 천곡동,경상사고,0,0,1,0,차대사람 - 횡단중,보행자보호의무위반,건조,맑음,교차로 - 교차로횡단보도내,승용,남,74세,상해없음,보행자,여,14세,경상
2017122900100251,2017년 12월 29일 11시,금요일,울산광역시 남구 신정동,경상사고,0,0,1,0,차대차 - 측면충돌,안전운전불이행,건조,맑음,교차로 - 교차로안,승용,여,57세,상해없음,승용,여,62세,경상
2017122900100297,2017년 12월 29일 13시,금요일,울산광역시 울주군 범서읍,경상사고,0,0,1,0,차대차 - 측면충돌,안전운전불이행,건조,맑음,단일로 - 기타,승용,여,38세,상해없음,화물,남,25세,경상
2017122900100435,2017년 12월 29일 17시,금요일,울산광역시 북구 매곡동,중상사고,0,1,0,0,차대차 - 기타,안전거리미확보,건조,맑음,단일로 - 기타,화물,남,63세,상해없음,이륜,남,29세,중상
2017122900100436,2017년 12월 29일 17시,금요일,울산광역시 중구 남외동,경상사고,0,0,1,0,차량단독 - 기타,기타,건조,맑음,단일로 - 기타,승합,남,43세,상해없음,,,,
2017122900100437,2017년 12월 29일 17시,금요일,울산광역시 동구 방어동,중상사고,0,1,0,0,차대차 - 측면충돌,신호위반,건조,맑음,교차로 - 교차로안,화물,남,52세,상해없음,원동기,남,66세,중상
2017122900100438,2017년 12월 29일 17시,금요일,울산광역시 울주군 언양읍,경상사고,0,0,1,0,차대차 - 기타,안전운전불이행,건조,맑음,교차로 - 교차로안,승용,남,33세,상해없음,승용,남,27세,경상
2017122900100547,2017년 12월 29일 19시,금요일,울산광역시 남구 신정동,경상사고,0,0,1,0,차대차 - 측면충돌,신호위반,건조,맑음,교차로 - 교차로안,화물,남,58세,상해없음,승용,남,65세,경상
2017122900100579,2017년 12월 29일 20시,금요일,울산광역시 중구 우정동,중상사고,0,1,0,0,차대차 - 기타,직진우회전진행방해,건조,맑음,교차로 - 교차로안,승용,남,28세,상해없음,승합,남,43세,상해없음
2017122900100580,2017년 12월 29일 20시,금요일,울산광역시 남구 삼산동,경상사고,0,0,1,0,차대차 - 추돌,안전운전불이행,건조,맑음,단일로 - 기타,승용,남,36세,상해없음,승용,남,59세,경상
2017122900100625,2017년 12월 29일 21시,금요일,울산광역시 남구 달동,중상사고,0,1,0,0,차대차 - 측면충돌,교차로운행방법위반,건조,맑음,교차로 - 교차로안,승용,여,52세,상해없음,승용,남,36세,상해없음
2017122900100668,2017년 12월 29일 22시,금요일,울산광역시 울주군 범서읍,경상사고,0,0,1,0,차대차 - 측면충돌,안전운전불이행,건조,맑음,단일로 - 기타,승용,남,38세,경상,기타불명,기타불명,미분류,기타불명
2017122900100701,2017년 12월 29일 23시,금요일,울산광역시 남구 삼산동,중상사고,0,2,1,0,차대차 - 추돌,안전운전불이행,건조,맑음,단일로 - 기타,승용,남,24세,상해없음,승용,남,61세,경상
2017123000100051,2017년 12월 30일 00시,토요일,울산광역시 중구 태화동,경상사고,0,0,1,0,차대차 - 측면충돌,차로위반,건조,맑음,단일로 - 기타,승용,남,29세,상해없음,승용,남,43세,경상
2017123000100052,2017년 12월 30일 00시,토요일,울산광역시 남구 신정동,중상사고,0,1,0,0,차대사람 - 횡단중,안전운전불이행,건조,맑음,단일로 - 기타,승용,남,49세,상해없음,보행자,여,51세,중상
2017123000100078,2017년 12월 30일 01시,토요일,울산광역시 남구 무거동,경상사고,0,0,1,0,차대사람 - 횡단중,안전운전불이행,건조,맑음,교차로 - 교차로안,승용,남,53세,상해없음,보행자,남,24세,경상
2017123000100098,2017년 12월 30일 02시,토요일,울산광역시 남구 선암동,중상사고,0,1,1,0,차대차 - 추돌,안전운전불이행,건조,맑음,교차로 - 교차로부근,승용,여,50세,상해없음,승용,남,66세,경상
2017123000100117,2017년 12월 30일 03시,토요일,울산광역시 남구 삼산동,경상사고,0,0,2,0,차대차 - 추돌,안전운전불이행,건조,맑음,단일로 - 기타,승용,남,29세,상해없음,승용,남,37세,경상
2017123000100192,2017년 12월 30일 09시,토요일,울산광역시 중구 우정동,경상사고,0,0,1,0,차대차 - 측면충돌,신호위반,건조,맑음,교차로 - 교차로안,승용,남,50세,상해없음,승용,남,46세,경상
2017123000100210,2017년 12월 30일 10시,토요일,울산광역시 중구 반구동,중상사고,0,1,0,0,차대차 - 기타,안전운전불이행,건조,맑음,단일로 - 기타,승용,여,24세,상해없음,승합,남,40세,상해없음
2017123000100298,2017년 12월 30일 15시,토요일,울산광역시 울주군 두동면,부상신고사고,0,0,0,1,차대차 - 측면충돌,중앙선침범,건조,맑음,단일로 - 기타,이륜,남,65세,부상신고,승용,여,44세,상해없음
2017123000100350,2017년 12월 30일 17시,토요일,울산광역시 남구 야음동,중상사고,0,1,0,0,차대사람 - 횡단중,안전운전불이행,건조,맑음,단일로 - 기타,승용,여,58세,기타불명,보행자,여,68세,중상
2017123000100385,2017년 12월 30일 18시,토요일,울산광역시 울주군 웅촌면,경상사고,0,0,1,0,차대차 - 측면충돌,신호위반,건조,맑음,교차로 - 교차로안,승용,여,61세,상해없음,승용,여,48세,경상
2017123000100407,2017년 12월 30일 19시,토요일,울산광역시 남구 삼산동,경상사고,0,0,1,0,차대차 - 측면충돌,교차로운행방법위반,건조,맑음,교차로 - 교차로안,승용,여,55세,상해없음,승용,여,56세,경상
2017123000100456,2017년 12월 30일 21시,토요일,울산광역시 중구 다운동,경상사고,0,0,1,0,차대차 - 측면충돌,안전거리미확보,건조,맑음,단일로 - 기타,승용,남,63세,상해없음,이륜,남,17세,경상
2017123000100457,2017년 12월 30일 21시,토요일,울산광역시 남구 신정동,경상사고,0,0,1,0,차대사람 - 기타,안전운전불이행,건조,맑음,단일로 - 기타,승합,남,38세,상해없음,보행자,남,64세,경상
2017123000100482,2017년 12월 30일 22시,토요일,울산광역시 중구 남외동,경상사고,0,0,1,0,차대차 - 측면충돌,교차로운행방법위반,건조,맑음,교차로 - 교차로안,승용,남,31세,상해없음,승용,여,39세,경상
2017123000100507,2017년 12월 30일 23시,토요일,울산광역시 중구 반구동,경상사고,0,0,1,0,차대차 - 측면충돌,안전거리미확보,건조,맑음,교차로 - 교차로부근,승용,남,63세,상해없음,이륜,남,18세,경상
2017123100100067,2017년 12월 31일 02시,일요일,울산광역시 중구 서동,경상사고,0,0,1,0,차대차 - 기타,안전운전불이행,건조,맑음,단일로 - 기타,화물,남,52세,상해없음,승용,남,41세,경상
2017123100100177,2017년 12월 31일 11시,일요일,울산광역시 중구 동동,부상신고사고,0,0,0,1,차대차 - 기타,안전운전불이행,건조,맑음,교차로 - 교차로안,이륜,남,52세,부상신고,승용,남,49세,상해없음
2017123100100244,2017년 12월 31일 14시,일요일,울산광역시 중구 복산동,경상사고,0,0,2,0,차대차 - 기타,안전거리미확보,건조,맑음,교차로 - 교차로안,승용,남,58세,상해없음,승합,남,50세,경상
2017123100100245,2017년 12월 31일 14시,일요일,울산광역시 북구 연암동,경상사고,0,0,2,0,차대차 - 측면충돌,신호위반,건조,맑음,교차로 - 교차로안,이륜,남,37세,경상,승용,여,64세,경상
2017123100100292,2017년 12월 31일 16시,일요일,울산광역시 울주군 삼남면,부상신고사고,0,0,0,1,차대사람 - 차도통행중,안전운전불이행,건조,맑음,단일로 - 기타,승용,남,71세,상해없음,보행자,여,26세,부상신고
2017123100100311,2017년 12월 31일 17시,일요일,울산광역시 북구 진장동,경상사고,0,0,2,0,차대차 - 추돌,안전운전불이행,건조,맑음,단일로 - 기타,승용,남,44세,상해없음,승용,여,27세,경상
2017123100100312,2017년 12월 31일 17시,일요일,울산광역시 남구 신정동,중상사고,0,1,0,0,차대사람 - 횡단중,보행자보호의무위반,건조,맑음,교차로 - 교차로안,승용,남,63세,상해없음,보행자,남,66세,중상
2017123100100351,2017년 12월 31일 18시,일요일,울산광역시 동구 일산동,경상사고,0,0,1,0,차대차 - 정면충돌,신호위반,건조,맑음,교차로 - 교차로안,이륜,남,25세,경상,승용,여,42세,상해없음
2017123100100461,2017년 12월 31일 23시,일요일,울산광역시 울주군 웅촌면,중상사고,0,1,1,0,차대차 - 측면충돌,중앙선침범,건조,맑음,단일로 - 기타,승용,남,22세,상해없음,승용,여,48세,중상